run,subject_id,n_trials,held_out_sample_signature,accuracy,balanced_accuracy,macro_f1
baseline_csp_lda,1,159,f0f374bdb65b66270143f95dc883ff969bbca21a7e5840b18447387543374c12,0.5660377358490566,0.25,0.18072289156626506
baseline_csp_lda,2,156,0b5b52118db02c845fddd933ac2b00078b23b6fb2a5e1f2c95cf24aef6dced80,0.5769230769230769,0.25,0.18292682926829268
baseline_csp_lda,3,159,a465948981873e5775ad5dc9ee08251b1cb82e5bf67c7d2f94a06cb4b1373606,0.5660377358490566,0.25,0.18072289156626506
baseline_csp_lda,4,158,73e74f0988741323d2fd50ae3a4c4534c01ae03ed4d6b699cf2fdd0c95bd7f6f,0.5759493670886076,0.26136363636363635,0.20392536525259636
baseline_csp_lda,5,157,8d30e94def8e08e4f183ea3e491ee18d083b574f97bffc87cd1a459cf43ac742,0.5732484076433121,0.25,0.18218623481781376
baseline_csp_lda,6,158,c2f828a0a81089c4ec546c097339e134e8b1408bb1d64daaa3426d5e00d4260b,0.569620253164557,0.25,0.1814516129032258
baseline_csp_lda,7,158,72998d66d8da405531c4cb78589f297e8d2dc37c0e7b2a975e6bbb47204e2106,0.569620253164557,0.25,0.1814516129032258
baseline_csp_lda,8,157,ec434ac1fd1c0c2c1cd7b7cd2ebe5a1ff21ade5ec2d4a9fca69a73d618d8e0f2,0.5732484076433121,0.25,0.18218623481781376
baseline_csp_lda,9,157,8b8bc6111e6e30a4378aefeb7a8cdf57f737128c78208597bbe285a882bd785a,0.5732484076433121,0.25,0.18218623481781376
baseline_csp_lda,10,157,dcb2a55a0c36a61a9c8541cedc78686ba125bae920cdaf3b708c5a58ad9e96f0,0.5732484076433121,0.25,0.18218623481781376
baseline_csp_lda,11,158,b7c137e62da531d94ce4877362c930a5fb1054daa4bda94eff7df999321bd413,0.569620253164557,0.25,0.1814516129032258
baseline_csp_lda,12,158,fef32dd3c5eedd68618520025506b930db3486be2a81c8891af0227165f73160,0.569620253164557,0.25,0.18218623481781376
baseline_csp_lda,13,158,635776fc6ffdd53c204a95a2786cb7565635d88287173e7c2a34f1d0c43991c1,0.569620253164557,0.25,0.1814516129032258
baseline_csp_lda,14,156,f9c49c03899f165aededea9503edd0affe516a9d4314bfa2a919fec0b52cc858,0.5833333333333334,0.2608695652173913,0.20450680272108845
baseline_csp_lda,15,158,a290f46872d32914bdec63cf75b37a3bed5b04ec3190352ec5b28e2f47146393,0.569620253164557,0.25,0.1814516129032258
baseline_csp_lda,16,156,7638737754e7ce4b31ca13661b680055431b8e5f05062418ca6b6179dd14756f,0.5769230769230769,0.25,0.18292682926829268
baseline_csp_lda,17,156,0d2e7d83e2af72f2bf3acf6b893d7513ce3d4e296994790540309dcc11a6d6a6,0.5769230769230769,0.25,0.18292682926829268
baseline_csp_lda,18,158,c0141666680d88f39716f84cd850dff30ac5d7a1090d61b7d2b3dcaadbfe464f,0.569620253164557,0.25,0.1814516129032258
baseline_csp_lda,19,158,420d110ff10f1ac32e9e615a40c18d708a36d10df32e892e1362dec6aa163120,0.5632911392405063,0.27248572683355293,0.23400560224089634
baseline_csp_lda,20,157,79492e9ad59ea258dfed0026a2f2b085db25472cdfc0b4765513c633136fef08,0.5732484076433121,0.25,0.18218623481781376
baseline_csp_lda,21,156,195c9a4715ab76d642d2b6bd5f4fe4ea4210ae48c7868839248ee747faa0a8ca,0.4807692307692308,0.2265873015873016,0.18942867219185328
baseline_csp_lda,22,159,cc762e1403ec119d7e76ae305a184fbdfaec55a7fe6c30f12989c36301f6cb9e,0.5660377358490566,0.25,0.18072289156626506
baseline_csp_lda,23,157,23c3f3ca9710b672d70f19eb0f609e0e322934847747f485cd1cb0b5b0780a11,0.5732484076433121,0.25,0.18218623481781376
baseline_csp_lda,24,158,bea816d44836810f382adb5363722274bc3cf4552741c51baa9ff3cf8bbfc4cd,0.569620253164557,0.25,0.1814516129032258
baseline_csp_lda,25,156,0dd93b2539b82ca64fe434df01185e6b9c2bc2f11e8362aad6f263547b4b734c,0.5769230769230769,0.25,0.18292682926829268
baseline_csp_lda,26,159,14e31386e0570d367d9bf7e424636871085aa5d3ed5329db7c86a553ab4d8fb4,0.5660377358490566,0.25,0.18072289156626506
baseline_csp_lda,27,158,ff3b33c2a275cce53908904c4cb548e8f5ea96745bcb172a1e990645539b37ad,0.569620253164557,0.25,0.1814516129032258
baseline_csp_lda,28,157,9d581e872a3dc1381bdd9c8bd841991f21475052eda0c1b01666fca4e0c0ebf7,0.5732484076433121,0.25,0.18218623481781376
baseline_csp_lda,29,158,0dfa42cb21e283bfa78b66f5e829fdc15f664454d6aa91bc8f9e6e330e73d583,0.569620253164557,0.25,0.1814516129032258
baseline_csp_lda,30,156,d82f870da5ffebcaa0f56ea50876f4c5bfeaff1d35429438348368c993bd38fb,0.5833333333333334,0.2604166666666667,0.2036734693877551
baseline_csp_lda,31,157,25a6ff834addf2ea143b25b0d0264ad48b8d9b2b7cc373698f50ed75a22bfe1e,0.5732484076433121,0.25,0.18218623481781376
baseline_csp_lda,32,158,1704ee301fb550f9fa540aa1ae745332b76b7270e8d1ec8f4b3dd0d57a4aeb53,0.569620253164557,0.25,0.1814516129032258
baseline_csp_lda,33,158,250b427d3042682e624d397fc6453373f38f74e172cc81a1eccaab381e69d43d,0.569620253164557,0.25,0.1814516129032258
baseline_csp_lda,34,154,652ac94695799bdf51ac4406af328465f9f092eb1962f0ecf23ab93b4d4c35ad,0.5844155844155844,0.25,0.18442622950819673
baseline_csp_lda,35,156,1cbec336ef4d6d2e6e3bfec0b90fd322be71757b3d9c5c3ed0dba897e5a59947,0.5769230769230769,0.25,0.18292682926829268
baseline_csp_lda,36,158,67afb2a1ac68e66a76f56157b4eb4a8ccea4fbeafc5864d1951d4b9c9640621c,0.569620253164557,0.25,0.1814516129032258
baseline_csp_lda,37,154,5fdc52b1f738a00655c51cfce62ff37250f0f630e83874560d991b81f5042052,0.43506493506493504,0.2633838383838384,0.21248674443266172
baseline_csp_lda,38,157,87a1d240786fb6c821fe2efb5e0884f625290c8b28280c98e0cac146d0b7877d,0.5732484076433121,0.25,0.18218623481781376
baseline_csp_lda,39,157,19343df9087950448f724ef134bb9d10feb9e09568652d777e0fcdc9a79c5d3a,0.5732484076433121,0.25,0.18218623481781376
baseline_csp_lda,40,158,78f3dca5442ed8ddd771eb796512543084c6e72a99cedfc27df7c7604d339492,0.569620253164557,0.25,0.1814516129032258
baseline_csp_lda,41,156,b9866128581e65f35eed50264dd210b1a57901efac94cc77d1923a942ae16db6,0.5769230769230769,0.25,0.18292682926829268
baseline_csp_lda,42,156,fc9cc0311ad3daa5f95c40ef97aa6cd6907edb2e7d4ac6eed359e3d51478fff3,0.5769230769230769,0.25,0.18292682926829268
baseline_csp_lda,44,157,32d4c889b4881f2bbbb8b9722cb77d3d16830331dbaed85ffa3d08aa2ccdf61c,0.5732484076433121,0.25,0.18218623481781376
baseline_csp_lda,45,156,c09ea4e8e6628680a0ba0c5a5c4d3cbb9097f4a09c7136ce7d68d48f3ffc473e,0.5769230769230769,0.25,0.18292682926829268
baseline_csp_lda,46,158,fb06a9ac7cfc6811fbe7741889c1c04f0bed554464c0c0174dfb107c337e92e3,0.569620253164557,0.25,0.1814516129032258
baseline_csp_lda,47,157,0c35844343f8be723cf34d9de36d74c4153edb2508e14229393fe07fcf9709ad,0.5605095541401274,0.25357142857142856,0.19901234567901233
baseline_csp_lda,48,156,327b38709d868763426f7822b69d00eae0669885e3d2d3add965ee7cb49bfefe,0.5769230769230769,0.25,0.18292682926829268
baseline_csp_lda,49,159,4d3f3f9e0f79dd0349c651d437d2dd8849332674e474a5ae0b0f4cd3c910a1ef,0.5660377358490566,0.25,0.18072289156626506
baseline_csp_lda,50,156,4e92b41704b5b076a289095a671d4eddc263fa05f0da778dc0c65f43590a95af,0.5769230769230769,0.25,0.18292682926829268
baseline_csp_lda,51,159,46d293cd1e6059fb96793e365441ab67bb8aacb55d00267561490e53e05f50aa,0.5660377358490566,0.25,0.18072289156626506
baseline_csp_lda,52,158,254bf46edda4932d2f4e1f41b13a6513e0ee840ed6191897591e7a586d60b752,0.569620253164557,0.25,0.1814516129032258
baseline_csp_lda,53,157,cedcb780f1d8977227578d3e87c925f4436464d550bff06fdc1244423191cc50,0.5732484076433121,0.25,0.18218623481781376
baseline_csp_lda,54,157,ae34fb9ac704529e79fb38d78efbec878f3138a8c368ceeb8a83f0349bcce86a,0.5732484076433121,0.25,0.18218623481781376
baseline_csp_lda,55,157,a7629f4527bc1b1e562477afb986e82295ec09fd3fed91b59c36cfba8e6d3ead,0.5732484076433121,0.25,0.18218623481781376
baseline_csp_lda,56,157,143be3c310281cf95d243c515106a993bc5e303ff855b6018da11db4493b7009,0.5796178343949044,0.2608695652173913,0.20376016260162602
baseline_csp_lda,57,158,560bb705274959f046b113aa30e4267cdf67bfe39baafbd463b40059085f2dc3,0.569620253164557,0.25,0.1814516129032258
baseline_csp_lda,58,157,ee221c396349fd192f4b6561d87571bda83f4644ddc505197460f8d978d9f7f5,0.554140127388535,0.2507936507936508,0.19733893557422968
baseline_csp_lda,59,158,50106a38a71ff293bb4192dd480e38e9932bc4a544c19bccb71410e1a1ccec8e,0.569620253164557,0.25,0.1814516129032258
baseline_csp_lda,60,159,a3a1c3b0b4a609dd3af8aec6d657a81eeb1a579ab2e54d6dbbb84fb376be9732,0.5660377358490566,0.25,0.18072289156626506
baseline_csp_lda,61,156,ed0ce21af41cd8430d058fdad11c4f21b71636e54a1def8671d304ccc49e5b08,0.5769230769230769,0.25,0.18292682926829268
baseline_csp_lda,62,157,e6cffdcb1d55c69c4a2717074ddd09722e4309abce7667bbff6bd6e8e4702230,0.5732484076433121,0.25,0.18218623481781376
baseline_csp_lda,63,158,cdfd03c8cb520596b653abbe00cdb28700432617a1e9e1c0e16a584c119e54fb,0.569620253164557,0.25,0.1814516129032258
baseline_csp_lda,64,156,fec136b6b26986339296b7e67a370b60a0ca1c0064edc9b358ed450b4d3ed29e,0.5769230769230769,0.25,0.18292682926829268
baseline_csp_lda,65,158,0d143da414aa13b6994a9eae491bf7ec07f07d184fd4fbb9de35e155b685ec64,0.569620253164557,0.25,0.1814516129032258
baseline_csp_lda,66,158,24ff9eb02511adadd026142b6781176e239b8f3285d1998d2b1e16fdfad18ab9,0.569620253164557,0.25,0.1814516129032258
baseline_csp_lda,67,157,940caf84657e7674b0cb0d12c608bc3408b3bfa3def0cdb552a13df51947f86a,0.5732484076433121,0.25,0.18218623481781376
baseline_csp_lda,68,158,7b3e814e8ea1f64ab4640cc106baa89b2aee5f397c92123106aa5d22502ba8f2,0.569620253164557,0.25,0.1814516129032258
baseline_csp_lda,69,158,249b490abfa5998646ea787074efd0f0096c6758d1ad546eb7da16139ff5cfa8,0.569620253164557,0.25,0.1814516129032258
baseline_csp_lda,70,157,73e0fd72f6c1ac6793b1e52a472f9f5072ee0742a62ca09b306d8364444d8f32,0.5732484076433121,0.25,0.18218623481781376
baseline_csp_lda,71,157,c325e5bcf6b468535834dab9018976cc159ae9c10de88bb652e9ef4a3c3c09b8,0.5732484076433121,0.25,0.18218623481781376
baseline_csp_lda,72,154,c3a4f7e32ff0fbd7d4a0e7db6e3d82382f7d79c96d803e8b19ec2aff8e1c73a1,0.5909090909090909,0.2619047619047619,0.2079124579124579
baseline_csp_lda,73,153,ba20816828c6a955f16a698597e9acdbc0cbe11c28467a1a591e343c51853a0d,0.5882352941176471,0.25,0.18518518518518517
baseline_csp_lda,74,154,9598372f8fc378d394fc11af80977386e0b86c9a55dc65f058767af396672a35,0.5844155844155844,0.25,0.18442622950819673
baseline_csp_lda,75,159,7c1cbde36592800b343f641f6f27c3c31ad5a24f9d86f59399352689f41fda05,0.5660377358490566,0.25,0.18072289156626506
baseline_csp_lda,76,153,98bc520f09f12c0000d8b3418173f321e74bd17f189314ef3c288bd9888d319e,0.1503267973856209,0.2373015873015873,0.07750478424594111
baseline_csp_lda,77,158,40e5dc157d4e182394bc15f5d11e66df8cc0f2d200e00176b9824ffeaa63f829,0.569620253164557,0.25,0.1814516129032258
baseline_csp_lda,78,158,4b625b01c114cf21338b4d7ff0aa7a985c6cf806f9d4baa1c1e6e07f3c9094d3,0.569620253164557,0.25,0.1814516129032258
baseline_csp_lda,79,159,20e6c6b2fe501d11255fbf0e3e98086c478e25e6611a2a7ab7ce76719a0ec03a,0.5660377358490566,0.25,0.18072289156626506
baseline_csp_lda,80,156,3b0f7aab843de5b71471c0153ee8f9f9f31128e933224efef6234783e1205c1c,0.5769230769230769,0.25,0.18292682926829268
baseline_csp_lda,81,158,cfeaf253ef337cfb1532148d6688c997d49e1659ec4c0ad7693330822061ec23,0.569620253164557,0.25,0.1814516129032258
baseline_csp_lda,82,156,2635a0df764a2c85c22cb04a6df79f532556cfa17e2bd47450494632f34cbd69,0.5769230769230769,0.2585858585858586,0.2031275720164609
baseline_csp_lda,83,158,f25c46fd679f019d8fcb18fa3fa425785a4b73b09289de98764ae64763ec556a,0.569620253164557,0.25,0.1814516129032258
baseline_csp_lda,84,158,9b1f189530b1b5963e40c18df61af0aace5e8efa996dcfe5240d816519aadfd6,0.569620253164557,0.25,0.1814516129032258
baseline_csp_lda,85,157,8250532f56b065e3d27a221ba57d1649cf018d83edca5840f71cbd6d7f83589a,0.5732484076433121,0.25,0.18218623481781376
baseline_csp_lda,86,159,41571d1afe7b2e66e17798874869545ac6297955e70dccad7db0144ebd882179,0.5660377358490566,0.25,0.18072289156626506
baseline_csp_lda,87,157,55ad47fd220f7d0307389a4991d250ec05c7c30a170c321a1b69d749117339c6,0.5732484076433121,0.25,0.18218623481781376
baseline_csp_lda,90,158,8a7d9027df54d6ed813c5a441203642f92fc71a233247137e716ab0f2be37f7d,0.569620253164557,0.25,0.1814516129032258
baseline_csp_lda,91,158,2ba8409bd6ebcc4a4b934e9f2ef515bab9f14b8e419509aaed1c8348e04d8b0b,0.569620253164557,0.25,0.1814516129032258
baseline_csp_lda,93,157,4b171574850cf59edae9783ecc5b8a6e5e31285b08891c7cf921f31661968414,0.5732484076433121,0.25,0.18218623481781376
baseline_csp_lda,94,158,d7ababb6686700237bcae59fa707ff53b8279d19ab235fa1784543761e9d4a92,0.569620253164557,0.25,0.1814516129032258
baseline_csp_lda,95,158,046a5496c6e44037396f4465891283c1d1d1567b5b65415e24684c2b076223bf,0.569620253164557,0.25,0.1814516129032258
baseline_csp_lda,96,159,76d47bd905e75fd08f990055045cd0e9898b1638fa86600d9f8ede715389e2ca,0.5660377358490566,0.25,0.18072289156626506
baseline_csp_lda,97,157,c637865a6d4cdf64bf41afac4696e071d9b628503b76e24cd97de8b7d5846b3c,0.5732484076433121,0.25,0.18218623481781376
baseline_csp_lda,98,159,77c20773e2b3eb78ce5c0f017be3547ac1eeac74388a167ff6eefa847674ba8b,0.5660377358490566,0.25,0.18072289156626506
baseline_csp_lda,99,159,37a01d1cb1e0602f0b064f6af3dd3eacba03b061b758a77739a409ba0a074355,0.5534591194968553,0.24444444444444444,0.17813765182186234
baseline_csp_lda,101,156,4e3628ae01b799524340b14b3ff090a50207e63a45e384b6fe63b537e853d33f,0.5769230769230769,0.25,0.18292682926829268
baseline_csp_lda,102,154,31b3f297a856d793fa66cef18cfa2739e78116ee34ab9fcd8d090fb251f9ef22,0.5844155844155844,0.25,0.18442622950819673
baseline_csp_lda,103,158,f38b966e739ae8583b164c236632188c0f9952e81261baee509aa002c555fe20,0.569620253164557,0.25,0.1814516129032258
baseline_csp_lda,105,156,89adde456b0f1ccf1fd165125603905c0339ede8c39050c3102ae76fb4c7301a,0.5769230769230769,0.25,0.18292682926829268
baseline_csp_lda,106,157,b9c948da90fd49d3da76b364d94243b22c39ace5d61b7b7f22dd015a46528641,0.5732484076433121,0.25,0.18218623481781376
baseline_csp_lda,107,158,0f3fa893f05476ffe27a45498f98f724b91a56ff51b3e424ddd42fa71229b21e,0.569620253164557,0.26825396825396824,0.22032786885245903
baseline_csp_lda,108,158,d6b72f176a93aaa80c91f40530e15c3a56c44b73efe9ac49c7fa633c74343cb1,0.569620253164557,0.25,0.1814516129032258
baseline_csp_lda,109,157,887398fc40c3b0c5646c24dad9bdcf91d8295edaf736071158afd4913aa11768,0.5668789808917197,0.24722222222222223,0.18089430894308944
kernel_k11,1,159,f0f374bdb65b66270143f95dc883ff969bbca21a7e5840b18447387543374c12,0.7610062893081762,0.6544493851559069,0.6551149114616607
kernel_k11,2,156,0b5b52118db02c845fddd933ac2b00078b23b6fb2a5e1f2c95cf24aef6dced80,0.7051282051282052,0.5448067632850242,0.5950914423740511
kernel_k11,3,159,a465948981873e5775ad5dc9ee08251b1cb82e5bf67c7d2f94a06cb4b1373606,0.6855345911949685,0.5840332674571805,0.5798962052895964
kernel_k11,4,158,73e74f0988741323d2fd50ae3a4c4534c01ae03ed4d6b699cf2fdd0c95bd7f6f,0.8291139240506329,0.7768774703557313,0.7782770800627944
kernel_k11,5,157,8d30e94def8e08e4f183ea3e491ee18d083b574f97bffc87cd1a459cf43ac742,0.6114649681528662,0.5186958874458873,0.5182417582417582
kernel_k11,6,158,c2f828a0a81089c4ec546c097339e134e8b1408bb1d64daaa3426d5e00d4260b,0.6962025316455697,0.6736283643892339,0.6350211283267848
kernel_k11,7,158,72998d66d8da405531c4cb78589f297e8d2dc37c0e7b2a975e6bbb47204e2106,0.8607594936708861,0.8003403601229688,0.8043936462682008
kernel_k11,8,157,ec434ac1fd1c0c2c1cd7b7cd2ebe5a1ff21ade5ec2d4a9fca69a73d618d8e0f2,0.6496815286624203,0.5793917435221783,0.5675287356321839
kernel_k11,9,157,8b8bc6111e6e30a4378aefeb7a8cdf57f737128c78208597bbe285a882bd785a,0.6624203821656051,0.639556277056277,0.6198478574333568
kernel_k11,10,157,dcb2a55a0c36a61a9c8541cedc78686ba125bae920cdaf3b708c5a58ad9e96f0,0.7707006369426752,0.6789321789321788,0.6879914017532653
kernel_k11,11,158,b7c137e62da531d94ce4877362c930a5fb1054daa4bda94eff7df999321bd413,0.5569620253164557,0.4916447079490558,0.44417083593912865
kernel_k11,12,158,fef32dd3c5eedd68618520025506b930db3486be2a81c8891af0227165f73160,0.6329113924050633,0.5345755693581781,0.5479795313357427
kernel_k11,13,158,635776fc6ffdd53c204a95a2786cb7565635d88287173e7c2a34f1d0c43991c1,0.7215189873417721,0.6305775142731664,0.6283661529114993
kernel_k11,14,156,f9c49c03899f165aededea9503edd0affe516a9d4314bfa2a919fec0b52cc858,0.6602564102564102,0.581159420289855,0.5750703598798736
kernel_k11,15,158,a290f46872d32914bdec63cf75b37a3bed5b04ec3190352ec5b28e2f47146393,0.8354430379746836,0.8443895476504172,0.8094664727043975
kernel_k11,16,156,7638737754e7ce4b31ca13661b680055431b8e5f05062418ca6b6179dd14756f,0.6666666666666666,0.4508203149507497,0.4739837398373984
kernel_k11,17,156,0d2e7d83e2af72f2bf3acf6b893d7513ce3d4e296994790540309dcc11a6d6a6,0.7564102564102564,0.6096053704749357,0.6513497940831979
kernel_k11,18,158,c0141666680d88f39716f84cd850dff30ac5d7a1090d61b7d2b3dcaadbfe464f,0.9113924050632911,0.8782169521299956,0.8863300850559633
kernel_k11,19,158,420d110ff10f1ac32e9e615a40c18d708a36d10df32e892e1362dec6aa163120,0.7215189873417721,0.6048199385155907,0.6148147882401549
kernel_k11,20,157,79492e9ad59ea258dfed0026a2f2b085db25472cdfc0b4765513c633136fef08,0.8471337579617835,0.7721783047870004,0.7722750647521814
kernel_k11,21,156,195c9a4715ab76d642d2b6bd5f4fe4ea4210ae48c7868839248ee747faa0a8ca,0.6666666666666666,0.4610119047619048,0.487872029134165
kernel_k11,22,159,cc762e1403ec119d7e76ae305a184fbdfaec55a7fe6c30f12989c36301f6cb9e,0.8301886792452831,0.7537741545893719,0.7526586186461739
kernel_k11,23,157,23c3f3ca9710b672d70f19eb0f609e0e322934847747f485cd1cb0b5b0780a11,0.7070063694267515,0.5604743083003952,0.5744456256457094
kernel_k11,24,158,bea816d44836810f382adb5363722274bc3cf4552741c51baa9ff3cf8bbfc4cd,0.5506329113924051,0.35593983311374616,0.31149400058530874
kernel_k11,25,156,0dd93b2539b82ca64fe434df01185e6b9c2bc2f11e8362aad6f263547b4b734c,0.6089743589743589,0.4375117635987201,0.44605245639728397
kernel_k11,26,159,14e31386e0570d367d9bf7e424636871085aa5d3ed5329db7c86a553ab4d8fb4,0.5974842767295597,0.35386904761904764,0.36025990731280105
kernel_k11,27,158,ff3b33c2a275cce53908904c4cb548e8f5ea96745bcb172a1e990645539b37ad,0.6835443037974683,0.6033487044356609,0.5965419832456653
kernel_k11,28,157,9d581e872a3dc1381bdd9c8bd841991f21475052eda0c1b01666fca4e0c0ebf7,0.6624203821656051,0.49050285463328935,0.5044563279857398
kernel_k11,29,158,0dfa42cb21e283bfa78b66f5e829fdc15f664454d6aa91bc8f9e6e330e73d583,0.6962025316455697,0.5572024593763725,0.533641623564478
kernel_k11,30,156,d82f870da5ffebcaa0f56ea50876f4c5bfeaff1d35429438348368c993bd38fb,0.6923076923076923,0.5801587301587301,0.5852479600677993
kernel_k11,31,157,25a6ff834addf2ea143b25b0d0264ad48b8d9b2b7cc373698f50ed75a22bfe1e,0.6114649681528662,0.46167105841018885,0.47349355295151413
kernel_k11,32,158,1704ee301fb550f9fa540aa1ae745332b76b7270e8d1ec8f4b3dd0d57a4aeb53,0.8924050632911392,0.8154114906832297,0.8494493707093821
kernel_k11,33,158,250b427d3042682e624d397fc6453373f38f74e172cc81a1eccaab381e69d43d,0.7341772151898734,0.5861001317523056,0.5942399569342575
kernel_k11,34,154,652ac94695799bdf51ac4406af328465f9f092eb1962f0ecf23ab93b4d4c35ad,0.7012987012987013,0.5855699855699855,0.5881974657584413
kernel_k11,35,156,1cbec336ef4d6d2e6e3bfec0b90fd322be71757b3d9c5c3ed0dba897e5a59947,0.9038461538461539,0.8434704184704185,0.8512671179841154
kernel_k11,36,158,67afb2a1ac68e66a76f56157b4eb4a8ccea4fbeafc5864d1951d4b9c9640621c,0.7151898734177216,0.5358256477821695,0.5563195629907819
kernel_k11,37,154,5fdc52b1f738a00655c51cfce62ff37250f0f630e83874560d991b81f5042052,0.6948051948051948,0.6026695526695527,0.5924868168452772
kernel_k11,38,157,87a1d240786fb6c821fe2efb5e0884f625290c8b28280c98e0cac146d0b7877d,0.4267515923566879,0.31391084760649973,0.30256876115285175
kernel_k11,39,157,19343df9087950448f724ef134bb9d10feb9e09568652d777e0fcdc9a79c5d3a,0.643312101910828,0.4559178743961353,0.47050784025771
kernel_k11,40,158,78f3dca5442ed8ddd771eb796512543084c6e72a99cedfc27df7c7604d339492,0.7468354430379747,0.8381383712905452,0.7478659640921548
kernel_k11,41,156,b9866128581e65f35eed50264dd210b1a57901efac94cc77d1923a942ae16db6,0.7628205128205128,0.6594532279314888,0.6751477541371159
kernel_k11,42,156,fc9cc0311ad3daa5f95c40ef97aa6cd6907edb2e7d4ac6eed359e3d51478fff3,0.8012820512820513,0.7035949557688688,0.7178896761133604
kernel_k11,44,157,32d4c889b4881f2bbbb8b9722cb77d3d16830331dbaed85ffa3d08aa2ccdf61c,0.7388535031847133,0.6592336407553798,0.6500046150807961
kernel_k11,45,156,c09ea4e8e6628680a0ba0c5a5c4d3cbb9097f4a09c7136ce7d68d48f3ffc473e,0.7307692307692307,0.5767833615659703,0.5885181603266709
kernel_k11,46,158,fb06a9ac7cfc6811fbe7741889c1c04f0bed554464c0c0174dfb107c337e92e3,0.6012658227848101,0.3958278436539306,0.40302137810170247
kernel_k11,47,157,0c35844343f8be723cf34d9de36d74c4153edb2508e14229393fe07fcf9709ad,0.535031847133758,0.38896103896103895,0.3853200843880556
kernel_k11,48,156,327b38709d868763426f7822b69d00eae0669885e3d2d3add965ee7cb49bfefe,0.6730769230769231,0.6012751741012611,0.5987910636480227
kernel_k11,49,159,4d3f3f9e0f79dd0349c651d437d2dd8849332674e474a5ae0b0f4cd3c910a1ef,0.610062893081761,0.44159530083443127,0.45840120663650075
kernel_k11,50,156,4e92b41704b5b076a289095a671d4eddc263fa05f0da778dc0c65f43590a95af,0.7564102564102564,0.5817774013426187,0.596739913318938
kernel_k11,51,159,46d293cd1e6059fb96793e365441ab67bb8aacb55d00267561490e53e05f50aa,0.660377358490566,0.4366071428571429,0.4743617187294018
kernel_k11,52,158,254bf46edda4932d2f4e1f41b13a6513e0ee840ed6191897591e7a586d60b752,0.7721518987341772,0.6971273291925466,0.683556535077966
kernel_k11,53,157,cedcb780f1d8977227578d3e87c925f4436464d550bff06fdc1244423191cc50,0.8280254777070064,0.8320377689942907,0.7928531825238412
kernel_k11,54,157,ae34fb9ac704529e79fb38d78efbec878f3138a8c368ceeb8a83f0349bcce86a,0.7515923566878981,0.6476174791392182,0.644961938951486
kernel_k11,55,157,a7629f4527bc1b1e562477afb986e82295ec09fd3fed91b59c36cfba8e6d3ead,0.7898089171974523,0.697145366710584,0.7128543499511241
kernel_k11,56,157,143be3c310281cf95d243c515106a993bc5e303ff855b6018da11db4493b7009,0.7006369426751592,0.5157553798858147,0.5377554519962072
kernel_k11,57,158,560bb705274959f046b113aa30e4267cdf67bfe39baafbd463b40059085f2dc3,0.8164556962025317,0.7683574879227053,0.7576839837640306
kernel_k11,58,157,ee221c396349fd192f4b6561d87571bda83f4644ddc505197460f8d978d9f7f5,0.5859872611464968,0.40367965367965364,0.3982244510707509
kernel_k11,59,158,50106a38a71ff293bb4192dd480e38e9932bc4a544c19bccb71410e1a1ccec8e,0.7215189873417721,0.6805339889579021,0.6623522396436213
kernel_k11,60,159,a3a1c3b0b4a609dd3af8aec6d657a81eeb1a579ab2e54d6dbbb84fb376be9732,0.6855345911949685,0.5558876811594202,0.5511940052700922
kernel_k11,61,156,ed0ce21af41cd8430d058fdad11c4f21b71636e54a1def8671d304ccc49e5b08,0.717948717948718,0.5670399648660518,0.5998892527312244
kernel_k11,62,157,e6cffdcb1d55c69c4a2717074ddd09722e4309abce7667bbff6bd6e8e4702230,0.7388535031847133,0.54100790513834,0.5935776818626344
kernel_k11,63,158,cdfd03c8cb520596b653abbe00cdb28700432617a1e9e1c0e16a584c119e54fb,0.6708860759493671,0.4835199824330259,0.5119599961832971
kernel_k11,64,156,fec136b6b26986339296b7e67a370b60a0ca1c0064edc9b358ed450b4d3ed29e,0.6346153846153846,0.46682978856891894,0.472913859647201
kernel_k11,65,158,0d143da414aa13b6994a9eae491bf7ec07f07d184fd4fbb9de35e155b685ec64,0.759493670886076,0.6347308488612836,0.648412494435848
kernel_k11,66,158,24ff9eb02511adadd026142b6781176e239b8f3285d1998d2b1e16fdfad18ab9,0.5316455696202531,0.37237593324549845,0.3608779197162736
kernel_k11,67,157,940caf84657e7674b0cb0d12c608bc3408b3bfa3def0cdb552a13df51947f86a,0.554140127388535,0.48719806763285023,0.46766548724753065
kernel_k11,68,158,7b3e814e8ea1f64ab4640cc106baa89b2aee5f397c92123106aa5d22502ba8f2,0.7531645569620253,0.7106829161176987,0.6909147798384343
kernel_k11,69,158,249b490abfa5998646ea787074efd0f0096c6758d1ad546eb7da16139ff5cfa8,0.6962025316455697,0.5380779848171152,0.566764878127389
kernel_k11,70,157,73e0fd72f6c1ac6793b1e52a472f9f5072ee0742a62ca09b306d8364444d8f32,0.7898089171974523,0.7744180939833114,0.7623572015188909
kernel_k11,71,157,c325e5bcf6b468535834dab9018976cc159ae9c10de88bb652e9ef4a3c3c09b8,0.6815286624203821,0.5579490557751428,0.5828148728280337
kernel_k11,72,154,c3a4f7e32ff0fbd7d4a0e7db6e3d82382f7d79c96d803e8b19ec2aff8e1c73a1,0.6688311688311688,0.5324675324675324,0.5213181648511995
kernel_k11,73,153,ba20816828c6a955f16a698597e9acdbc0cbe11c28467a1a591e343c51853a0d,0.7450980392156863,0.6178571428571428,0.6425412100529213
kernel_k11,74,154,9598372f8fc378d394fc11af80977386e0b86c9a55dc65f058767af396672a35,0.6818181818181818,0.5686507936507936,0.5770624303233
kernel_k11,75,159,7c1cbde36592800b343f641f6f27c3c31ad5a24f9d86f59399352689f41fda05,0.5534591194968553,0.3664388449714537,0.37066975928362067
kernel_k11,76,153,98bc520f09f12c0000d8b3418173f321e74bd17f189314ef3c288bd9888d319e,0.5882352941176471,0.43253968253968256,0.42783208740655554
kernel_k11,77,158,40e5dc157d4e182394bc15f5d11e66df8cc0f2d200e00176b9824ffeaa63f829,0.6962025316455697,0.5684998274672188,0.55012025012025
kernel_k11,78,158,4b625b01c114cf21338b4d7ff0aa7a985c6cf806f9d4baa1c1e6e07f3c9094d3,0.5632911392405063,0.40393061045234957,0.4039143749743084
kernel_k11,79,159,20e6c6b2fe501d11255fbf0e3e98086c478e25e6611a2a7ab7ce76719a0ec03a,0.6163522012578616,0.517344642072903,0.5010982748870834
kernel_k11,80,156,3b0f7aab843de5b71471c0153ee8f9f9f31128e933224efef6234783e1205c1c,0.6794871794871795,0.5534788882614969,0.5498817966903073
kernel_k11,81,158,cfeaf253ef337cfb1532148d6688c997d49e1659ec4c0ad7693330822061ec23,0.7658227848101266,0.634826526130874,0.6645881895881895
kernel_k11,82,156,2635a0df764a2c85c22cb04a6df79f532556cfa17e2bd47450494632f34cbd69,0.6730769230769231,0.5122168893908025,0.5379811962308375
kernel_k11,83,158,f25c46fd679f019d8fcb18fa3fa425785a4b73b09289de98764ae64763ec556a,0.6139240506329114,0.3508563899868248,0.33982558139534885
kernel_k11,84,158,9b1f189530b1b5963e40c18df61af0aace5e8efa996dcfe5240d816519aadfd6,0.6329113924050633,0.476921387790953,0.5043843104187932
kernel_k11,85,157,8250532f56b065e3d27a221ba57d1649cf018d83edca5840f71cbd6d7f83589a,0.7261146496815286,0.5592336407553798,0.5847708741892427
kernel_k11,86,159,41571d1afe7b2e66e17798874869545ac6297955e70dccad7db0144ebd882179,0.8490566037735849,0.8140974967061924,0.8073780203189662
kernel_k11,87,157,55ad47fd220f7d0307389a4991d250ec05c7c30a170c321a1b69d749117339c6,0.5796178343949044,0.39478480456741327,0.40218554393696826
kernel_k11,90,158,8a7d9027df54d6ed813c5a441203642f92fc71a233247137e716ab0f2be37f7d,0.7531645569620253,0.6343983311374616,0.6482372865420681
kernel_k11,91,158,2ba8409bd6ebcc4a4b934e9f2ef515bab9f14b8e419509aaed1c8348e04d8b0b,0.759493670886076,0.6573122529644269,0.6917406449410907
kernel_k11,93,157,4b171574850cf59edae9783ecc5b8a6e5e31285b08891c7cf921f31661968414,0.6242038216560509,0.5415349143610013,0.5299262454416298
kernel_k11,94,158,d7ababb6686700237bcae59fa707ff53b8279d19ab235fa1784543761e9d4a92,0.7974683544303798,0.6901624945103206,0.6992207792207792
kernel_k11,95,158,046a5496c6e44037396f4465891283c1d1d1567b5b65415e24684c2b076223bf,0.6962025316455697,0.5765371102327624,0.5896659187235103
kernel_k11,96,159,76d47bd905e75fd08f990055045cd0e9898b1638fa86600d9f8ede715389e2ca,0.7295597484276729,0.6483229029424682,0.6545192194663217
kernel_k11,97,157,c637865a6d4cdf64bf41afac4696e071d9b628503b76e24cd97de8b7d5846b3c,0.6178343949044586,0.5210913482652614,0.5152722502316743
kernel_k11,98,159,77c20773e2b3eb78ce5c0f017be3547ac1eeac74388a167ff6eefa847674ba8b,0.6540880503144654,0.5182998462889767,0.5062594298053366
kernel_k11,99,159,37a01d1cb1e0602f0b064f6af3dd3eacba03b061b758a77739a409ba0a074355,0.5345911949685535,0.3486550285463329,0.35272090722753097
kernel_k11,101,156,4e3628ae01b799524340b14b3ff090a50207e63a45e384b6fe63b537e853d33f,0.8846153846153846,0.8675528577702492,0.8540594675869531
kernel_k11,102,154,31b3f297a856d793fa66cef18cfa2739e78116ee34ab9fcd8d090fb251f9ef22,0.7467532467532467,0.6871572871572872,0.6734563846182253
kernel_k11,103,158,f38b966e739ae8583b164c236632188c0f9952e81261baee509aa002c555fe20,0.6518987341772152,0.5105182257356171,0.5361499611499612
kernel_k11,105,156,89adde456b0f1ccf1fd165125603905c0339ede8c39050c3102ae76fb4c7301a,0.6987179487179487,0.654915615785181,0.6456533419299377
kernel_k11,106,157,b9c948da90fd49d3da76b364d94243b22c39ace5d61b7b7f22dd015a46528641,0.5923566878980892,0.37907647907647907,0.38086629722837606
kernel_k11,107,158,0f3fa893f05476ffe27a45498f98f724b91a56ff51b3e424ddd42fa71229b21e,0.5379746835443038,0.3511430296756384,0.34366967498714796
kernel_k11,108,158,d6b72f176a93aaa80c91f40530e15c3a56c44b73efe9ac49c7fa633c74343cb1,0.6455696202531646,0.48000658761528325,0.5121733418476293
kernel_k11,109,157,887398fc40c3b0c5646c24dad9bdcf91d8295edaf736071158afd4913aa11768,0.5286624203821656,0.40789415898111553,0.4077636459989401
kernel_k11_13,1,159,f0f374bdb65b66270143f95dc883ff969bbca21a7e5840b18447387543374c12,0.7672955974842768,0.648147233201581,0.6548569786039107
kernel_k11_13,2,156,0b5b52118db02c845fddd933ac2b00078b23b6fb2a5e1f2c95cf24aef6dced80,0.7051282051282052,0.5788443440617353,0.5864946027240293
kernel_k11_13,3,159,a465948981873e5775ad5dc9ee08251b1cb82e5bf67c7d2f94a06cb4b1373606,0.6918238993710691,0.520594532279315,0.5530165912518854
kernel_k11_13,4,158,73e74f0988741323d2fd50ae3a4c4534c01ae03ed4d6b699cf2fdd0c95bd7f6f,0.7974683544303798,0.6710144927536232,0.7099666970487639
kernel_k11_13,5,157,8d30e94def8e08e4f183ea3e491ee18d083b574f97bffc87cd1a459cf43ac742,0.6942675159235668,0.5447330447330447,0.5704022306597057
kernel_k11_13,6,158,c2f828a0a81089c4ec546c097339e134e8b1408bb1d64daaa3426d5e00d4260b,0.7468354430379747,0.7227786404416838,0.6872058710989998
kernel_k11_13,7,158,72998d66d8da405531c4cb78589f297e8d2dc37c0e7b2a975e6bbb47204e2106,0.8860759493670886,0.8604962670180062,0.8540573545476671
kernel_k11_13,8,157,ec434ac1fd1c0c2c1cd7b7cd2ebe5a1ff21ade5ec2d4a9fca69a73d618d8e0f2,0.6751592356687898,0.5323781291172596,0.5428655165697849
kernel_k11_13,9,157,8b8bc6111e6e30a4378aefeb7a8cdf57f737128c78208597bbe285a882bd785a,0.7961783439490446,0.6902507215007214,0.7137745053479987
kernel_k11_13,10,157,dcb2a55a0c36a61a9c8541cedc78686ba125bae920cdaf3b708c5a58ad9e96f0,0.732484076433121,0.6709866522366522,0.6668725296442688
kernel_k11_13,11,158,b7c137e62da531d94ce4877362c930a5fb1054daa4bda94eff7df999321bd413,0.5379746835443038,0.47571365832235396,0.4304647249769201
kernel_k11_13,12,158,fef32dd3c5eedd68618520025506b930db3486be2a81c8891af0227165f73160,0.7088607594936709,0.5435041407867495,0.5902328152328152
kernel_k11_13,13,158,635776fc6ffdd53c204a95a2786cb7565635d88287173e7c2a34f1d0c43991c1,0.6835443037974683,0.6229907773386034,0.6116562009419152
kernel_k11_13,14,156,f9c49c03899f165aededea9503edd0affe516a9d4314bfa2a919fec0b52cc858,0.6474358974358975,0.5967736369910284,0.5712433065595717
kernel_k11_13,15,158,a290f46872d32914bdec63cf75b37a3bed5b04ec3190352ec5b28e2f47146393,0.9177215189873418,0.9047760210803689,0.9039837398373984
kernel_k11_13,16,156,7638737754e7ce4b31ca13661b680055431b8e5f05062418ca6b6179dd14756f,0.6089743589743589,0.43391210239036326,0.43482630025428337
kernel_k11_13,17,156,0d2e7d83e2af72f2bf3acf6b893d7513ce3d4e296994790540309dcc11a6d6a6,0.7692307692307693,0.6592195244369158,0.6691542364826539
kernel_k11_13,18,158,c0141666680d88f39716f84cd850dff30ac5d7a1090d61b7d2b3dcaadbfe464f,0.9430379746835443,0.9092775581906017,0.9275896025896025
kernel_k11_13,19,158,420d110ff10f1ac32e9e615a40c18d708a36d10df32e892e1362dec6aa163120,0.6962025316455697,0.6189723320158103,0.6129847723015426
kernel_k11_13,20,157,79492e9ad59ea258dfed0026a2f2b085db25472cdfc0b4765513c633136fef08,0.8471337579617835,0.7469148001756697,0.7644953677562372
kernel_k11_13,21,156,195c9a4715ab76d642d2b6bd5f4fe4ea4210ae48c7868839248ee747faa0a8ca,0.6666666666666666,0.43363095238095234,0.4653242272098034
kernel_k11_13,22,159,cc762e1403ec119d7e76ae305a184fbdfaec55a7fe6c30f12989c36301f6cb9e,0.8301886792452831,0.7299105182257356,0.7337128180287659
kernel_k11_13,23,157,23c3f3ca9710b672d70f19eb0f609e0e322934847747f485cd1cb0b5b0780a11,0.7133757961783439,0.5622639437856829,0.5740910693545711
kernel_k11_13,24,158,bea816d44836810f382adb5363722274bc3cf4552741c51baa9ff3cf8bbfc4cd,0.6012658227848101,0.3453008344312692,0.31912028818828075
kernel_k11_13,25,156,0dd93b2539b82ca64fe434df01185e6b9c2bc2f11e8362aad6f263547b4b734c,0.6025641025641025,0.3508046301524562,0.3151604554865425
kernel_k11_13,26,159,14e31386e0570d367d9bf7e424636871085aa5d3ed5329db7c86a553ab4d8fb4,0.6226415094339622,0.42291666666666666,0.43338978634705577
kernel_k11_13,27,158,ff3b33c2a275cce53908904c4cb548e8f5ea96745bcb172a1e990645539b37ad,0.689873417721519,0.5404040404040403,0.5563584919114951
kernel_k11_13,28,157,9d581e872a3dc1381bdd9c8bd841991f21475052eda0c1b01666fca4e0c0ebf7,0.7133757961783439,0.5566425120772946,0.5745030309187579
kernel_k11_13,29,158,0dfa42cb21e283bfa78b66f5e829fdc15f664454d6aa91bc8f9e6e330e73d583,0.740506329113924,0.5999341238471674,0.5986512249522775
kernel_k11_13,30,156,d82f870da5ffebcaa0f56ea50876f4c5bfeaff1d35429438348368c993bd38fb,0.7115384615384616,0.585515873015873,0.6005916978493916
kernel_k11_13,31,157,25a6ff834addf2ea143b25b0d0264ad48b8d9b2b7cc373698f50ed75a22bfe1e,0.643312101910828,0.49273166447079497,0.5044093262401552
kernel_k11_13,32,158,1704ee301fb550f9fa540aa1ae745332b76b7270e8d1ec8f4b3dd0d57a4aeb53,0.8987341772151899,0.8277691511387164,0.8569497388442963
kernel_k11_13,33,158,250b427d3042682e624d397fc6453373f38f74e172cc81a1eccaab381e69d43d,0.6645569620253164,0.47314448836187967,0.4718574326282237
kernel_k11_13,34,154,652ac94695799bdf51ac4406af328465f9f092eb1962f0ecf23ab93b4d4c35ad,0.6948051948051948,0.5216089466089465,0.5297776526878694
kernel_k11_13,35,156,1cbec336ef4d6d2e6e3bfec0b90fd322be71757b3d9c5c3ed0dba897e5a59947,0.8269230769230769,0.7310998180563397,0.746942950666355
kernel_k11_13,36,158,67afb2a1ac68e66a76f56157b4eb4a8ccea4fbeafc5864d1951d4b9c9640621c,0.7025316455696202,0.5206960913482652,0.5141458814637346
kernel_k11_13,37,154,5fdc52b1f738a00655c51cfce62ff37250f0f630e83874560d991b81f5042052,0.7272727272727273,0.6417748917748918,0.6332050624813783
kernel_k11_13,38,157,87a1d240786fb6c821fe2efb5e0884f625290c8b28280c98e0cac146d0b7877d,0.535031847133758,0.36922485726833554,0.35341869482279764
kernel_k11_13,39,157,19343df9087950448f724ef134bb9d10feb9e09568652d777e0fcdc9a79c5d3a,0.5859872611464968,0.4304238032498902,0.4366483068135455
kernel_k11_13,40,158,78f3dca5442ed8ddd771eb796512543084c6e72a99cedfc27df7c7604d339492,0.7784810126582279,0.8521566597653555,0.7729068803536889
kernel_k11_13,41,156,b9866128581e65f35eed50264dd210b1a57901efac94cc77d1923a942ae16db6,0.75,0.6336203651421043,0.6501945494317469
kernel_k11_13,42,156,fc9cc0311ad3daa5f95c40ef97aa6cd6907edb2e7d4ac6eed359e3d51478fff3,0.8012820512820513,0.6862820754125102,0.7024036173250834
kernel_k11_13,44,157,32d4c889b4881f2bbbb8b9722cb77d3d16830331dbaed85ffa3d08aa2ccdf61c,0.7133757961783439,0.5995718050065877,0.6033011567285761
kernel_k11_13,45,156,c09ea4e8e6628680a0ba0c5a5c4d3cbb9097f4a09c7136ce7d68d48f3ffc473e,0.7243589743589743,0.5761700859526946,0.5707969274550346
kernel_k11_13,46,158,fb06a9ac7cfc6811fbe7741889c1c04f0bed554464c0c0174dfb107c337e92e3,0.6455696202531646,0.5072463768115942,0.5085826001955034
kernel_k11_13,47,157,0c35844343f8be723cf34d9de36d74c4153edb2508e14229393fe07fcf9709ad,0.5477707006369427,0.3930284992784993,0.41087542619455997
kernel_k11_13,48,156,327b38709d868763426f7822b69d00eae0669885e3d2d3add965ee7cb49bfefe,0.6794871794871795,0.562111801242236,0.5765109007032826
kernel_k11_13,49,159,4d3f3f9e0f79dd0349c651d437d2dd8849332674e474a5ae0b0f4cd3c910a1ef,0.6855345911949685,0.5387983091787439,0.5672302359625944
kernel_k11_13,50,156,4e92b41704b5b076a289095a671d4eddc263fa05f0da778dc0c65f43590a95af,0.7243589743589743,0.5485993475123909,0.5497531287521126
kernel_k11_13,51,159,46d293cd1e6059fb96793e365441ab67bb8aacb55d00267561490e53e05f50aa,0.660377358490566,0.43194444444444446,0.44846477052359396
kernel_k11_13,52,158,254bf46edda4932d2f4e1f41b13a6513e0ee840ed6191897591e7a586d60b752,0.7848101265822784,0.7134273636991028,0.7080633110127492
kernel_k11_13,53,157,cedcb780f1d8977227578d3e87c925f4436464d550bff06fdc1244423191cc50,0.821656050955414,0.8201800614844093,0.7866906644080558
kernel_k11_13,54,157,ae34fb9ac704529e79fb38d78efbec878f3138a8c368ceeb8a83f0349bcce86a,0.7707006369426752,0.6883179622310056,0.6845712560386474
kernel_k11_13,55,157,a7629f4527bc1b1e562477afb986e82295ec09fd3fed91b59c36cfba8e6d3ead,0.7898089171974523,0.6809617918313571,0.7064760981912145
kernel_k11_13,56,157,143be3c310281cf95d243c515106a993bc5e303ff855b6018da11db4493b7009,0.7197452229299363,0.5741216512955643,0.5860935558326711
kernel_k11_13,57,158,560bb705274959f046b113aa30e4267cdf67bfe39baafbd463b40059085f2dc3,0.759493670886076,0.6906659765355417,0.6943270389916973
kernel_k11_13,58,157,ee221c396349fd192f4b6561d87571bda83f4644ddc505197460f8d978d9f7f5,0.6114649681528662,0.4011994949494949,0.41812998829342696
kernel_k11_13,59,158,50106a38a71ff293bb4192dd480e38e9932bc4a544c19bccb71410e1a1ccec8e,0.6645569620253164,0.5571385438233265,0.5576307995771361
kernel_k11_13,60,159,a3a1c3b0b4a609dd3af8aec6d657a81eeb1a579ab2e54d6dbbb84fb376be9732,0.7547169811320755,0.6350763065436978,0.6375187687687689
kernel_k11_13,61,156,ed0ce21af41cd8430d058fdad11c4f21b71636e54a1def8671d304ccc49e5b08,0.6730769230769231,0.48685927598971074,0.5300707553061483
kernel_k11_13,62,157,e6cffdcb1d55c69c4a2717074ddd09722e4309abce7667bbff6bd6e8e4702230,0.7707006369426752,0.6130215195432587,0.6495534764900038
kernel_k11_13,63,158,cdfd03c8cb520596b653abbe00cdb28700432617a1e9e1c0e16a584c119e54fb,0.6835443037974683,0.5052591128678086,0.5256851747651784
kernel_k11_13,64,156,fec136b6b26986339296b7e67a370b60a0ca1c0064edc9b358ed450b4d3ed29e,0.6346153846153846,0.4496580713972019,0.4578614539914849
kernel_k11_13,65,158,0d143da414aa13b6994a9eae491bf7ec07f07d184fd4fbb9de35e155b685ec64,0.740506329113924,0.6294427191166322,0.6536544396798951
kernel_k11_13,66,158,24ff9eb02511adadd026142b6781176e239b8f3285d1998d2b1e16fdfad18ab9,0.5632911392405063,0.39682696530522615,0.38376220053238685
kernel_k11_13,67,157,940caf84657e7674b0cb0d12c608bc3408b3bfa3def0cdb552a13df51947f86a,0.5286624203821656,0.39319279754062364,0.36922799422799424
kernel_k11_13,68,158,7b3e814e8ea1f64ab4640cc106baa89b2aee5f397c92123106aa5d22502ba8f2,0.7721518987341772,0.7104303908651735,0.7044327289449481
kernel_k11_13,69,158,249b490abfa5998646ea787074efd0f0096c6758d1ad546eb7da16139ff5cfa8,0.7468354430379747,0.5842520703933747,0.5963023788195482
kernel_k11_13,70,157,73e0fd72f6c1ac6793b1e52a472f9f5072ee0742a62ca09b306d8364444d8f32,0.7898089171974523,0.7729358805445763,0.7429463298866728
kernel_k11_13,71,157,c325e5bcf6b468535834dab9018976cc159ae9c10de88bb652e9ef4a3c3c09b8,0.6687898089171974,0.5796332894158981,0.5683326470014521
kernel_k11_13,72,154,c3a4f7e32ff0fbd7d4a0e7db6e3d82382f7d79c96d803e8b19ec2aff8e1c73a1,0.6623376623376623,0.5393578643578644,0.5351122361089138
kernel_k11_13,73,153,ba20816828c6a955f16a698597e9acdbc0cbe11c28467a1a591e343c51853a0d,0.7058823529411765,0.5829365079365079,0.5796683832169767
kernel_k11_13,74,154,9598372f8fc378d394fc11af80977386e0b86c9a55dc65f058767af396672a35,0.5974025974025974,0.4879870129870129,0.4861363636363637
kernel_k11_13,75,159,7c1cbde36592800b343f641f6f27c3c31ad5a24f9d86f59399352689f41fda05,0.5408805031446541,0.32802206851119897,0.32729958195638936
kernel_k11_13,76,153,98bc520f09f12c0000d8b3418173f321e74bd17f189314ef3c288bd9888d319e,0.46405228758169936,0.37976190476190474,0.36566531294792165
kernel_k11_13,77,158,40e5dc157d4e182394bc15f5d11e66df8cc0f2d200e00176b9824ffeaa63f829,0.6962025316455697,0.6138802622498275,0.6026816800221055
kernel_k11_13,78,158,4b625b01c114cf21338b4d7ff0aa7a985c6cf806f9d4baa1c1e6e07f3c9094d3,0.620253164556962,0.4370223978919631,0.4527331724769116
kernel_k11_13,79,159,20e6c6b2fe501d11255fbf0e3e98086c478e25e6611a2a7ab7ce76719a0ec03a,0.5786163522012578,0.5197024593763725,0.4971833106863117
kernel_k11_13,80,156,3b0f7aab843de5b71471c0153ee8f9f9f31128e933224efef6234783e1205c1c,0.6730769230769231,0.5673317021143107,0.5642333856619571
kernel_k11_13,81,158,cfeaf253ef337cfb1532148d6688c997d49e1659ec4c0ad7693330822061ec23,0.7721518987341772,0.6542819499341238,0.6681216308159313
kernel_k11_13,82,156,2635a0df764a2c85c22cb04a6df79f532556cfa17e2bd47450494632f34cbd69,0.7051282051282052,0.5873360938578329,0.585076010170214
kernel_k11_13,83,158,f25c46fd679f019d8fcb18fa3fa425785a4b73b09289de98764ae64763ec556a,0.6582278481012658,0.42842555994729903,0.43174508240297715
kernel_k11_13,84,158,9b1f189530b1b5963e40c18df61af0aace5e8efa996dcfe5240d816519aadfd6,0.6139240506329114,0.46710584101888447,0.4869565918472652
kernel_k11_13,85,157,8250532f56b065e3d27a221ba57d1649cf018d83edca5840f71cbd6d7f83589a,0.7133757961783439,0.5127250768555116,0.5438914027149322
kernel_k11_13,86,159,41571d1afe7b2e66e17798874869545ac6297955e70dccad7db0144ebd882179,0.8238993710691824,0.7881615063680281,0.7804530584163489
kernel_k11_13,87,157,55ad47fd220f7d0307389a4991d250ec05c7c30a170c321a1b69d749117339c6,0.5159235668789809,0.4170399648660518,0.4100900651860227
kernel_k11_13,90,158,8a7d9027df54d6ed813c5a441203642f92fc71a233247137e716ab0f2be37f7d,0.7911392405063291,0.6834321475625824,0.6895107439180388
kernel_k11_13,91,158,2ba8409bd6ebcc4a4b934e9f2ef515bab9f14b8e419509aaed1c8348e04d8b0b,0.7025316455696202,0.5589920948616601,0.6033622558846035
kernel_k11_13,93,157,4b171574850cf59edae9783ecc5b8a6e5e31285b08891c7cf921f31661968414,0.5923566878980892,0.4508673693456302,0.44930918103675577
kernel_k11_13,94,158,d7ababb6686700237bcae59fa707ff53b8279d19ab235fa1784543761e9d4a92,0.740506329113924,0.6323012736056215,0.644866730663241
kernel_k11_13,95,158,046a5496c6e44037396f4465891283c1d1d1567b5b65415e24684c2b076223bf,0.7025316455696202,0.605566534914361,0.6138290130833104
kernel_k11_13,96,159,76d47bd905e75fd08f990055045cd0e9898b1638fa86600d9f8ede715389e2ca,0.7044025157232704,0.6038153271848924,0.624107846448272
kernel_k11_13,97,157,c637865a6d4cdf64bf41afac4696e071d9b628503b76e24cd97de8b7d5846b3c,0.6942675159235668,0.5644927536231884,0.5738700025464731
kernel_k11_13,98,159,77c20773e2b3eb78ce5c0f017be3547ac1eeac74388a167ff6eefa847674ba8b,0.6729559748427673,0.5990475406236276,0.5814742282061743
kernel_k11_13,99,159,37a01d1cb1e0602f0b064f6af3dd3eacba03b061b758a77739a409ba0a074355,0.5471698113207547,0.31556324110671935,0.31166587036152255
kernel_k11_13,101,156,4e3628ae01b799524340b14b3ff090a50207e63a45e384b6fe63b537e853d33f,0.8141025641025641,0.8015245623941276,0.7595686287000467
kernel_k11_13,102,154,31b3f297a856d793fa66cef18cfa2739e78116ee34ab9fcd8d090fb251f9ef22,0.7142857142857143,0.6002525252525253,0.5897127086909034
kernel_k11_13,103,158,f38b966e739ae8583b164c236632188c0f9952e81261baee509aa002c555fe20,0.6962025316455697,0.5132850241545893,0.5354463518937203
kernel_k11_13,105,156,89adde456b0f1ccf1fd165125603905c0339ede8c39050c3102ae76fb4c7301a,0.7115384615384616,0.6969320534537926,0.6757261158060568
kernel_k11_13,106,157,b9c948da90fd49d3da76b364d94243b22c39ace5d61b7b7f22dd015a46528641,0.6242038216560509,0.4020923520923521,0.4214886733568296
kernel_k11_13,107,158,0f3fa893f05476ffe27a45498f98f724b91a56ff51b3e424ddd42fa71229b21e,0.6012658227848101,0.42624223602484473,0.4360211475894705
kernel_k11_13,108,158,d6b72f176a93aaa80c91f40530e15c3a56c44b73efe9ac49c7fa633c74343cb1,0.6329113924050633,0.45826745718050066,0.48025786656507313
kernel_k11_13,109,157,887398fc40c3b0c5646c24dad9bdcf91d8295edaf736071158afd4913aa11768,0.5414012738853503,0.4043697848045674,0.40801953399797986
kernel_k13,1,159,f0f374bdb65b66270143f95dc883ff969bbca21a7e5840b18447387543374c12,0.7861635220125787,0.6903711023276241,0.7004177793091566
kernel_k13,2,156,0b5b52118db02c845fddd933ac2b00078b23b6fb2a5e1f2c95cf24aef6dced80,0.6794871794871795,0.4725594453855324,0.4980540293040293
kernel_k13,3,159,a465948981873e5775ad5dc9ee08251b1cb82e5bf67c7d2f94a06cb4b1373606,0.6226415094339622,0.5138614404918753,0.5171049931919497
kernel_k13,4,158,73e74f0988741323d2fd50ae3a4c4534c01ae03ed4d6b699cf2fdd0c95bd7f6f,0.810126582278481,0.7432806324110671,0.7365698773966348
kernel_k13,5,157,8d30e94def8e08e4f183ea3e491ee18d083b574f97bffc87cd1a459cf43ac742,0.6624203821656051,0.47905844155844163,0.5091019417475728
kernel_k13,6,158,c2f828a0a81089c4ec546c097339e134e8b1408bb1d64daaa3426d5e00d4260b,0.7531645569620253,0.7170117322291236,0.7036979366484227
kernel_k13,7,158,72998d66d8da405531c4cb78589f297e8d2dc37c0e7b2a975e6bbb47204e2106,0.8544303797468354,0.8294356609574001,0.819346188487677
kernel_k13,8,157,ec434ac1fd1c0c2c1cd7b7cd2ebe5a1ff21ade5ec2d4a9fca69a73d618d8e0f2,0.6878980891719745,0.5555994729907773,0.5485811626703467
kernel_k13,9,157,8b8bc6111e6e30a4378aefeb7a8cdf57f737128c78208597bbe285a882bd785a,0.6305732484076433,0.5860479797979797,0.5538880534087589
kernel_k13,10,157,dcb2a55a0c36a61a9c8541cedc78686ba125bae920cdaf3b708c5a58ad9e96f0,0.7834394904458599,0.7035533910533911,0.709055425448868
kernel_k13,11,158,b7c137e62da531d94ce4877362c930a5fb1054daa4bda94eff7df999321bd413,0.5632911392405063,0.4201141853315766,0.41205128205128205
kernel_k13,12,158,fef32dd3c5eedd68618520025506b930db3486be2a81c8891af0227165f73160,0.7468354430379747,0.6145488267770877,0.6571825563857028
kernel_k13,13,158,635776fc6ffdd53c204a95a2786cb7565635d88287173e7c2a34f1d0c43991c1,0.7151898734177216,0.6010540184453228,0.6148656898656898
kernel_k13,14,156,f9c49c03899f165aededea9503edd0affe516a9d4314bfa2a919fec0b52cc858,0.6410256410256411,0.5190993788819875,0.5217320346718428
kernel_k13,15,158,a290f46872d32914bdec63cf75b37a3bed5b04ec3190352ec5b28e2f47146393,0.879746835443038,0.8562362758014932,0.8451536039709127
kernel_k13,16,156,7638737754e7ce4b31ca13661b680055431b8e5f05062418ca6b6179dd14756f,0.6410256410256411,0.4524358491749796,0.45676592337442595
kernel_k13,17,156,0d2e7d83e2af72f2bf3acf6b893d7513ce3d4e296994790540309dcc11a6d6a6,0.7756410256410257,0.6812864671560324,0.6988034285280843
kernel_k13,18,158,c0141666680d88f39716f84cd850dff30ac5d7a1090d61b7d2b3dcaadbfe464f,0.8860759493670886,0.8832894158981116,0.8658770528972222
kernel_k13,19,158,420d110ff10f1ac32e9e615a40c18d708a36d10df32e892e1362dec6aa163120,0.689873417721519,0.5656675450153711,0.5803853201669551
kernel_k13,20,157,79492e9ad59ea258dfed0026a2f2b085db25472cdfc0b4765513c633136fef08,0.8089171974522293,0.6802151954325868,0.6972027594598837
kernel_k13,21,156,195c9a4715ab76d642d2b6bd5f4fe4ea4210ae48c7868839248ee747faa0a8ca,0.6923076923076923,0.48888888888888893,0.5287791037791038
kernel_k13,22,159,cc762e1403ec119d7e76ae305a184fbdfaec55a7fe6c30f12989c36301f6cb9e,0.779874213836478,0.6643472771190162,0.7004084967320261
kernel_k13,23,157,23c3f3ca9710b672d70f19eb0f609e0e322934847747f485cd1cb0b5b0780a11,0.7133757961783439,0.5617698726394379,0.5711411961411962
kernel_k13,24,158,bea816d44836810f382adb5363722274bc3cf4552741c51baa9ff3cf8bbfc4cd,0.5126582278481012,0.38072024593763726,0.33200707338638374
kernel_k13,25,156,0dd93b2539b82ca64fe434df01185e6b9c2bc2f11e8362aad6f263547b4b734c,0.5576923076923077,0.41133854068636677,0.36730329849668897
kernel_k13,26,159,14e31386e0570d367d9bf7e424636871085aa5d3ed5329db7c86a553ab4d8fb4,0.6163522012578616,0.44007936507936507,0.4503300817814563
kernel_k13,27,158,ff3b33c2a275cce53908904c4cb548e8f5ea96745bcb172a1e990645539b37ad,0.6265822784810127,0.5297979797979798,0.5273638551071488
kernel_k13,28,157,9d581e872a3dc1381bdd9c8bd841991f21475052eda0c1b01666fca4e0c0ebf7,0.6496815286624203,0.4945212999560825,0.4947847851073658
kernel_k13,29,158,0dfa42cb21e283bfa78b66f5e829fdc15f664454d6aa91bc8f9e6e330e73d583,0.7531645569620253,0.6135814668423364,0.6214667910206917
kernel_k13,30,156,d82f870da5ffebcaa0f56ea50876f4c5bfeaff1d35429438348368c993bd38fb,0.7115384615384616,0.5884920634920634,0.5975147612358697
kernel_k13,31,157,25a6ff834addf2ea143b25b0d0264ad48b8d9b2b7cc373698f50ed75a22bfe1e,0.5796178343949044,0.4210364514712341,0.43605976083244846
kernel_k13,32,158,1704ee301fb550f9fa540aa1ae745332b76b7270e8d1ec8f4b3dd0d57a4aeb53,0.8860759493670886,0.8207255003450655,0.8347428187905938
kernel_k13,33,158,250b427d3042682e624d397fc6453373f38f74e172cc81a1eccaab381e69d43d,0.7151898734177216,0.5858585858585859,0.6014564336372846
kernel_k13,34,154,652ac94695799bdf51ac4406af328465f9f092eb1962f0ecf23ab93b4d4c35ad,0.6948051948051948,0.5554112554112554,0.564797242752642
kernel_k13,35,156,1cbec336ef4d6d2e6e3bfec0b90fd322be71757b3d9c5c3ed0dba897e5a59947,0.8525641025641025,0.7615000941087897,0.7740357778240498
kernel_k13,36,158,67afb2a1ac68e66a76f56157b4eb4a8ccea4fbeafc5864d1951d4b9c9640621c,0.7278481012658228,0.5742424242424242,0.5682352848301124
kernel_k13,37,154,5fdc52b1f738a00655c51cfce62ff37250f0f630e83874560d991b81f5042052,0.6948051948051948,0.5742063492063492,0.5765925622898636
kernel_k13,38,157,87a1d240786fb6c821fe2efb5e0884f625290c8b28280c98e0cac146d0b7877d,0.5031847133757962,0.36490996925779534,0.34534534534534533
kernel_k13,39,157,19343df9087950448f724ef134bb9d10feb9e09568652d777e0fcdc9a79c5d3a,0.5605095541401274,0.3459925340360123,0.34773825799319374
kernel_k13,40,158,78f3dca5442ed8ddd771eb796512543084c6e72a99cedfc27df7c7604d339492,0.759493670886076,0.8209066597653555,0.7511217948717949
kernel_k13,41,156,b9866128581e65f35eed50264dd210b1a57901efac94cc77d1923a942ae16db6,0.7243589743589743,0.6169348767174854,0.6073019558254993
kernel_k13,42,156,fc9cc0311ad3daa5f95c40ef97aa6cd6907edb2e7d4ac6eed359e3d51478fff3,0.782051282051282,0.6495796474057344,0.6709184358399017
kernel_k13,44,157,32d4c889b4881f2bbbb8b9722cb77d3d16830331dbaed85ffa3d08aa2ccdf61c,0.7515923566878981,0.6400197628458498,0.6489998087065832
kernel_k13,45,156,c09ea4e8e6628680a0ba0c5a5c4d3cbb9097f4a09c7136ce7d68d48f3ffc473e,0.6923076923076923,0.5772884120710207,0.5766153024806129
kernel_k13,46,158,fb06a9ac7cfc6811fbe7741889c1c04f0bed554464c0c0174dfb107c337e92e3,0.6392405063291139,0.45295344751866484,0.45376845376845376
kernel_k13,47,157,0c35844343f8be723cf34d9de36d74c4153edb2508e14229393fe07fcf9709ad,0.5796178343949044,0.41455627705627707,0.43665435428991817
kernel_k13,48,156,327b38709d868763426f7822b69d00eae0669885e3d2d3add965ee7cb49bfefe,0.6987179487179487,0.595214568040655,0.5972348025066044
kernel_k13,49,159,4d3f3f9e0f79dd0349c651d437d2dd8849332674e474a5ae0b0f4cd3c910a1ef,0.5911949685534591,0.4733503513394818,0.4776236568636927
kernel_k13,50,156,4e92b41704b5b076a289095a671d4eddc263fa05f0da778dc0c65f43590a95af,0.7371794871794872,0.5439927222535917,0.5296257062146893
kernel_k13,51,159,46d293cd1e6059fb96793e365441ab67bb8aacb55d00267561490e53e05f50aa,0.6540880503144654,0.4505952380952381,0.4982619363686314
kernel_k13,52,158,254bf46edda4932d2f4e1f41b13a6513e0ee840ed6191897591e7a586d60b752,0.7468354430379747,0.6590191511387163,0.6719110503946569
kernel_k13,53,157,cedcb780f1d8977227578d3e87c925f4436464d550bff06fdc1244423191cc50,0.8089171974522293,0.80554457619675,0.7640199980398863
kernel_k13,54,157,ae34fb9ac704529e79fb38d78efbec878f3138a8c368ceeb8a83f0349bcce86a,0.7388535031847133,0.6501537110232762,0.6394578071070334
kernel_k13,55,157,a7629f4527bc1b1e562477afb986e82295ec09fd3fed91b59c36cfba8e6d3ead,0.7961783439490446,0.6837395696091347,0.7073365231259968
kernel_k13,56,157,143be3c310281cf95d243c515106a993bc5e303ff855b6018da11db4493b7009,0.7261146496815286,0.5955533596837945,0.612966039869242
kernel_k13,57,158,560bb705274959f046b113aa30e4267cdf67bfe39baafbd463b40059085f2dc3,0.8037974683544303,0.7475241545893719,0.7471660921298942
kernel_k13,58,157,ee221c396349fd192f4b6561d87571bda83f4644ddc505197460f8d978d9f7f5,0.6242038216560509,0.43467712842712847,0.4261571948780044
kernel_k13,59,158,50106a38a71ff293bb4192dd480e38e9932bc4a544c19bccb71410e1a1ccec8e,0.7784810126582279,0.7212646652864044,0.717924633324984
kernel_k13,60,159,a3a1c3b0b4a609dd3af8aec6d657a81eeb1a579ab2e54d6dbbb84fb376be9732,0.7295597484276729,0.6019954984628898,0.5865256398480352
kernel_k13,61,156,ed0ce21af41cd8430d058fdad11c4f21b71636e54a1def8671d304ccc49e5b08,0.717948717948718,0.5857880042662651,0.6156200941915227
kernel_k13,62,157,e6cffdcb1d55c69c4a2717074ddd09722e4309abce7667bbff6bd6e8e4702230,0.7707006369426752,0.6549626701800615,0.6817949128139498
kernel_k13,63,158,cdfd03c8cb520596b653abbe00cdb28700432617a1e9e1c0e16a584c119e54fb,0.6392405063291139,0.4529534475186649,0.4663109914016368
kernel_k13,64,156,fec136b6b26986339296b7e67a370b60a0ca1c0064edc9b358ed450b4d3ed29e,0.5961538461538461,0.38893280632411065,0.40405405405405403
kernel_k13,65,158,0d143da414aa13b6994a9eae491bf7ec07f07d184fd4fbb9de35e155b685ec64,0.7658227848101266,0.6378321256038647,0.6675545738045737
kernel_k13,66,158,24ff9eb02511adadd026142b6781176e239b8f3285d1998d2b1e16fdfad18ab9,0.6455696202531646,0.4719148001756697,0.49229975559266603
kernel_k13,67,157,940caf84657e7674b0cb0d12c608bc3408b3bfa3def0cdb552a13df51947f86a,0.4840764331210191,0.45911286780851995,0.3990871954842543
kernel_k13,68,158,7b3e814e8ea1f64ab4640cc106baa89b2aee5f397c92123106aa5d22502ba8f2,0.7658227848101266,0.6914690382081686,0.7024178899868624
kernel_k13,69,158,249b490abfa5998646ea787074efd0f0096c6758d1ad546eb7da16139ff5cfa8,0.7341772151898734,0.6247239475500345,0.6388283202872869
kernel_k13,70,157,73e0fd72f6c1ac6793b1e52a472f9f5072ee0742a62ca09b306d8364444d8f32,0.7770700636942676,0.7360013175230566,0.7199312147062358
kernel_k13,71,157,c325e5bcf6b468535834dab9018976cc159ae9c10de88bb652e9ef4a3c3c09b8,0.6878980891719745,0.5617149758454106,0.5763495276653171
kernel_k13,72,154,c3a4f7e32ff0fbd7d4a0e7db6e3d82382f7d79c96d803e8b19ec2aff8e1c73a1,0.6623376623376623,0.5393578643578644,0.5341982428461495
kernel_k13,73,153,ba20816828c6a955f16a698597e9acdbc0cbe11c28467a1a591e343c51853a0d,0.7647058823529411,0.6261904761904762,0.6521976242669248
kernel_k13,74,154,9598372f8fc378d394fc11af80977386e0b86c9a55dc65f058767af396672a35,0.6363636363636364,0.5680014430014431,0.5585138914658365
kernel_k13,75,159,7c1cbde36592800b343f641f6f27c3c31ad5a24f9d86f59399352689f41fda05,0.4968553459119497,0.3013916337285903,0.29534455376039537
kernel_k13,76,153,98bc520f09f12c0000d8b3418173f321e74bd17f189314ef3c288bd9888d319e,0.6143790849673203,0.5075396825396825,0.5054939640305494
kernel_k13,77,158,40e5dc157d4e182394bc15f5d11e66df8cc0f2d200e00176b9824ffeaa63f829,0.6392405063291139,0.5252458592132505,0.5030171560126635
kernel_k13,78,158,4b625b01c114cf21338b4d7ff0aa7a985c6cf806f9d4baa1c1e6e07f3c9094d3,0.5949367088607594,0.4087395696091348,0.4086167800453515
kernel_k13,79,159,20e6c6b2fe501d11255fbf0e3e98086c478e25e6611a2a7ab7ce76719a0ec03a,0.6540880503144654,0.550236056214317,0.5367410093019849
kernel_k13,80,156,3b0f7aab843de5b71471c0153ee8f9f9f31128e933224efef6234783e1205c1c,0.7115384615384616,0.6089089654307045,0.6062713424270407
kernel_k13,81,158,cfeaf253ef337cfb1532148d6688c997d49e1659ec4c0ad7693330822061ec23,0.7341772151898734,0.5633069828722003,0.5862921348776722
kernel_k13,82,156,2635a0df764a2c85c22cb04a6df79f532556cfa17e2bd47450494632f34cbd69,0.6987179487179487,0.5404997176736307,0.5719306154024492
kernel_k13,83,158,f25c46fd679f019d8fcb18fa3fa425785a4b73b09289de98764ae64763ec556a,0.6139240506329114,0.34276460254721125,0.32114634399124187
kernel_k13,84,158,9b1f189530b1b5963e40c18df61af0aace5e8efa996dcfe5240d816519aadfd6,0.6455696202531646,0.5143500219587176,0.532415331681646
kernel_k13,85,157,8250532f56b065e3d27a221ba57d1649cf018d83edca5840f71cbd6d7f83589a,0.7070063694267515,0.5281071585419411,0.5596320346320347
kernel_k13,86,159,41571d1afe7b2e66e17798874869545ac6297955e70dccad7db0144ebd882179,0.8427672955974843,0.7698726394378568,0.7941193853427897
kernel_k13,87,157,55ad47fd220f7d0307389a4991d250ec05c7c30a170c321a1b69d749117339c6,0.535031847133758,0.45211901624945106,0.44453415894438714
kernel_k13,90,158,8a7d9027df54d6ed813c5a441203642f92fc71a233247137e716ab0f2be37f7d,0.7531645569620253,0.6187088274044796,0.6350894424755548
kernel_k13,91,158,2ba8409bd6ebcc4a4b934e9f2ef515bab9f14b8e419509aaed1c8348e04d8b0b,0.7658227848101266,0.6110452349582784,0.6634768740031898
kernel_k13,93,157,4b171574850cf59edae9783ecc5b8a6e5e31285b08891c7cf921f31661968414,0.643312101910828,0.5331906016688626,0.535476707060029
kernel_k13,94,158,d7ababb6686700237bcae59fa707ff53b8279d19ab235fa1784543761e9d4a92,0.740506329113924,0.6323012736056215,0.6395547585619314
kernel_k13,95,158,046a5496c6e44037396f4465891283c1d1d1567b5b65415e24684c2b076223bf,0.6455696202531646,0.5457290294246816,0.5427750354220943
kernel_k13,96,159,76d47bd905e75fd08f990055045cd0e9898b1638fa86600d9f8ede715389e2ca,0.7295597484276729,0.6689339042599912,0.6581241066791674
kernel_k13,97,157,c637865a6d4cdf64bf41afac4696e071d9b628503b76e24cd97de8b7d5846b3c,0.7006369426751592,0.5758563899868248,0.5827754952533019
kernel_k13,98,159,77c20773e2b3eb78ce5c0f017be3547ac1eeac74388a167ff6eefa847674ba8b,0.6855345911949685,0.6122008124725516,0.6012540661736756
kernel_k13,99,159,37a01d1cb1e0602f0b064f6af3dd3eacba03b061b758a77739a409ba0a074355,0.5283018867924528,0.3334403820816864,0.3203120387940122
kernel_k13,101,156,4e3628ae01b799524340b14b3ff090a50207e63a45e384b6fe63b537e853d33f,0.8782051282051282,0.8475563084258736,0.8340232603981864
kernel_k13,102,154,31b3f297a856d793fa66cef18cfa2739e78116ee34ab9fcd8d090fb251f9ef22,0.7402597402597403,0.6473304473304473,0.6479743070168602
kernel_k13,103,158,f38b966e739ae8583b164c236632188c0f9952e81261baee509aa002c555fe20,0.7151898734177216,0.5701690821256038,0.6107591490046015
kernel_k13,105,156,89adde456b0f1ccf1fd165125603905c0339ede8c39050c3102ae76fb4c7301a,0.6794871794871795,0.6820079678775331,0.650828664799253
kernel_k13,106,157,b9c948da90fd49d3da76b364d94243b22c39ace5d61b7b7f22dd015a46528641,0.6305732484076433,0.4073051948051948,0.3978564992649499
kernel_k13,107,158,0f3fa893f05476ffe27a45498f98f724b91a56ff51b3e424ddd42fa71229b21e,0.5822784810126582,0.38838854382332644,0.3908945221445222
kernel_k13,108,158,d6b72f176a93aaa80c91f40530e15c3a56c44b73efe9ac49c7fa633c74343cb1,0.5886075949367089,0.3731005709266578,0.383097366411134
kernel_k13,109,157,887398fc40c3b0c5646c24dad9bdcf91d8295edaf736071158afd4913aa11768,0.5095541401273885,0.39146903820816864,0.39732496431916575
kernel_k7,1,159,f0f374bdb65b66270143f95dc883ff969bbca21a7e5840b18447387543374c12,0.7547169811320755,0.6659612428634167,0.6575772200772201
kernel_k7,2,156,0b5b52118db02c845fddd933ac2b00078b23b6fb2a5e1f2c95cf24aef6dced80,0.6794871794871795,0.5837756446452098,0.5854474982381959
kernel_k7,3,159,a465948981873e5775ad5dc9ee08251b1cb82e5bf67c7d2f94a06cb4b1373606,0.710691823899371,0.5212066315327185,0.536123047972138
kernel_k7,4,158,73e74f0988741323d2fd50ae3a4c4534c01ae03ed4d6b699cf2fdd0c95bd7f6f,0.8164556962025317,0.7122090469916557,0.7446061898021364
kernel_k7,5,157,8d30e94def8e08e4f183ea3e491ee18d083b574f97bffc87cd1a459cf43ac742,0.6178343949044586,0.4323683261183261,0.44488549372270303
kernel_k7,6,158,c2f828a0a81089c4ec546c097339e134e8b1408bb1d64daaa3426d5e00d4260b,0.7025316455696202,0.6147774327122153,0.5964400771416062
kernel_k7,7,158,72998d66d8da405531c4cb78589f297e8d2dc37c0e7b2a975e6bbb47204e2106,0.8734177215189873,0.8463548528765921,0.837127858187239
kernel_k7,8,157,ec434ac1fd1c0c2c1cd7b7cd2ebe5a1ff21ade5ec2d4a9fca69a73d618d8e0f2,0.5987261146496815,0.4651954325867369,0.4659098160840321
kernel_k7,9,157,8b8bc6111e6e30a4378aefeb7a8cdf57f737128c78208597bbe285a882bd785a,0.7388535031847133,0.6348935786435785,0.645039470333588
kernel_k7,10,157,dcb2a55a0c36a61a9c8541cedc78686ba125bae920cdaf3b708c5a58ad9e96f0,0.7579617834394905,0.7059613997113997,0.6980580757802012
kernel_k7,11,158,b7c137e62da531d94ce4877362c930a5fb1054daa4bda94eff7df999321bd413,0.6265822784810127,0.4974308300395257,0.4620409604519774
kernel_k7,12,158,fef32dd3c5eedd68618520025506b930db3486be2a81c8891af0227165f73160,0.6582278481012658,0.5452337819185645,0.5669491394755284
kernel_k7,13,158,635776fc6ffdd53c204a95a2786cb7565635d88287173e7c2a34f1d0c43991c1,0.6708860759493671,0.6073671497584541,0.598966137052441
kernel_k7,14,156,f9c49c03899f165aededea9503edd0affe516a9d4314bfa2a919fec0b52cc858,0.6858974358974359,0.5422375933245499,0.5630465634510249
kernel_k7,15,158,a290f46872d32914bdec63cf75b37a3bed5b04ec3190352ec5b28e2f47146393,0.8987341772151899,0.856477821695213,0.8572364665384475
kernel_k7,16,156,7638737754e7ce4b31ca13661b680055431b8e5f05062418ca6b6179dd14756f,0.6217948717948718,0.41514524123219776,0.43247836448012045
kernel_k7,17,156,0d2e7d83e2af72f2bf3acf6b893d7513ce3d4e296994790540309dcc11a6d6a6,0.717948717948718,0.591856452726018,0.6219251093781757
kernel_k7,18,158,c0141666680d88f39716f84cd850dff30ac5d7a1090d61b7d2b3dcaadbfe464f,0.9240506329113924,0.9090360122968819,0.912584407612032
kernel_k7,19,158,420d110ff10f1ac32e9e615a40c18d708a36d10df32e892e1362dec6aa163120,0.7025316455696202,0.6131642512077295,0.6102461209202783
kernel_k7,20,157,79492e9ad59ea258dfed0026a2f2b085db25472cdfc0b4765513c633136fef08,0.8089171974522293,0.7307422046552482,0.7281732848178031
kernel_k7,21,156,195c9a4715ab76d642d2b6bd5f4fe4ea4210ae48c7868839248ee747faa0a8ca,0.6282051282051282,0.3713293650793651,0.38683763835893653
kernel_k7,22,159,cc762e1403ec119d7e76ae305a184fbdfaec55a7fe6c30f12989c36301f6cb9e,0.8553459119496856,0.7648852657004831,0.7816058146722765
kernel_k7,23,157,23c3f3ca9710b672d70f19eb0f609e0e322934847747f485cd1cb0b5b0780a11,0.6751592356687898,0.5208278436539306,0.5365898512515054
kernel_k7,24,158,bea816d44836810f382adb5363722274bc3cf4552741c51baa9ff3cf8bbfc4cd,0.5886075949367089,0.3235617039964866,0.2979942511192511
kernel_k7,25,156,0dd93b2539b82ca64fe434df01185e6b9c2bc2f11e8362aad6f263547b4b734c,0.5961538461538461,0.3555304598782859,0.34463696369636965
kernel_k7,26,159,14e31386e0570d367d9bf7e424636871085aa5d3ed5329db7c86a553ab4d8fb4,0.5849056603773585,0.35892857142857143,0.36027067621693787
kernel_k7,27,158,ff3b33c2a275cce53908904c4cb548e8f5ea96745bcb172a1e990645539b37ad,0.6329113924050633,0.523989898989899,0.5306539857851409
kernel_k7,28,157,9d581e872a3dc1381bdd9c8bd841991f21475052eda0c1b01666fca4e0c0ebf7,0.6114649681528662,0.46117698726394385,0.4701122834476304
kernel_k7,29,158,0dfa42cb21e283bfa78b66f5e829fdc15f664454d6aa91bc8f9e6e330e73d583,0.7151898734177216,0.5807312252964427,0.5697496947496947
kernel_k7,30,156,d82f870da5ffebcaa0f56ea50876f4c5bfeaff1d35429438348368c993bd38fb,0.7243589743589743,0.629265873015873,0.6346233434085097
kernel_k7,31,157,25a6ff834addf2ea143b25b0d0264ad48b8d9b2b7cc373698f50ed75a22bfe1e,0.6050955414012739,0.42454984628897674,0.4469622296422888
kernel_k7,32,158,1704ee301fb550f9fa540aa1ae745332b76b7270e8d1ec8f4b3dd0d57a4aeb53,0.9050632911392406,0.8352096273291926,0.869331851325858
kernel_k7,33,158,250b427d3042682e624d397fc6453373f38f74e172cc81a1eccaab381e69d43d,0.7341772151898734,0.5537329819938516,0.5876423979872256
kernel_k7,34,154,652ac94695799bdf51ac4406af328465f9f092eb1962f0ecf23ab93b4d4c35ad,0.7142857142857143,0.5642857142857143,0.5699370709382151
kernel_k7,35,156,1cbec336ef4d6d2e6e3bfec0b90fd322be71757b3d9c5c3ed0dba897e5a59947,0.8461538461538461,0.7764822134387351,0.7915271264108474
kernel_k7,36,158,67afb2a1ac68e66a76f56157b4eb4a8ccea4fbeafc5864d1951d4b9c9640621c,0.6962025316455697,0.5027228809837505,0.5203713527851459
kernel_k7,37,154,5fdc52b1f738a00655c51cfce62ff37250f0f630e83874560d991b81f5042052,0.7402597402597403,0.6204906204906204,0.6353073373533732
kernel_k7,38,157,87a1d240786fb6c821fe2efb5e0884f625290c8b28280c98e0cac146d0b7877d,0.47770700636942676,0.33563899868247693,0.3315396464633947
kernel_k7,39,157,19343df9087950448f724ef134bb9d10feb9e09568652d777e0fcdc9a79c5d3a,0.6178343949044586,0.411945542380325,0.4292504521349968
kernel_k7,40,158,78f3dca5442ed8ddd771eb796512543084c6e72a99cedfc27df7c7604d339492,0.7658227848101266,0.8151397515527949,0.7562188541774065
kernel_k7,41,156,b9866128581e65f35eed50264dd210b1a57901efac94cc77d1923a942ae16db6,0.7435897435897436,0.6383932492628145,0.6518144152695649
kernel_k7,42,156,fc9cc0311ad3daa5f95c40ef97aa6cd6907edb2e7d4ac6eed359e3d51478fff3,0.7692307692307693,0.6510806826024218,0.6691845321578841
kernel_k7,44,157,32d4c889b4881f2bbbb8b9722cb77d3d16830331dbaed85ffa3d08aa2ccdf61c,0.7261146496815286,0.5950592885375494,0.6053395588279309
kernel_k7,45,156,c09ea4e8e6628680a0ba0c5a5c4d3cbb9097f4a09c7136ce7d68d48f3ffc473e,0.7564102564102564,0.613652048434657,0.6273541497502522
kernel_k7,46,158,fb06a9ac7cfc6811fbe7741889c1c04f0bed554464c0c0174dfb107c337e92e3,0.6518987341772152,0.45949714536671055,0.4731660955236667
kernel_k7,47,157,0c35844343f8be723cf34d9de36d74c4153edb2508e14229393fe07fcf9709ad,0.5159235668789809,0.3821158008658008,0.3749289190875362
kernel_k7,48,156,327b38709d868763426f7822b69d00eae0669885e3d2d3add965ee7cb49bfefe,0.7115384615384616,0.5901138716356107,0.5893714243558675
kernel_k7,49,159,4d3f3f9e0f79dd0349c651d437d2dd8849332674e474a5ae0b0f4cd3c910a1ef,0.6477987421383647,0.46824769433465085,0.4748285486443381
kernel_k7,50,156,4e92b41704b5b076a289095a671d4eddc263fa05f0da778dc0c65f43590a95af,0.7884615384615384,0.6365722441809398,0.6646337534446426
kernel_k7,51,159,46d293cd1e6059fb96793e365441ab67bb8aacb55d00267561490e53e05f50aa,0.6918238993710691,0.47787698412698415,0.5260928443238634
kernel_k7,52,158,254bf46edda4932d2f4e1f41b13a6513e0ee840ed6191897591e7a586d60b752,0.759493670886076,0.6341485507246376,0.6492503059975521
kernel_k7,53,157,cedcb780f1d8977227578d3e87c925f4436464d550bff06fdc1244423191cc50,0.8662420382165605,0.8315327184892403,0.8331585347317221
kernel_k7,54,157,ae34fb9ac704529e79fb38d78efbec878f3138a8c368ceeb8a83f0349bcce86a,0.7961783439490446,0.716600790513834,0.7212017149517149
kernel_k7,55,157,a7629f4527bc1b1e562477afb986e82295ec09fd3fed91b59c36cfba8e6d3ead,0.8089171974522293,0.7226504172156346,0.7412561038052776
kernel_k7,56,157,143be3c310281cf95d243c515106a993bc5e303ff855b6018da11db4493b7009,0.7515923566878981,0.5970904699165569,0.618112577386771
kernel_k7,57,158,560bb705274959f046b113aa30e4267cdf67bfe39baafbd463b40059085f2dc3,0.7658227848101266,0.6993961352657004,0.7029032607518145
kernel_k7,58,157,ee221c396349fd192f4b6561d87571bda83f4644ddc505197460f8d978d9f7f5,0.6178343949044586,0.4423791486291487,0.44477272727272726
kernel_k7,59,158,50106a38a71ff293bb4192dd480e38e9932bc4a544c19bccb71410e1a1ccec8e,0.759493670886076,0.7007591442374052,0.6784175503387326
kernel_k7,60,159,a3a1c3b0b4a609dd3af8aec6d657a81eeb1a579ab2e54d6dbbb84fb376be9732,0.7232704402515723,0.6215991436100131,0.6029900124843944
kernel_k7,61,156,ed0ce21af41cd8430d058fdad11c4f21b71636e54a1def8671d304ccc49e5b08,0.6987179487179487,0.5060621745404354,0.5551463203235908
kernel_k7,62,157,e6cffdcb1d55c69c4a2717074ddd09722e4309abce7667bbff6bd6e8e4702230,0.7070063694267515,0.5003732981993851,0.539784011916584
kernel_k7,63,158,cdfd03c8cb520596b653abbe00cdb28700432617a1e9e1c0e16a584c119e54fb,0.620253164556962,0.4451141853315766,0.46313670240541444
kernel_k7,64,156,fec136b6b26986339296b7e67a370b60a0ca1c0064edc9b358ed450b4d3ed29e,0.6153846153846154,0.44132473806386846,0.4559023204722819
kernel_k7,65,158,0d143da414aa13b6994a9eae491bf7ec07f07d184fd4fbb9de35e155b685ec64,0.7025316455696202,0.551923740510697,0.5624723202935682
kernel_k7,66,158,24ff9eb02511adadd026142b6781176e239b8f3285d1998d2b1e16fdfad18ab9,0.5632911392405063,0.3700812472551603,0.3739426441372389
kernel_k7,67,157,940caf84657e7674b0cb0d12c608bc3408b3bfa3def0cdb552a13df51947f86a,0.5414012738853503,0.41493192797540623,0.40199395199395205
kernel_k7,68,158,7b3e814e8ea1f64ab4640cc106baa89b2aee5f397c92123106aa5d22502ba8f2,0.8164556962025317,0.7556324110671937,0.7460523353106984
kernel_k7,69,158,249b490abfa5998646ea787074efd0f0096c6758d1ad546eb7da16139ff5cfa8,0.7088607594936709,0.5562586266390614,0.5819885927936567
kernel_k7,70,157,73e0fd72f6c1ac6793b1e52a472f9f5072ee0742a62ca09b306d8364444d8f32,0.7770700636942676,0.7769543258673693,0.7415392996367948
kernel_k7,71,157,c325e5bcf6b468535834dab9018976cc159ae9c10de88bb652e9ef4a3c3c09b8,0.6560509554140127,0.5645037329819939,0.5614398171660742
kernel_k7,72,154,c3a4f7e32ff0fbd7d4a0e7db6e3d82382f7d79c96d803e8b19ec2aff8e1c73a1,0.7207792207792207,0.5826118326118326,0.6058460099545124
kernel_k7,73,153,ba20816828c6a955f16a698597e9acdbc0cbe11c28467a1a591e343c51853a0d,0.7189542483660131,0.5884920634920634,0.6071893803227952
kernel_k7,74,154,9598372f8fc378d394fc11af80977386e0b86c9a55dc65f058767af396672a35,0.6753246753246753,0.566955266955267,0.5684842331581462
kernel_k7,75,159,7c1cbde36592800b343f641f6f27c3c31ad5a24f9d86f59399352689f41fda05,0.5534591194968553,0.37982268335529207,0.37483348392851334
kernel_k7,76,153,98bc520f09f12c0000d8b3418173f321e74bd17f189314ef3c288bd9888d319e,0.5947712418300654,0.4718253968253968,0.4598768484894158
kernel_k7,77,158,40e5dc157d4e182394bc15f5d11e66df8cc0f2d200e00176b9824ffeaa63f829,0.6962025316455697,0.5788604209799861,0.5890647190099412
kernel_k7,78,158,4b625b01c114cf21338b4d7ff0aa7a985c6cf806f9d4baa1c1e6e07f3c9094d3,0.5886075949367089,0.39836407553798864,0.40796236924285706
kernel_k7,79,159,20e6c6b2fe501d11255fbf0e3e98086c478e25e6611a2a7ab7ce76719a0ec03a,0.6226415094339622,0.4819691480017567,0.4903247954587241
kernel_k7,80,156,3b0f7aab843de5b71471c0153ee8f9f9f31128e933224efef6234783e1205c1c,0.6602564102564102,0.5349833741138088,0.5382984790579892
kernel_k7,81,158,cfeaf253ef337cfb1532148d6688c997d49e1659ec4c0ad7693330822061ec23,0.7658227848101266,0.6267347386912604,0.6710035913990362
kernel_k7,82,156,2635a0df764a2c85c22cb04a6df79f532556cfa17e2bd47450494632f34cbd69,0.7051282051282052,0.5787502352719743,0.6054794300718729
kernel_k7,83,158,f25c46fd679f019d8fcb18fa3fa425785a4b73b09289de98764ae64763ec556a,0.6075949367088608,0.35666447079490554,0.33891586653423095
kernel_k7,84,158,9b1f189530b1b5963e40c18df61af0aace5e8efa996dcfe5240d816519aadfd6,0.6518987341772152,0.5080478700043918,0.5352852852852853
kernel_k7,85,157,8250532f56b065e3d27a221ba57d1649cf018d83edca5840f71cbd6d7f83589a,0.7006369426751592,0.5157553798858147,0.5415524971976585
kernel_k7,86,159,41571d1afe7b2e66e17798874869545ac6297955e70dccad7db0144ebd882179,0.8113207547169812,0.7559425779534475,0.7732097918096544
kernel_k7,87,157,55ad47fd220f7d0307389a4991d250ec05c7c30a170c321a1b69d749117339c6,0.5605095541401274,0.46174791392182696,0.44946428571428576
kernel_k7,90,158,8a7d9027df54d6ed813c5a441203642f92fc71a233247137e716ab0f2be37f7d,0.7658227848101266,0.6318620992534036,0.653069629605529
kernel_k7,91,158,2ba8409bd6ebcc4a4b934e9f2ef515bab9f14b8e419509aaed1c8348e04d8b0b,0.7151898734177216,0.5726394378568291,0.599627984402016
kernel_k7,93,157,4b171574850cf59edae9783ecc5b8a6e5e31285b08891c7cf921f31661968414,0.6369426751592356,0.5117588932806325,0.507318088217351
kernel_k7,94,158,d7ababb6686700237bcae59fa707ff53b8279d19ab235fa1784543761e9d4a92,0.7848101265822784,0.6512516469038208,0.675024975024975
kernel_k7,95,158,046a5496c6e44037396f4465891283c1d1d1567b5b65415e24684c2b076223bf,0.6645569620253164,0.5641304347826087,0.5622962243673959
kernel_k7,96,159,76d47bd905e75fd08f990055045cd0e9898b1638fa86600d9f8ede715389e2ca,0.6855345911949685,0.5735534694773825,0.5702373577073729
kernel_k7,97,157,c637865a6d4cdf64bf41afac4696e071d9b628503b76e24cd97de8b7d5846b3c,0.7261146496815286,0.6016688625384278,0.6128071253071252
kernel_k7,98,159,77c20773e2b3eb78ce5c0f017be3547ac1eeac74388a167ff6eefa847674ba8b,0.5849056603773585,0.5115667545015371,0.48816564630549003
kernel_k7,99,159,37a01d1cb1e0602f0b064f6af3dd3eacba03b061b758a77739a409ba0a074355,0.5031446540880503,0.3285271190162495,0.32922803141875306
kernel_k7,101,156,4e3628ae01b799524340b14b3ff090a50207e63a45e384b6fe63b537e853d33f,0.8333333333333334,0.8184908087082,0.796747746202836
kernel_k7,102,154,31b3f297a856d793fa66cef18cfa2739e78116ee34ab9fcd8d090fb251f9ef22,0.7077922077922078,0.6441919191919192,0.6147786031702562
kernel_k7,103,158,f38b966e739ae8583b164c236632188c0f9952e81261baee509aa002c555fe20,0.6645569620253164,0.4993961352657005,0.5234743836335023
kernel_k7,105,156,89adde456b0f1ccf1fd165125603905c0339ede8c39050c3102ae76fb4c7301a,0.6987179487179487,0.6381909153648284,0.6337171255710581
kernel_k7,106,157,b9c948da90fd49d3da76b364d94243b22c39ace5d61b7b7f22dd015a46528641,0.5987261146496815,0.35799062049062047,0.3566791681461317
kernel_k7,107,158,0f3fa893f05476ffe27a45498f98f724b91a56ff51b3e424ddd42fa71229b21e,0.5379746835443038,0.3435041407867495,0.3319955817378498
kernel_k7,108,158,d6b72f176a93aaa80c91f40530e15c3a56c44b73efe9ac49c7fa633c74343cb1,0.6455696202531646,0.4390535792709706,0.46593207260544656
kernel_k7,109,157,887398fc40c3b0c5646c24dad9bdcf91d8295edaf736071158afd4913aa11768,0.5095541401273885,0.3571256038647343,0.3602241682151823
kernel_k7_13,1,159,f0f374bdb65b66270143f95dc883ff969bbca21a7e5840b18447387543374c12,0.779874213836478,0.7013888888888888,0.6906244394472787
kernel_k7_13,2,156,0b5b52118db02c845fddd933ac2b00078b23b6fb2a5e1f2c95cf24aef6dced80,0.6794871794871795,0.5069028797289666,0.5445731137983648
kernel_k7_13,3,159,a465948981873e5775ad5dc9ee08251b1cb82e5bf67c7d2f94a06cb4b1373606,0.6855345911949685,0.5411863197189284,0.5629462041226747
kernel_k7_13,4,158,73e74f0988741323d2fd50ae3a4c4534c01ae03ed4d6b699cf2fdd0c95bd7f6f,0.740506329113924,0.6465085638998682,0.6601870161410313
kernel_k7_13,5,157,8d30e94def8e08e4f183ea3e491ee18d083b574f97bffc87cd1a459cf43ac742,0.6687898089171974,0.5548520923520923,0.5598367795738848
kernel_k7_13,6,158,c2f828a0a81089c4ec546c097339e134e8b1408bb1d64daaa3426d5e00d4260b,0.7721518987341772,0.7568064182194616,0.7285868894100633
kernel_k7_13,7,158,72998d66d8da405531c4cb78589f297e8d2dc37c0e7b2a975e6bbb47204e2106,0.8544303797468354,0.8056543697848046,0.79458867345821
kernel_k7_13,8,157,ec434ac1fd1c0c2c1cd7b7cd2ebe5a1ff21ade5ec2d4a9fca69a73d618d8e0f2,0.6624203821656051,0.5515920070267897,0.5599943560076451
kernel_k7_13,9,157,8b8bc6111e6e30a4378aefeb7a8cdf57f737128c78208597bbe285a882bd785a,0.6369426751592356,0.5695616883116883,0.5493226600985222
kernel_k7_13,10,157,dcb2a55a0c36a61a9c8541cedc78686ba125bae920cdaf3b708c5a58ad9e96f0,0.7579617834394905,0.6748647186147186,0.677449261733304
kernel_k7_13,11,158,b7c137e62da531d94ce4877362c930a5fb1054daa4bda94eff7df999321bd413,0.6329113924050633,0.4916227492314449,0.4802932472423998
kernel_k7_13,12,158,fef32dd3c5eedd68618520025506b930db3486be2a81c8891af0227165f73160,0.689873417721519,0.5945954106280193,0.6013565891472867
kernel_k7_13,13,158,635776fc6ffdd53c204a95a2786cb7565635d88287173e7c2a34f1d0c43991c1,0.6835443037974683,0.6144049187527448,0.6156111308653682
kernel_k7_13,14,156,f9c49c03899f165aededea9503edd0affe516a9d4314bfa2a919fec0b52cc858,0.6410256410256411,0.4928477319781668,0.49675238600212085
kernel_k7_13,15,158,a290f46872d32914bdec63cf75b37a3bed5b04ec3190352ec5b28e2f47146393,0.8860759493670886,0.8832894158981116,0.8607593273778246
kernel_k7_13,16,156,7638737754e7ce4b31ca13661b680055431b8e5f05062418ca6b6179dd14756f,0.6538461538461539,0.4467469728339294,0.47325073114522076
kernel_k7_13,17,156,0d2e7d83e2af72f2bf3acf6b893d7513ce3d4e296994790540309dcc11a6d6a6,0.7692307692307693,0.6141257293431206,0.6539982578397212
kernel_k7_13,18,158,c0141666680d88f39716f84cd850dff30ac5d7a1090d61b7d2b3dcaadbfe464f,0.9240506329113924,0.9090360122968819,0.9085375026864388
kernel_k7_13,19,158,420d110ff10f1ac32e9e615a40c18d708a36d10df32e892e1362dec6aa163120,0.7088607594936709,0.566897233201581,0.5813492063492063
kernel_k7_13,20,157,79492e9ad59ea258dfed0026a2f2b085db25472cdfc0b4765513c633136fef08,0.8152866242038217,0.7163482652613087,0.7237471489084393
kernel_k7_13,21,156,195c9a4715ab76d642d2b6bd5f4fe4ea4210ae48c7868839248ee747faa0a8ca,0.6410256410256411,0.37371031746031746,0.38479388479388477
kernel_k7_13,22,159,cc762e1403ec119d7e76ae305a184fbdfaec55a7fe6c30f12989c36301f6cb9e,0.8238993710691824,0.7158294905577514,0.7562373737373737
kernel_k7_13,23,157,23c3f3ca9710b672d70f19eb0f609e0e322934847747f485cd1cb0b5b0780a11,0.6878980891719745,0.5425669740887132,0.551254808143353
kernel_k7_13,24,158,bea816d44836810f382adb5363722274bc3cf4552741c51baa9ff3cf8bbfc4cd,0.6329113924050633,0.3920509442248573,0.3767923579688286
kernel_k7_13,25,156,0dd93b2539b82ca64fe434df01185e6b9c2bc2f11e8362aad6f263547b4b734c,0.6089743589743589,0.42601010101010095,0.369872813990461
kernel_k7_13,26,159,14e31386e0570d367d9bf7e424636871085aa5d3ed5329db7c86a553ab4d8fb4,0.6163522012578616,0.37132936507936515,0.37870560811737286
kernel_k7_13,27,158,ff3b33c2a275cce53908904c4cb548e8f5ea96745bcb172a1e990645539b37ad,0.620253164556962,0.46988361879666224,0.4792851919780391
kernel_k7_13,28,157,9d581e872a3dc1381bdd9c8bd841991f21475052eda0c1b01666fca4e0c0ebf7,0.6878980891719745,0.5026021080368906,0.5260416666666666
kernel_k7_13,29,158,0dfa42cb21e283bfa78b66f5e829fdc15f664454d6aa91bc8f9e6e330e73d583,0.7468354430379747,0.6093214756258234,0.6148380721662629
kernel_k7_13,30,156,d82f870da5ffebcaa0f56ea50876f4c5bfeaff1d35429438348368c993bd38fb,0.717948717948718,0.6356150793650794,0.6378195651625
kernel_k7_13,31,157,25a6ff834addf2ea143b25b0d0264ad48b8d9b2b7cc373698f50ed75a22bfe1e,0.6178343949044586,0.4548748353096179,0.47272421789228514
kernel_k7_13,32,158,1704ee301fb550f9fa540aa1ae745332b76b7270e8d1ec8f4b3dd0d57a4aeb53,0.8734177215189873,0.7922532781228433,0.8202212810121003
kernel_k7_13,33,158,250b427d3042682e624d397fc6453373f38f74e172cc81a1eccaab381e69d43d,0.7468354430379747,0.6321146245059288,0.6590710090030742
kernel_k7_13,34,154,652ac94695799bdf51ac4406af328465f9f092eb1962f0ecf23ab93b4d4c35ad,0.6753246753246753,0.5411976911976912,0.5282144847905718
kernel_k7_13,35,156,1cbec336ef4d6d2e6e3bfec0b90fd322be71757b3d9c5c3ed0dba897e5a59947,0.8782051282051282,0.8075898738942218,0.8291779310974356
kernel_k7_13,36,158,67afb2a1ac68e66a76f56157b4eb4a8ccea4fbeafc5864d1951d4b9c9640621c,0.7278481012658228,0.5585529205094423,0.5734336433215479
kernel_k7_13,37,154,5fdc52b1f738a00655c51cfce62ff37250f0f630e83874560d991b81f5042052,0.7467532467532467,0.6232683982683982,0.6391563689357806
kernel_k7_13,38,157,87a1d240786fb6c821fe2efb5e0884f625290c8b28280c98e0cac146d0b7877d,0.46496815286624205,0.3347167325428194,0.31364848770650827
kernel_k7_13,39,157,19343df9087950448f724ef134bb9d10feb9e09568652d777e0fcdc9a79c5d3a,0.5668789808917197,0.36445981554677204,0.35998193315266486
kernel_k7_13,40,158,78f3dca5442ed8ddd771eb796512543084c6e72a99cedfc27df7c7604d339492,0.759493670886076,0.8036878881987577,0.7469638638432529
kernel_k7_13,41,156,b9866128581e65f35eed50264dd210b1a57901efac94cc77d1923a942ae16db6,0.7756410256410257,0.6538584603801995,0.6761510453370918
kernel_k7_13,42,156,fc9cc0311ad3daa5f95c40ef97aa6cd6907edb2e7d4ac6eed359e3d51478fff3,0.7628205128205128,0.6488440303657694,0.6768739074577199
kernel_k7_13,44,157,32d4c889b4881f2bbbb8b9722cb77d3d16830331dbaed85ffa3d08aa2ccdf61c,0.7261146496815286,0.6122310057092665,0.6170336306205872
kernel_k7_13,45,156,c09ea4e8e6628680a0ba0c5a5c4d3cbb9097f4a09c7136ce7d68d48f3ffc473e,0.7884615384615384,0.6619314260618608,0.6741305636654473
kernel_k7_13,46,158,fb06a9ac7cfc6811fbe7741889c1c04f0bed554464c0c0174dfb107c337e92e3,0.6012658227848101,0.4044137022397892,0.41761444702621175
kernel_k7_13,47,157,0c35844343f8be723cf34d9de36d74c4153edb2508e14229393fe07fcf9709ad,0.5222929936305732,0.3829996392496392,0.3817202462380301
kernel_k7_13,48,156,327b38709d868763426f7822b69d00eae0669885e3d2d3add965ee7cb49bfefe,0.6923076923076923,0.6177944036639689,0.6016117257713897
kernel_k7_13,49,159,4d3f3f9e0f79dd0349c651d437d2dd8849332674e474a5ae0b0f4cd3c910a1ef,0.6352201257861635,0.5237209046991655,0.5284626252427729
kernel_k7_13,50,156,4e92b41704b5b076a289095a671d4eddc263fa05f0da778dc0c65f43590a95af,0.75,0.5855150887759584,0.599557875180529
kernel_k7_13,51,159,46d293cd1e6059fb96793e365441ab67bb8aacb55d00267561490e53e05f50aa,0.660377358490566,0.4228174603174603,0.45005759347864605
kernel_k7_13,52,158,254bf46edda4932d2f4e1f41b13a6513e0ee840ed6191897591e7a586d60b752,0.7658227848101266,0.6967434437543133,0.7051474840948526
kernel_k7_13,53,157,cedcb780f1d8977227578d3e87c925f4436464d550bff06fdc1244423191cc50,0.7770700636942676,0.7749780412823891,0.7379984051036682
kernel_k7_13,54,157,ae34fb9ac704529e79fb38d78efbec878f3138a8c368ceeb8a83f0349bcce86a,0.7707006369426752,0.6969038208168643,0.6909212990341022
kernel_k7_13,55,157,a7629f4527bc1b1e562477afb986e82295ec09fd3fed91b59c36cfba8e6d3ead,0.802547770700637,0.6870114185331576,0.7133884658099318
kernel_k7_13,56,157,143be3c310281cf95d243c515106a993bc5e303ff855b6018da11db4493b7009,0.7197452229299363,0.5331686429512517,0.5545234445336642
kernel_k7_13,57,158,560bb705274959f046b113aa30e4267cdf67bfe39baafbd463b40059085f2dc3,0.7784810126582279,0.7051501035196687,0.6934762983217835
kernel_k7_13,58,157,ee221c396349fd192f4b6561d87571bda83f4644ddc505197460f8d978d9f7f5,0.6305732484076433,0.4409722222222222,0.4000790991997022
kernel_k7_13,59,158,50106a38a71ff293bb4192dd480e38e9932bc4a544c19bccb71410e1a1ccec8e,0.7531645569620253,0.6843900966183575,0.6721228203539988
kernel_k7_13,60,159,a3a1c3b0b4a609dd3af8aec6d657a81eeb1a579ab2e54d6dbbb84fb376be9732,0.6981132075471698,0.5785326086956523,0.5690936909881009
kernel_k7_13,61,156,ed0ce21af41cd8430d058fdad11c4f21b71636e54a1def8671d304ccc49e5b08,0.7051282051282052,0.5636018570801179,0.5938899950223993
kernel_k7_13,62,157,e6cffdcb1d55c69c4a2717074ddd09722e4309abce7667bbff6bd6e8e4702230,0.8089171974522293,0.6892951251646904,0.7266025641025642
kernel_k7_13,63,158,cdfd03c8cb520596b653abbe00cdb28700432617a1e9e1c0e16a584c119e54fb,0.6708860759493671,0.4668423364075538,0.5013323182337267
kernel_k7_13,64,156,fec136b6b26986339296b7e67a370b60a0ca1c0064edc9b358ed450b4d3ed29e,0.6730769230769231,0.5377642888512453,0.5300020531772919
kernel_k7_13,65,158,0d143da414aa13b6994a9eae491bf7ec07f07d184fd4fbb9de35e155b685ec64,0.7468354430379747,0.6256168046928916,0.6435046435046435
kernel_k7_13,66,158,24ff9eb02511adadd026142b6781176e239b8f3285d1998d2b1e16fdfad18ab9,0.5253164556962026,0.32104743083003956,0.32362840411620897
kernel_k7_13,67,157,940caf84657e7674b0cb0d12c608bc3408b3bfa3def0cdb552a13df51947f86a,0.5605095541401274,0.458596837944664,0.43096875222858777
kernel_k7_13,68,158,7b3e814e8ea1f64ab4640cc106baa89b2aee5f397c92123106aa5d22502ba8f2,0.810126582278481,0.769038208168643,0.7598188884881998
kernel_k7_13,69,158,249b490abfa5998646ea787074efd0f0096c6758d1ad546eb7da16139ff5cfa8,0.740506329113924,0.6008324706694271,0.6085234589840346
kernel_k7_13,70,157,73e0fd72f6c1ac6793b1e52a472f9f5072ee0742a62ca09b306d8364444d8f32,0.8089171974522293,0.7903491436100132,0.7673424633011099
kernel_k7_13,71,157,c325e5bcf6b468535834dab9018976cc159ae9c10de88bb652e9ef4a3c3c09b8,0.643312101910828,0.525098814229249,0.5302727468069066
kernel_k7_13,72,154,c3a4f7e32ff0fbd7d4a0e7db6e3d82382f7d79c96d803e8b19ec2aff8e1c73a1,0.7012987012987013,0.5377705627705628,0.5478141423793599
kernel_k7_13,73,153,ba20816828c6a955f16a698597e9acdbc0cbe11c28467a1a591e343c51853a0d,0.7189542483660131,0.551984126984127,0.583552864256131
kernel_k7_13,74,154,9598372f8fc378d394fc11af80977386e0b86c9a55dc65f058767af396672a35,0.6753246753246753,0.5116522366522367,0.5437723286440557
kernel_k7_13,75,159,7c1cbde36592800b343f641f6f27c3c31ad5a24f9d86f59399352689f41fda05,0.559748427672956,0.38642951251646906,0.3921356421356421
kernel_k7_13,76,153,98bc520f09f12c0000d8b3418173f321e74bd17f189314ef3c288bd9888d319e,0.5620915032679739,0.4123015873015873,0.422861126432555
kernel_k7_13,77,158,40e5dc157d4e182394bc15f5d11e66df8cc0f2d200e00176b9824ffeaa63f829,0.6582278481012658,0.5244522084195997,0.5155392100718205
kernel_k7_13,78,158,4b625b01c114cf21338b4d7ff0aa7a985c6cf806f9d4baa1c1e6e07f3c9094d3,0.569620253164557,0.43048967940272287,0.4351020219971833
kernel_k7_13,79,159,20e6c6b2fe501d11255fbf0e3e98086c478e25e6611a2a7ab7ce76719a0ec03a,0.6289308176100629,0.5004364295125164,0.5024834996033153
kernel_k7_13,80,156,3b0f7aab843de5b71471c0153ee8f9f9f31128e933224efef6234783e1205c1c,0.6346153846153846,0.5233311374615723,0.5162484373767348
kernel_k7_13,81,158,cfeaf253ef337cfb1532148d6688c997d49e1659ec4c0ad7693330822061ec23,0.759493670886076,0.6067852437417656,0.6453672108263213
kernel_k7_13,82,156,2635a0df764a2c85c22cb04a6df79f532556cfa17e2bd47450494632f34cbd69,0.6987179487179487,0.5495796474057343,0.5610975578883153
kernel_k7_13,83,158,f25c46fd679f019d8fcb18fa3fa425785a4b73b09289de98764ae64763ec556a,0.6265822784810127,0.35789415898111554,0.35510883252383524
kernel_k7_13,84,158,9b1f189530b1b5963e40c18df61af0aace5e8efa996dcfe5240d816519aadfd6,0.620253164556962,0.47136583223539746,0.48950107681263455
kernel_k7_13,85,157,8250532f56b065e3d27a221ba57d1649cf018d83edca5840f71cbd6d7f83589a,0.6878980891719745,0.48592446201141853,0.5087879992291757
kernel_k7_13,86,159,41571d1afe7b2e66e17798874869545ac6297955e70dccad7db0144ebd882179,0.8050314465408805,0.7249972551602986,0.7377895608305114
kernel_k7_13,87,157,55ad47fd220f7d0307389a4991d250ec05c7c30a170c321a1b69d749117339c6,0.5477707006369427,0.42283706631532714,0.4077967771890895
kernel_k7_13,90,158,8a7d9027df54d6ed813c5a441203642f92fc71a233247137e716ab0f2be37f7d,0.759493670886076,0.6119126043039087,0.6381131552869616
kernel_k7_13,91,158,2ba8409bd6ebcc4a4b934e9f2ef515bab9f14b8e419509aaed1c8348e04d8b0b,0.6392405063291139,0.5473978919631094,0.5423028973519857
kernel_k7_13,93,157,4b171574850cf59edae9783ecc5b8a6e5e31285b08891c7cf921f31661968414,0.5923566878980892,0.5094861660079052,0.4967111372851027
kernel_k7_13,94,158,d7ababb6686700237bcae59fa707ff53b8279d19ab235fa1784543761e9d4a92,0.7468354430379747,0.6279754062362759,0.6430893081474349
kernel_k7_13,95,158,046a5496c6e44037396f4465891283c1d1d1567b5b65415e24684c2b076223bf,0.7278481012658228,0.5909200702678964,0.6012892363003391
kernel_k7_13,96,159,76d47bd905e75fd08f990055045cd0e9898b1638fa86600d9f8ede715389e2ca,0.7547169811320755,0.6894954984628897,0.6940026265868962
kernel_k7_13,97,157,c637865a6d4cdf64bf41afac4696e071d9b628503b76e24cd97de8b7d5846b3c,0.6751592356687898,0.5804347826086956,0.5753212117566261
kernel_k7_13,98,159,77c20773e2b3eb78ce5c0f017be3547ac1eeac74388a167ff6eefa847674ba8b,0.710691823899371,0.630991985068072,0.6267540574282148
kernel_k7_13,99,159,37a01d1cb1e0602f0b064f6af3dd3eacba03b061b758a77739a409ba0a074355,0.5345911949685535,0.3176054018445323,0.31978279412785027
kernel_k7_13,101,156,4e3628ae01b799524340b14b3ff090a50207e63a45e384b6fe63b537e853d33f,0.8525641025641025,0.8369392684610075,0.7972272523706603
kernel_k7_13,102,154,31b3f297a856d793fa66cef18cfa2739e78116ee34ab9fcd8d090fb251f9ef22,0.7077922077922078,0.6345238095238095,0.6116329535766876
kernel_k7_13,103,158,f38b966e739ae8583b164c236632188c0f9952e81261baee509aa002c555fe20,0.6645569620253164,0.5413372859025033,0.5337234363550153
kernel_k7_13,105,156,89adde456b0f1ccf1fd165125603905c0339ede8c39050c3102ae76fb4c7301a,0.7307692307692307,0.7102515841646276,0.6923651252408477
kernel_k7_13,106,157,b9c948da90fd49d3da76b364d94243b22c39ace5d61b7b7f22dd015a46528641,0.6560509554140127,0.4489718614718614,0.4789065834400341
kernel_k7_13,107,158,0f3fa893f05476ffe27a45498f98f724b91a56ff51b3e424ddd42fa71229b21e,0.5822784810126582,0.37835576259489306,0.38903657616892906
kernel_k7_13,108,158,d6b72f176a93aaa80c91f40530e15c3a56c44b73efe9ac49c7fa633c74343cb1,0.6329113924050633,0.4087285902503294,0.4300566581240198
kernel_k7_13,109,157,887398fc40c3b0c5646c24dad9bdcf91d8295edaf736071158afd4913aa11768,0.5859872611464968,0.4328941589811155,0.4478995355565707
kernel_k7_9,1,159,f0f374bdb65b66270143f95dc883ff969bbca21a7e5840b18447387543374c12,0.8176100628930818,0.7491051822573562,0.749308603376033
kernel_k7_9,2,156,0b5b52118db02c845fddd933ac2b00078b23b6fb2a5e1f2c95cf24aef6dced80,0.6474358974358975,0.5113150134889265,0.530285985857383
kernel_k7_9,3,159,a465948981873e5775ad5dc9ee08251b1cb82e5bf67c7d2f94a06cb4b1373606,0.6477987421383647,0.45107597716293374,0.47058371735791094
kernel_k7_9,4,158,73e74f0988741323d2fd50ae3a4c4534c01ae03ed4d6b699cf2fdd0c95bd7f6f,0.8417721518987342,0.7576635924462012,0.7993933869751069
kernel_k7_9,5,157,8d30e94def8e08e4f183ea3e491ee18d083b574f97bffc87cd1a459cf43ac742,0.6878980891719745,0.5404671717171717,0.5627913752913754
kernel_k7_9,6,158,c2f828a0a81089c4ec546c097339e134e8b1408bb1d64daaa3426d5e00d4260b,0.6962025316455697,0.6266951345755694,0.610137040580993
kernel_k7_9,7,158,72998d66d8da405531c4cb78589f297e8d2dc37c0e7b2a975e6bbb47204e2106,0.8227848101265823,0.7674901185770752,0.7500541125541125
kernel_k7_9,8,157,ec434ac1fd1c0c2c1cd7b7cd2ebe5a1ff21ade5ec2d4a9fca69a73d618d8e0f2,0.6687898089171974,0.5296003513394818,0.530283782045853
kernel_k7_9,9,157,8b8bc6111e6e30a4378aefeb7a8cdf57f737128c78208597bbe285a882bd785a,0.7515923566878981,0.6525523088023089,0.6712203524913491
kernel_k7_9,10,157,dcb2a55a0c36a61a9c8541cedc78686ba125bae920cdaf3b708c5a58ad9e96f0,0.7388535031847133,0.6855970418470418,0.6718233082706768
kernel_k7_9,11,158,b7c137e62da531d94ce4877362c930a5fb1054daa4bda94eff7df999321bd413,0.5632911392405063,0.43728590250329374,0.4195336542255188
kernel_k7_9,12,158,fef32dd3c5eedd68618520025506b930db3486be2a81c8891af0227165f73160,0.6645569620253164,0.5378493788819876,0.5591451681733894
kernel_k7_9,13,158,635776fc6ffdd53c204a95a2786cb7565635d88287173e7c2a34f1d0c43991c1,0.6645569620253164,0.6060715854194115,0.58617452709398
kernel_k7_9,14,156,f9c49c03899f165aededea9503edd0affe516a9d4314bfa2a919fec0b52cc858,0.6346153846153846,0.4713219148001756,0.4880647130647131
kernel_k7_9,15,158,a290f46872d32914bdec63cf75b37a3bed5b04ec3190352ec5b28e2f47146393,0.8924050632911392,0.8865612648221345,0.8726401827655628
kernel_k7_9,16,156,7638737754e7ce4b31ca13661b680055431b8e5f05062418ca6b6179dd14756f,0.6410256410256411,0.4928006775832863,0.5095084476478338
kernel_k7_9,17,156,0d2e7d83e2af72f2bf3acf6b893d7513ce3d4e296994790540309dcc11a6d6a6,0.7564102564102564,0.5928806700545831,0.6408608962788529
kernel_k7_9,18,158,c0141666680d88f39716f84cd850dff30ac5d7a1090d61b7d2b3dcaadbfe464f,0.930379746835443,0.9042160737812912,0.9093914237935977
kernel_k7_9,19,158,420d110ff10f1ac32e9e615a40c18d708a36d10df32e892e1362dec6aa163120,0.689873417721519,0.5752415458937198,0.5761280386280386
kernel_k7_9,20,157,79492e9ad59ea258dfed0026a2f2b085db25472cdfc0b4765513c633136fef08,0.8662420382165605,0.7729139218269653,0.7879846855653306
kernel_k7_9,21,156,195c9a4715ab76d642d2b6bd5f4fe4ea4210ae48c7868839248ee747faa0a8ca,0.6858974358974359,0.43898809523809523,0.4700880908382258
kernel_k7_9,22,159,cc762e1403ec119d7e76ae305a184fbdfaec55a7fe6c30f12989c36301f6cb9e,0.7987421383647799,0.6741216512955643,0.7042995169082125
kernel_k7_9,23,157,23c3f3ca9710b672d70f19eb0f609e0e322934847747f485cd1cb0b5b0780a11,0.6815286624203821,0.564064558629776,0.5561003279075365
kernel_k7_9,24,158,bea816d44836810f382adb5363722274bc3cf4552741c51baa9ff3cf8bbfc4cd,0.5379746835443038,0.309925340360123,0.2942994505494505
kernel_k7_9,25,156,0dd93b2539b82ca64fe434df01185e6b9c2bc2f11e8362aad6f263547b4b734c,0.6025641025641025,0.43379289792333264,0.4276942355889724
kernel_k7_9,26,159,14e31386e0570d367d9bf7e424636871085aa5d3ed5329db7c86a553ab4d8fb4,0.5723270440251572,0.3183531746031746,0.31749531365796246
kernel_k7_9,27,158,ff3b33c2a275cce53908904c4cb548e8f5ea96745bcb172a1e990645539b37ad,0.6772151898734177,0.5611001317523057,0.5677644617862009
kernel_k7_9,28,157,9d581e872a3dc1381bdd9c8bd841991f21475052eda0c1b01666fca4e0c0ebf7,0.6369426751592356,0.4632081686429513,0.4811471883860947
kernel_k7_9,29,158,0dfa42cb21e283bfa78b66f5e829fdc15f664454d6aa91bc8f9e6e330e73d583,0.7341772151898734,0.5733750548967941,0.5705046441653585
kernel_k7_9,30,156,d82f870da5ffebcaa0f56ea50876f4c5bfeaff1d35429438348368c993bd38fb,0.7051282051282052,0.6253968253968254,0.6221546045776404
kernel_k7_9,31,157,25a6ff834addf2ea143b25b0d0264ad48b8d9b2b7cc373698f50ed75a22bfe1e,0.6178343949044586,0.4649429073342116,0.47192312822564925
kernel_k7_9,32,158,1704ee301fb550f9fa540aa1ae745332b76b7270e8d1ec8f4b3dd0d57a4aeb53,0.8987341772151899,0.8277691511387164,0.8494005994005994
kernel_k7_9,33,158,250b427d3042682e624d397fc6453373f38f74e172cc81a1eccaab381e69d43d,0.7468354430379747,0.5936319718928414,0.6323522514071294
kernel_k7_9,34,154,652ac94695799bdf51ac4406af328465f9f092eb1962f0ecf23ab93b4d4c35ad,0.7142857142857143,0.6287157287157287,0.612104031469635
kernel_k7_9,35,156,1cbec336ef4d6d2e6e3bfec0b90fd322be71757b3d9c5c3ed0dba897e5a59947,0.8717948717948718,0.8412729782295,0.8336540955706973
kernel_k7_9,36,158,67afb2a1ac68e66a76f56157b4eb4a8ccea4fbeafc5864d1951d4b9c9640621c,0.6772151898734177,0.5014931927975406,0.4959181282634891
kernel_k7_9,37,154,5fdc52b1f738a00655c51cfce62ff37250f0f630e83874560d991b81f5042052,0.7532467532467533,0.6174603174603175,0.6483286575527487
kernel_k7_9,38,157,87a1d240786fb6c821fe2efb5e0884f625290c8b28280c98e0cac146d0b7877d,0.4394904458598726,0.29370882740447957,0.28082251082251086
kernel_k7_9,39,157,19343df9087950448f724ef134bb9d10feb9e09568652d777e0fcdc9a79c5d3a,0.5859872611464968,0.3803908651734738,0.3834839676612537
kernel_k7_9,40,158,78f3dca5442ed8ddd771eb796512543084c6e72a99cedfc27df7c7604d339492,0.7658227848101266,0.838962215320911,0.759899643681845
kernel_k7_9,41,156,b9866128581e65f35eed50264dd210b1a57901efac94cc77d1923a942ae16db6,0.7564102564102564,0.6288004266265136,0.6494613655738974
kernel_k7_9,42,156,fc9cc0311ad3daa5f95c40ef97aa6cd6907edb2e7d4ac6eed359e3d51478fff3,0.7628205128205128,0.633695652173913,0.6569867912260892
kernel_k7_9,44,157,32d4c889b4881f2bbbb8b9722cb77d3d16830331dbaed85ffa3d08aa2ccdf61c,0.7261146496815286,0.5697957839262187,0.5884499136442142
kernel_k7_9,45,156,c09ea4e8e6628680a0ba0c5a5c4d3cbb9097f4a09c7136ce7d68d48f3ffc473e,0.717948717948718,0.5798607189911538,0.5859851787271142
kernel_k7_9,46,158,fb06a9ac7cfc6811fbe7741889c1c04f0bed554464c0c0174dfb107c337e92e3,0.620253164556962,0.4627799736495389,0.47565542840230846
kernel_k7_9,47,157,0c35844343f8be723cf34d9de36d74c4153edb2508e14229393fe07fcf9709ad,0.5859872611464968,0.4309253246753247,0.42775136965625876
kernel_k7_9,48,156,327b38709d868763426f7822b69d00eae0669885e3d2d3add965ee7cb49bfefe,0.7371794871794872,0.6366977225672878,0.643960372443979
kernel_k7_9,49,159,4d3f3f9e0f79dd0349c651d437d2dd8849332674e474a5ae0b0f4cd3c910a1ef,0.6855345911949685,0.5540760869565218,0.5761064440806248
kernel_k7_9,50,156,4e92b41704b5b076a289095a671d4eddc263fa05f0da778dc0c65f43590a95af,0.7564102564102564,0.5978668674320848,0.612107459627815
kernel_k7_9,51,159,46d293cd1e6059fb96793e365441ab67bb8aacb55d00267561490e53e05f50aa,0.6666666666666666,0.4485119047619048,0.48991970039764154
kernel_k7_9,52,158,254bf46edda4932d2f4e1f41b13a6513e0ee840ed6191897591e7a586d60b752,0.7341772151898734,0.632815734989648,0.6430473952213084
kernel_k7_9,53,157,cedcb780f1d8977227578d3e87c925f4436464d550bff06fdc1244423191cc50,0.821656050955414,0.7777448397013614,0.7583280038302528
kernel_k7_9,54,157,ae34fb9ac704529e79fb38d78efbec878f3138a8c368ceeb8a83f0349bcce86a,0.802547770700637,0.720860781730347,0.7153914264777723
kernel_k7_9,55,157,a7629f4527bc1b1e562477afb986e82295ec09fd3fed91b59c36cfba8e6d3ead,0.821656050955414,0.6862648221343873,0.7345737595737596
kernel_k7_9,56,157,143be3c310281cf95d243c515106a993bc5e303ff855b6018da11db4493b7009,0.7133757961783439,0.5298967940272288,0.5692307692307692
kernel_k7_9,57,158,560bb705274959f046b113aa30e4267cdf67bfe39baafbd463b40059085f2dc3,0.740506329113924,0.6760524499654934,0.6647846710167102
kernel_k7_9,58,157,ee221c396349fd192f4b6561d87571bda83f4644ddc505197460f8d978d9f7f5,0.6050955414012739,0.4460858585858586,0.4112078690560636
kernel_k7_9,59,158,50106a38a71ff293bb4192dd480e38e9932bc4a544c19bccb71410e1a1ccec8e,0.7468354430379747,0.666334541062802,0.6560300109228795
kernel_k7_9,60,159,a3a1c3b0b4a609dd3af8aec6d657a81eeb1a579ab2e54d6dbbb84fb376be9732,0.7547169811320755,0.6402448397013614,0.6268352373324749
kernel_k7_9,61,156,ed0ce21af41cd8430d058fdad11c4f21b71636e54a1def8671d304ccc49e5b08,0.7051282051282052,0.5442656377438986,0.5983419358419358
kernel_k7_9,62,157,e6cffdcb1d55c69c4a2717074ddd09722e4309abce7667bbff6bd6e8e4702230,0.7452229299363057,0.6100021958717612,0.6427667593581878
kernel_k7_9,63,158,cdfd03c8cb520596b653abbe00cdb28700432617a1e9e1c0e16a584c119e54fb,0.6582278481012658,0.4284255599472991,0.4531842948425099
kernel_k7_9,64,156,fec136b6b26986339296b7e67a370b60a0ca1c0064edc9b358ed450b4d3ed29e,0.6602564102564102,0.4885971516406299,0.4885775935883824
kernel_k7_9,65,158,0d143da414aa13b6994a9eae491bf7ec07f07d184fd4fbb9de35e155b685ec64,0.7278481012658228,0.588798309178744,0.603929487495684
kernel_k7_9,66,158,24ff9eb02511adadd026142b6781176e239b8f3285d1998d2b1e16fdfad18ab9,0.6075949367088608,0.439558629776021,0.4498994278562489
kernel_k7_9,67,157,940caf84657e7674b0cb0d12c608bc3408b3bfa3def0cdb552a13df51947f86a,0.5222929936305732,0.4137022397891963,0.41142252563424114
kernel_k7_9,68,158,7b3e814e8ea1f64ab4640cc106baa89b2aee5f397c92123106aa5d22502ba8f2,0.759493670886076,0.6639218269653052,0.6616279383585675
kernel_k7_9,69,158,249b490abfa5998646ea787074efd0f0096c6758d1ad546eb7da16139ff5cfa8,0.7151898734177216,0.5362491373360939,0.571381753270298
kernel_k7_9,70,157,73e0fd72f6c1ac6793b1e52a472f9f5072ee0742a62ca09b306d8364444d8f32,0.7961783439490446,0.7686100131752305,0.7524490595611285
kernel_k7_9,71,157,c325e5bcf6b468535834dab9018976cc159ae9c10de88bb652e9ef4a3c3c09b8,0.6560509554140127,0.4892072902942468,0.504547712319733
kernel_k7_9,72,154,c3a4f7e32ff0fbd7d4a0e7db6e3d82382f7d79c96d803e8b19ec2aff8e1c73a1,0.7077922077922078,0.5491341991341991,0.5571092803478823
kernel_k7_9,73,153,ba20816828c6a955f16a698597e9acdbc0cbe11c28467a1a591e343c51853a0d,0.7450980392156863,0.5996031746031746,0.6440140304341757
kernel_k7_9,74,154,9598372f8fc378d394fc11af80977386e0b86c9a55dc65f058767af396672a35,0.6883116883116883,0.537085137085137,0.5565494238932687
kernel_k7_9,75,159,7c1cbde36592800b343f641f6f27c3c31ad5a24f9d86f59399352689f41fda05,0.5283018867924528,0.3544219367588933,0.3586827586827587
kernel_k7_9,76,153,98bc520f09f12c0000d8b3418173f321e74bd17f189314ef3c288bd9888d319e,0.5620915032679739,0.4488095238095238,0.44324818503225105
kernel_k7_9,77,158,40e5dc157d4e182394bc15f5d11e66df8cc0f2d200e00176b9824ffeaa63f829,0.689873417721519,0.537888198757764,0.5475615887380594
kernel_k7_9,78,158,4b625b01c114cf21338b4d7ff0aa7a985c6cf806f9d4baa1c1e6e07f3c9094d3,0.5632911392405063,0.4277119016249451,0.43489942270430076
kernel_k7_9,79,159,20e6c6b2fe501d11255fbf0e3e98086c478e25e6611a2a7ab7ce76719a0ec03a,0.6729559748427673,0.6166529424681598,0.6005943203969519
kernel_k7_9,80,156,3b0f7aab843de5b71471c0153ee8f9f9f31128e933224efef6234783e1205c1c,0.5961538461538461,0.4636410690758517,0.45727094078669633
kernel_k7_9,81,158,cfeaf253ef337cfb1532148d6688c997d49e1659ec4c0ad7693330822061ec23,0.8037974683544303,0.6843544137022397,0.719906637921151
kernel_k7_9,82,156,2635a0df764a2c85c22cb04a6df79f532556cfa17e2bd47450494632f34cbd69,0.6730769230769231,0.5491718426501035,0.5525106837606838
kernel_k7_9,83,158,f25c46fd679f019d8fcb18fa3fa425785a4b73b09289de98764ae64763ec556a,0.6329113924050633,0.37537329819938514,0.3523314318407458
kernel_k7_9,84,158,9b1f189530b1b5963e40c18df61af0aace5e8efa996dcfe5240d816519aadfd6,0.6392405063291139,0.49440052700922266,0.5191676466647811
kernel_k7_9,85,157,8250532f56b065e3d27a221ba57d1649cf018d83edca5840f71cbd6d7f83589a,0.7006369426751592,0.5172375933245498,0.5367654287155932
kernel_k7_9,86,159,41571d1afe7b2e66e17798874869545ac6297955e70dccad7db0144ebd882179,0.8113207547169812,0.7425175669740887,0.7438497238338171
kernel_k7_9,87,157,55ad47fd220f7d0307389a4991d250ec05c7c30a170c321a1b69d749117339c6,0.5923566878980892,0.42510979358805445,0.4326594274073266
kernel_k7_9,90,158,8a7d9027df54d6ed813c5a441203642f92fc71a233247137e716ab0f2be37f7d,0.7341772151898734,0.576526130873957,0.6011953776899429
kernel_k7_9,91,158,2ba8409bd6ebcc4a4b934e9f2ef515bab9f14b8e419509aaed1c8348e04d8b0b,0.7531645569620253,0.6054896794027228,0.6405176940402659
kernel_k7_9,93,157,4b171574850cf59edae9783ecc5b8a6e5e31285b08891c7cf921f31661968414,0.5923566878980892,0.5347496706192358,0.5144795358209993
kernel_k7_9,94,158,d7ababb6686700237bcae59fa707ff53b8279d19ab235fa1784543761e9d4a92,0.759493670886076,0.6492204655248134,0.6600154170891708
kernel_k7_9,95,158,046a5496c6e44037396f4465891283c1d1d1567b5b65415e24684c2b076223bf,0.6645569620253164,0.5373847167325428,0.5467838158890475
kernel_k7_9,96,159,76d47bd905e75fd08f990055045cd0e9898b1638fa86600d9f8ede715389e2ca,0.710691823899371,0.6008893280632411,0.6118832505123787
kernel_k7_9,97,157,c637865a6d4cdf64bf41afac4696e071d9b628503b76e24cd97de8b7d5846b3c,0.7388535031847133,0.5991326306543698,0.6197185568856913
kernel_k7_9,98,159,77c20773e2b3eb78ce5c0f017be3547ac1eeac74388a167ff6eefa847674ba8b,0.6981132075471698,0.5949632191480018,0.5875077873958948
kernel_k7_9,99,159,37a01d1cb1e0602f0b064f6af3dd3eacba03b061b758a77739a409ba0a074355,0.49056603773584906,0.3309810057092666,0.31512437577661595
kernel_k7_9,101,156,4e3628ae01b799524340b14b3ff090a50207e63a45e384b6fe63b537e853d33f,0.8397435897435898,0.830889641759207,0.7961187732691205
kernel_k7_9,102,154,31b3f297a856d793fa66cef18cfa2739e78116ee34ab9fcd8d090fb251f9ef22,0.7727272727272727,0.6977272727272728,0.6909829224447869
kernel_k7_9,103,158,f38b966e739ae8583b164c236632188c0f9952e81261baee509aa002c555fe20,0.6455696202531646,0.49816644707949054,0.4977160808379082
kernel_k7_9,105,156,89adde456b0f1ccf1fd165125603905c0339ede8c39050c3102ae76fb4c7301a,0.7435897435897436,0.769980864546082,0.7268874542895857
kernel_k7_9,106,157,b9c948da90fd49d3da76b364d94243b22c39ace5d61b7b7f22dd015a46528641,0.5987261146496815,0.4005140692640693,0.40186652740446416
kernel_k7_9,107,158,0f3fa893f05476ffe27a45498f98f724b91a56ff51b3e424ddd42fa71229b21e,0.5822784810126582,0.4223731884057971,0.4248686096512183
kernel_k7_9,108,158,d6b72f176a93aaa80c91f40530e15c3a56c44b73efe9ac49c7fa633c74343cb1,0.6708860759493671,0.5077953447518665,0.5287171626122017
kernel_k7_9,109,157,887398fc40c3b0c5646c24dad9bdcf91d8295edaf736071158afd4913aa11768,0.5668789808917197,0.4316644707949056,0.44120372118191886
kernel_k7_9_11,1,159,f0f374bdb65b66270143f95dc883ff969bbca21a7e5840b18447387543374c12,0.7672955974842768,0.7120580808080809,0.6956868878290254
kernel_k7_9_11,2,156,0b5b52118db02c845fddd933ac2b00078b23b6fb2a5e1f2c95cf24aef6dced80,0.6538461538461539,0.5383210991906644,0.5438560168537285
kernel_k7_9_11,3,159,a465948981873e5775ad5dc9ee08251b1cb82e5bf67c7d2f94a06cb4b1373606,0.6477987421383647,0.4610205314009662,0.47191985666659736
kernel_k7_9_11,4,158,73e74f0988741323d2fd50ae3a4c4534c01ae03ed4d6b699cf2fdd0c95bd7f6f,0.8227848101265823,0.723572683355292,0.7422050355327037
kernel_k7_9_11,5,157,8d30e94def8e08e4f183ea3e491ee18d083b574f97bffc87cd1a459cf43ac742,0.6624203821656051,0.542812049062049,0.5563606763940692
kernel_k7_9_11,6,158,c2f828a0a81089c4ec546c097339e134e8b1408bb1d64daaa3426d5e00d4260b,0.7658227848101266,0.7783040027605245,0.7375023659218187
kernel_k7_9_11,7,158,72998d66d8da405531c4cb78589f297e8d2dc37c0e7b2a975e6bbb47204e2106,0.8924050632911392,0.863274044795784,0.8622559191274275
kernel_k7_9_11,8,157,ec434ac1fd1c0c2c1cd7b7cd2ebe5a1ff21ade5ec2d4a9fca69a73d618d8e0f2,0.6496815286624203,0.5364624505928853,0.5422371392644216
kernel_k7_9_11,9,157,8b8bc6111e6e30a4378aefeb7a8cdf57f737128c78208597bbe285a882bd785a,0.7070063694267515,0.5904491341991343,0.6000509438009438
kernel_k7_9_11,10,157,dcb2a55a0c36a61a9c8541cedc78686ba125bae920cdaf3b708c5a58ad9e96f0,0.7515923566878981,0.6635010822510823,0.6725504727830309
kernel_k7_9_11,11,158,b7c137e62da531d94ce4877362c930a5fb1054daa4bda94eff7df999321bd413,0.5759493670886076,0.45951910408432145,0.4421551724137931
kernel_k7_9_11,12,158,fef32dd3c5eedd68618520025506b930db3486be2a81c8891af0227165f73160,0.6962025316455697,0.5969202898550725,0.6015431712362659
kernel_k7_9_11,13,158,635776fc6ffdd53c204a95a2786cb7565635d88287173e7c2a34f1d0c43991c1,0.6455696202531646,0.5729688186209925,0.5625068339234073
kernel_k7_9_11,14,156,f9c49c03899f165aededea9503edd0affe516a9d4314bfa2a919fec0b52cc858,0.6217948717948718,0.5205282640065249,0.519530285552385
kernel_k7_9_11,15,158,a290f46872d32914bdec63cf75b37a3bed5b04ec3190352ec5b28e2f47146393,0.8987341772151899,0.9045344751866491,0.8796860950545922
kernel_k7_9_11,16,156,7638737754e7ce4b31ca13661b680055431b8e5f05062418ca6b6179dd14756f,0.6282051282051282,0.4265088775958341,0.44143295305355607
kernel_k7_9_11,17,156,0d2e7d83e2af72f2bf3acf6b893d7513ce3d4e296994790540309dcc11a6d6a6,0.7756410256410257,0.6640676955894348,0.680796417732069
kernel_k7_9_11,18,158,c0141666680d88f39716f84cd850dff30ac5d7a1090d61b7d2b3dcaadbfe464f,0.9493670886075949,0.9449165568730787,0.9449165568730787
kernel_k7_9_11,19,158,420d110ff10f1ac32e9e615a40c18d708a36d10df32e892e1362dec6aa163120,0.689873417721519,0.5489898989898989,0.5577738588574502
kernel_k7_9_11,20,157,79492e9ad59ea258dfed0026a2f2b085db25472cdfc0b4765513c633136fef08,0.7452229299363057,0.6256916996047431,0.606370698025677
kernel_k7_9_11,21,156,195c9a4715ab76d642d2b6bd5f4fe4ea4210ae48c7868839248ee747faa0a8ca,0.6282051282051282,0.3728174603174603,0.36726750416765896
kernel_k7_9_11,22,159,cc762e1403ec119d7e76ae305a184fbdfaec55a7fe6c30f12989c36301f6cb9e,0.8238993710691824,0.7189997804128239,0.7228632478632478
kernel_k7_9_11,23,157,23c3f3ca9710b672d70f19eb0f609e0e322934847747f485cd1cb0b5b0780a11,0.6305732484076433,0.4827294685990338,0.47465154982317453
kernel_k7_9_11,24,158,bea816d44836810f382adb5363722274bc3cf4552741c51baa9ff3cf8bbfc4cd,0.620253164556962,0.3712999560825648,0.3734243967690487
kernel_k7_9_11,25,156,0dd93b2539b82ca64fe434df01185e6b9c2bc2f11e8362aad6f263547b4b734c,0.6346153846153846,0.46139657444005266,0.43639859476872234
kernel_k7_9_11,26,159,14e31386e0570d367d9bf7e424636871085aa5d3ed5329db7c86a553ab4d8fb4,0.5911949685534591,0.3617063492063492,0.35657584285633065
kernel_k7_9_11,27,158,ff3b33c2a275cce53908904c4cb548e8f5ea96745bcb172a1e990645539b37ad,0.620253164556962,0.49564119455423805,0.4946976248126369
kernel_k7_9_11,28,157,9d581e872a3dc1381bdd9c8bd841991f21475052eda0c1b01666fca4e0c0ebf7,0.6369426751592356,0.4874835309617918,0.49364356291775646
kernel_k7_9_11,29,158,0dfa42cb21e283bfa78b66f5e829fdc15f664454d6aa91bc8f9e6e330e73d583,0.6835443037974683,0.5158212560386474,0.5219924999286346
kernel_k7_9_11,30,156,d82f870da5ffebcaa0f56ea50876f4c5bfeaff1d35429438348368c993bd38fb,0.6858974358974359,0.5881944444444445,0.5894452153355946
kernel_k7_9_11,31,157,25a6ff834addf2ea143b25b0d0264ad48b8d9b2b7cc373698f50ed75a22bfe1e,0.5859872611464968,0.4490777338603426,0.46088797221016065
kernel_k7_9_11,32,158,1704ee301fb550f9fa540aa1ae745332b76b7270e8d1ec8f4b3dd0d57a4aeb53,0.8544303797468354,0.7605503795721187,0.7989368355222014
kernel_k7_9_11,33,158,250b427d3042682e624d397fc6453373f38f74e172cc81a1eccaab381e69d43d,0.7151898734177216,0.527733860342556,0.5570596070596071
kernel_k7_9_11,34,154,652ac94695799bdf51ac4406af328465f9f092eb1962f0ecf23ab93b4d4c35ad,0.6883116883116883,0.5542568542568542,0.5547230871244883
kernel_k7_9_11,35,156,1cbec336ef4d6d2e6e3bfec0b90fd322be71757b3d9c5c3ed0dba897e5a59947,0.8397435897435898,0.7468175544262501,0.7899452238844534
kernel_k7_9_11,36,158,67afb2a1ac68e66a76f56157b4eb4a8ccea4fbeafc5864d1951d4b9c9640621c,0.7088607594936709,0.5512077294685991,0.5456277395415978
kernel_k7_9_11,37,154,5fdc52b1f738a00655c51cfce62ff37250f0f630e83874560d991b81f5042052,0.7012987012987013,0.6038239538239538,0.6096632598027144
kernel_k7_9_11,38,157,87a1d240786fb6c821fe2efb5e0884f625290c8b28280c98e0cac146d0b7877d,0.45222929936305734,0.357389108476065,0.35150086389577034
kernel_k7_9_11,39,157,19343df9087950448f724ef134bb9d10feb9e09568652d777e0fcdc9a79c5d3a,0.6178343949044586,0.43671497584541064,0.45717155414523836
kernel_k7_9_11,40,158,78f3dca5442ed8ddd771eb796512543084c6e72a99cedfc27df7c7604d339492,0.7468354430379747,0.8397558661145618,0.7441778513207085
kernel_k7_9_11,41,156,b9866128581e65f35eed50264dd210b1a57901efac94cc77d1923a942ae16db6,0.7692307692307693,0.6896119580902189,0.6853500325934792
kernel_k7_9_11,42,156,fc9cc0311ad3daa5f95c40ef97aa6cd6907edb2e7d4ac6eed359e3d51478fff3,0.7307692307692307,0.6172893531589184,0.6226750041967434
kernel_k7_9_11,44,157,32d4c889b4881f2bbbb8b9722cb77d3d16830331dbaed85ffa3d08aa2ccdf61c,0.7133757961783439,0.5738142292490118,0.5814574314574315
kernel_k7_9_11,45,156,c09ea4e8e6628680a0ba0c5a5c4d3cbb9097f4a09c7136ce7d68d48f3ffc473e,0.7371794871794872,0.6210082188343058,0.6285721148896743
kernel_k7_9_11,46,158,fb06a9ac7cfc6811fbe7741889c1c04f0bed554464c0c0174dfb107c337e92e3,0.7088607594936709,0.5421277997364954,0.5789527638621184
kernel_k7_9_11,47,157,0c35844343f8be723cf34d9de36d74c4153edb2508e14229393fe07fcf9709ad,0.5159235668789809,0.3821158008658008,0.382055607564705
kernel_k7_9_11,48,156,327b38709d868763426f7822b69d00eae0669885e3d2d3add965ee7cb49bfefe,0.6923076923076923,0.6177473492690884,0.6122885140388852
kernel_k7_9_11,49,159,4d3f3f9e0f79dd0349c651d437d2dd8849332674e474a5ae0b0f4cd3c910a1ef,0.6352201257861635,0.5022864514712341,0.5057157858109707
kernel_k7_9_11,50,156,4e92b41704b5b076a289095a671d4eddc263fa05f0da778dc0c65f43590a95af,0.7435897435897436,0.6272899805508501,0.636824042219179
kernel_k7_9_11,51,159,46d293cd1e6059fb96793e365441ab67bb8aacb55d00267561490e53e05f50aa,0.6477987421383647,0.4066468253968254,0.43799383691529703
kernel_k7_9_11,52,158,254bf46edda4932d2f4e1f41b13a6513e0ee840ed6191897591e7a586d60b752,0.689873417721519,0.5995816080055211,0.5984211452504136
kernel_k7_9_11,53,157,cedcb780f1d8977227578d3e87c925f4436464d550bff06fdc1244423191cc50,0.7961783439490446,0.8090689503732983,0.7634901003326212
kernel_k7_9_11,54,157,ae34fb9ac704529e79fb38d78efbec878f3138a8c368ceeb8a83f0349bcce86a,0.7770700636942676,0.6763943785682915,0.6767287590458322
kernel_k7_9_11,55,157,a7629f4527bc1b1e562477afb986e82295ec09fd3fed91b59c36cfba8e6d3ead,0.821656050955414,0.711528326745718,0.7450453009255275
kernel_k7_9_11,56,157,143be3c310281cf95d243c515106a993bc5e303ff855b6018da11db4493b7009,0.7515923566878981,0.5961023276240667,0.618858179787828
kernel_k7_9_11,57,158,560bb705274959f046b113aa30e4267cdf67bfe39baafbd463b40059085f2dc3,0.740506329113924,0.6838207384403037,0.6765009819202503
kernel_k7_9_11,58,157,ee221c396349fd192f4b6561d87571bda83f4644ddc505197460f8d978d9f7f5,0.6050955414012739,0.42877886002886,0.41702190037932585
kernel_k7_9_11,59,158,50106a38a71ff293bb4192dd480e38e9932bc4a544c19bccb71410e1a1ccec8e,0.689873417721519,0.6335662525879917,0.622588872947553
kernel_k7_9_11,60,159,a3a1c3b0b4a609dd3af8aec6d657a81eeb1a579ab2e54d6dbbb84fb376be9732,0.6792452830188679,0.5912220026350461,0.5744348761647655
kernel_k7_9_11,61,156,ed0ce21af41cd8430d058fdad11c4f21b71636e54a1def8671d304ccc49e5b08,0.6730769230769231,0.45350398393876656,0.4941404877363132
kernel_k7_9_11,62,157,e6cffdcb1d55c69c4a2717074ddd09722e4309abce7667bbff6bd6e8e4702230,0.7898089171974523,0.6900417215634608,0.7270652187750634
kernel_k7_9_11,63,158,cdfd03c8cb520596b653abbe00cdb28700432617a1e9e1c0e16a584c119e54fb,0.689873417721519,0.5161286780851998,0.5307518928947501
kernel_k7_9_11,64,156,fec136b6b26986339296b7e67a370b60a0ca1c0064edc9b358ed450b4d3ed29e,0.6538461538461539,0.47570424744337786,0.4904950779917384
kernel_k7_9_11,65,158,0d143da414aa13b6994a9eae491bf7ec07f07d184fd4fbb9de35e155b685ec64,0.7911392405063291,0.6728951000690132,0.6903655925395056
kernel_k7_9_11,66,158,24ff9eb02511adadd026142b6781176e239b8f3285d1998d2b1e16fdfad18ab9,0.5126582278481012,0.30789415898111544,0.3086844353665212
kernel_k7_9_11,67,157,940caf84657e7674b0cb0d12c608bc3408b3bfa3def0cdb552a13df51947f86a,0.5732484076433121,0.4293148880105402,0.4109692451071762
kernel_k7_9_11,68,158,7b3e814e8ea1f64ab4640cc106baa89b2aee5f397c92123106aa5d22502ba8f2,0.8164556962025317,0.7561264822134387,0.7431327037376839
kernel_k7_9_11,69,158,249b490abfa5998646ea787074efd0f0096c6758d1ad546eb7da16139ff5cfa8,0.7468354430379747,0.6267814009661835,0.6449174748593354
kernel_k7_9_11,70,157,73e0fd72f6c1ac6793b1e52a472f9f5072ee0742a62ca09b306d8364444d8f32,0.7961783439490446,0.7776899429073342,0.7639634292648938
kernel_k7_9_11,71,157,c325e5bcf6b468535834dab9018976cc159ae9c10de88bb652e9ef4a3c3c09b8,0.6687898089171974,0.5362099253403602,0.557426236044657
kernel_k7_9_11,72,154,c3a4f7e32ff0fbd7d4a0e7db6e3d82382f7d79c96d803e8b19ec2aff8e1c73a1,0.6948051948051948,0.5629148629148628,0.5734620517651605
kernel_k7_9_11,73,153,ba20816828c6a955f16a698597e9acdbc0cbe11c28467a1a591e343c51853a0d,0.7254901960784313,0.6186507936507937,0.6227787716159809
kernel_k7_9_11,74,154,9598372f8fc378d394fc11af80977386e0b86c9a55dc65f058767af396672a35,0.6428571428571429,0.5267676767676768,0.5168846284069748
kernel_k7_9_11,75,159,7c1cbde36592800b343f641f6f27c3c31ad5a24f9d86f59399352689f41fda05,0.5471698113207547,0.34838328941589813,0.34439424864585033
kernel_k7_9_11,76,153,98bc520f09f12c0000d8b3418173f321e74bd17f189314ef3c288bd9888d319e,0.5294117647058824,0.40753968253968254,0.39787497178123926
kernel_k7_9_11,77,158,40e5dc157d4e182394bc15f5d11e66df8cc0f2d200e00176b9824ffeaa63f829,0.6455696202531646,0.5235593512767426,0.51561070755986
kernel_k7_9_11,78,158,4b625b01c114cf21338b4d7ff0aa7a985c6cf806f9d4baa1c1e6e07f3c9094d3,0.620253164556962,0.46790733421168207,0.4678217918670705
kernel_k7_9_11,79,159,20e6c6b2fe501d11255fbf0e3e98086c478e25e6611a2a7ab7ce76719a0ec03a,0.610062893081761,0.4677453886693017,0.46524908528004505
kernel_k7_9_11,80,156,3b0f7aab843de5b71471c0153ee8f9f9f31128e933224efef6234783e1205c1c,0.6666666666666666,0.5909467344249952,0.5734615794806164
kernel_k7_9_11,81,158,cfeaf253ef337cfb1532148d6688c997d49e1659ec4c0ad7693330822061ec23,0.7531645569620253,0.6116051822573562,0.6320725998028391
kernel_k7_9_11,82,156,2635a0df764a2c85c22cb04a6df79f532556cfa17e2bd47450494632f34cbd69,0.6858974358974359,0.5450592885375494,0.5643673612423612
kernel_k7_9_11,83,158,f25c46fd679f019d8fcb18fa3fa425785a4b73b09289de98764ae64763ec556a,0.6582278481012658,0.41983970136144044,0.4168601923528032
kernel_k7_9_11,84,158,9b1f189530b1b5963e40c18df61af0aace5e8efa996dcfe5240d816519aadfd6,0.6329113924050633,0.49310496267018006,0.5110388491687484
kernel_k7_9_11,85,157,8250532f56b065e3d27a221ba57d1649cf018d83edca5840f71cbd6d7f83589a,0.732484076433121,0.5558959156785244,0.5910543947308653
kernel_k7_9_11,86,159,41571d1afe7b2e66e17798874869545ac6297955e70dccad7db0144ebd882179,0.8301886792452831,0.7809947299077734,0.7912096262400213
kernel_k7_9_11,87,157,55ad47fd220f7d0307389a4991d250ec05c7c30a170c321a1b69d749117339c6,0.554140127388535,0.4589701361440492,0.45422600602101837
kernel_k7_9_11,90,158,8a7d9027df54d6ed813c5a441203642f92fc71a233247137e716ab0f2be37f7d,0.759493670886076,0.6447738252086078,0.6586561586561587
kernel_k7_9_11,91,158,2ba8409bd6ebcc4a4b934e9f2ef515bab9f14b8e419509aaed1c8348e04d8b0b,0.7278481012658228,0.626745718050066,0.6418432444748234
kernel_k7_9_11,93,157,4b171574850cf59edae9783ecc5b8a6e5e31285b08891c7cf921f31661968414,0.6242038216560509,0.5319609134826526,0.5180174492835863
kernel_k7_9_11,94,158,d7ababb6686700237bcae59fa707ff53b8279d19ab235fa1784543761e9d4a92,0.7531645569620253,0.6388449714536671,0.6462242562929063
kernel_k7_9_11,95,158,046a5496c6e44037396f4465891283c1d1d1567b5b65415e24684c2b076223bf,0.7025316455696202,0.5964866051822574,0.6211535435950932
kernel_k7_9_11,96,159,76d47bd905e75fd08f990055045cd0e9898b1638fa86600d9f8ede715389e2ca,0.7295597484276729,0.6010897013614405,0.6202277131782946
kernel_k7_9_11,97,157,c637865a6d4cdf64bf41afac4696e071d9b628503b76e24cd97de8b7d5846b3c,0.732484076433121,0.6731335090030742,0.6574052779006339
kernel_k7_9_11,98,159,77c20773e2b3eb78ce5c0f017be3547ac1eeac74388a167ff6eefa847674ba8b,0.6477987421383647,0.5855895915678525,0.5678901633385521
kernel_k7_9_11,99,159,37a01d1cb1e0602f0b064f6af3dd3eacba03b061b758a77739a409ba0a074355,0.5220125786163522,0.311102876592007,0.3085699149358262
kernel_k7_9_11,101,156,4e3628ae01b799524340b14b3ff090a50207e63a45e384b6fe63b537e853d33f,0.8589743589743589,0.8619220151828848,0.8247456308012773
kernel_k7_9_11,102,154,31b3f297a856d793fa66cef18cfa2739e78116ee34ab9fcd8d090fb251f9ef22,0.7402597402597403,0.6666666666666667,0.6537377956963132
kernel_k7_9_11,103,158,f38b966e739ae8583b164c236632188c0f9952e81261baee509aa002c555fe20,0.6455696202531646,0.49964866051822576,0.5079612257661038
kernel_k7_9_11,105,156,89adde456b0f1ccf1fd165125603905c0339ede8c39050c3102ae76fb4c7301a,0.7115384615384616,0.70344751866491,0.6721540684864038
kernel_k7_9_11,106,157,b9c948da90fd49d3da76b364d94243b22c39ace5d61b7b7f22dd015a46528641,0.6560509554140127,0.4722943722943723,0.5017108728864715
kernel_k7_9_11,107,158,0f3fa893f05476ffe27a45498f98f724b91a56ff51b3e424ddd42fa71229b21e,0.5759493670886076,0.38561076604554867,0.38973493606726717
kernel_k7_9_11,108,158,d6b72f176a93aaa80c91f40530e15c3a56c44b73efe9ac49c7fa633c74343cb1,0.6455696202531646,0.44615722441809397,0.4573189697486373
kernel_k7_9_11,109,157,887398fc40c3b0c5646c24dad9bdcf91d8295edaf736071158afd4913aa11768,0.6496815286624203,0.5197848045674133,0.5367689954821825
kernel_k7_9_11_13,1,159,f0f374bdb65b66270143f95dc883ff969bbca21a7e5840b18447387543374c12,0.8176100628930818,0.7338685770750988,0.7480018788842319
kernel_k7_9_11_13,2,156,0b5b52118db02c845fddd933ac2b00078b23b6fb2a5e1f2c95cf24aef6dced80,0.6987179487179487,0.5678806700545831,0.6028257456828885
kernel_k7_9_11_13,3,159,a465948981873e5775ad5dc9ee08251b1cb82e5bf67c7d2f94a06cb4b1373606,0.6981132075471698,0.5391441589811155,0.5469703252402327
kernel_k7_9_11_13,4,158,73e74f0988741323d2fd50ae3a4c4534c01ae03ed4d6b699cf2fdd0c95bd7f6f,0.8037974683544303,0.7400087834870444,0.7482124574412659
kernel_k7_9_11_13,5,157,8d30e94def8e08e4f183ea3e491ee18d083b574f97bffc87cd1a459cf43ac742,0.6242038216560509,0.44042207792207794,0.4557494100268036
kernel_k7_9_11_13,6,158,c2f828a0a81089c4ec546c097339e134e8b1408bb1d64daaa3426d5e00d4260b,0.759493670886076,0.7268461007591442,0.6985729386892178
kernel_k7_9_11_13,7,158,72998d66d8da405531c4cb78589f297e8d2dc37c0e7b2a975e6bbb47204e2106,0.8607594936708861,0.8251097935880545,0.8069489688052811
kernel_k7_9_11_13,8,157,ec434ac1fd1c0c2c1cd7b7cd2ebe5a1ff21ade5ec2d4a9fca69a73d618d8e0f2,0.6369426751592356,0.5495608256477822,0.5397881117777854
kernel_k7_9_11_13,9,157,8b8bc6111e6e30a4378aefeb7a8cdf57f737128c78208597bbe285a882bd785a,0.6942675159235668,0.6126803751803752,0.5964687793182528
kernel_k7_9_11_13,10,157,dcb2a55a0c36a61a9c8541cedc78686ba125bae920cdaf3b708c5a58ad9e96f0,0.7452229299363057,0.7036525974025974,0.6913372582001682
kernel_k7_9_11_13,11,158,b7c137e62da531d94ce4877362c930a5fb1054daa4bda94eff7df999321bd413,0.620253164556962,0.48606719367588935,0.47188822018090315
kernel_k7_9_11_13,12,158,fef32dd3c5eedd68618520025506b930db3486be2a81c8891af0227165f73160,0.689873417721519,0.6006168046928916,0.6246617566830333
kernel_k7_9_11_13,13,158,635776fc6ffdd53c204a95a2786cb7565635d88287173e7c2a34f1d0c43991c1,0.6772151898734177,0.6263285024154589,0.6138646311519163
kernel_k7_9_11_13,14,156,f9c49c03899f165aededea9503edd0affe516a9d4314bfa2a919fec0b52cc858,0.6538461538461539,0.5429559570863919,0.5443072568748032
kernel_k7_9_11_13,15,158,a290f46872d32914bdec63cf75b37a3bed5b04ec3190352ec5b28e2f47146393,0.8987341772151899,0.8959486166007906,0.8775742079150448
kernel_k7_9_11_13,16,156,7638737754e7ce4b31ca13661b680055431b8e5f05062418ca6b6179dd14756f,0.6346153846153846,0.4197126544952632,0.4317875755680634
kernel_k7_9_11_13,17,156,0d2e7d83e2af72f2bf3acf6b893d7513ce3d4e296994790540309dcc11a6d6a6,0.782051282051282,0.682487922705314,0.7011690595629362
kernel_k7_9_11_13,18,158,c0141666680d88f39716f84cd850dff30ac5d7a1090d61b7d2b3dcaadbfe464f,0.8987341772151899,0.856971892841458,0.8742033906645998
kernel_k7_9_11_13,19,158,420d110ff10f1ac32e9e615a40c18d708a36d10df32e892e1362dec6aa163120,0.7341772151898734,0.5861001317523057,0.6023377037473496
kernel_k7_9_11_13,20,157,79492e9ad59ea258dfed0026a2f2b085db25472cdfc0b4765513c633136fef08,0.8152866242038217,0.7249341238471673,0.726391947865967
kernel_k7_9_11_13,21,156,195c9a4715ab76d642d2b6bd5f4fe4ea4210ae48c7868839248ee747faa0a8ca,0.7051282051282052,0.49146825396825394,0.5310060323370035
kernel_k7_9_11_13,22,159,cc762e1403ec119d7e76ae305a184fbdfaec55a7fe6c30f12989c36301f6cb9e,0.779874213836478,0.683824659639877,0.6825187162493863
kernel_k7_9_11_13,23,157,23c3f3ca9710b672d70f19eb0f609e0e322934847747f485cd1cb0b5b0780a11,0.6878980891719745,0.5415788317962231,0.544254142956973
kernel_k7_9_11_13,24,158,bea816d44836810f382adb5363722274bc3cf4552741c51baa9ff3cf8bbfc4cd,0.6139240506329114,0.3771080368906456,0.3889534409654273
kernel_k7_9_11_13,25,156,0dd93b2539b82ca64fe434df01185e6b9c2bc2f11e8362aad6f263547b4b734c,0.6153846153846154,0.4094987138465399,0.3763888888888889
kernel_k7_9_11_13,26,159,14e31386e0570d367d9bf7e424636871085aa5d3ed5329db7c86a553ab4d8fb4,0.559748427672956,0.32490079365079366,0.3109372242225281
kernel_k7_9_11_13,27,158,ff3b33c2a275cce53908904c4cb548e8f5ea96745bcb172a1e990645539b37ad,0.6835443037974683,0.6043368467281511,0.5964498202026806
kernel_k7_9_11_13,28,157,9d581e872a3dc1381bdd9c8bd841991f21475052eda0c1b01666fca4e0c0ebf7,0.6560509554140127,0.479139218269653,0.4970667036215817
kernel_k7_9_11_13,29,158,0dfa42cb21e283bfa78b66f5e829fdc15f664454d6aa91bc8f9e6e330e73d583,0.7721518987341772,0.6214207290294247,0.6397595892983847
kernel_k7_9_11_13,30,156,d82f870da5ffebcaa0f56ea50876f4c5bfeaff1d35429438348368c993bd38fb,0.7243589743589743,0.6549603174603175,0.6413054342777282
kernel_k7_9_11_13,31,157,25a6ff834addf2ea143b25b0d0264ad48b8d9b2b7cc373698f50ed75a22bfe1e,0.6242038216560509,0.5010759771629336,0.5029290030868223
kernel_k7_9_11_13,32,158,1704ee301fb550f9fa540aa1ae745332b76b7270e8d1ec8f4b3dd0d57a4aeb53,0.8734177215189873,0.7828027950310559,0.8174557138731107
kernel_k7_9_11_13,33,158,250b427d3042682e624d397fc6453373f38f74e172cc81a1eccaab381e69d43d,0.7151898734177216,0.5787549407114624,0.596496135443504
kernel_k7_9_11_13,34,154,652ac94695799bdf51ac4406af328465f9f092eb1962f0ecf23ab93b4d4c35ad,0.6948051948051948,0.5854978354978355,0.5714387475058207
kernel_k7_9_11_13,35,156,1cbec336ef4d6d2e6e3bfec0b90fd322be71757b3d9c5c3ed0dba897e5a59947,0.8782051282051282,0.8596932053453792,0.850181652013656
kernel_k7_9_11_13,36,158,67afb2a1ac68e66a76f56157b4eb4a8ccea4fbeafc5864d1951d4b9c9640621c,0.7151898734177216,0.5686868686868687,0.5756832124222057
kernel_k7_9_11_13,37,154,5fdc52b1f738a00655c51cfce62ff37250f0f630e83874560d991b81f5042052,0.7142857142857143,0.5997113997113998,0.5960996171562399
kernel_k7_9_11_13,38,157,87a1d240786fb6c821fe2efb5e0884f625290c8b28280c98e0cac146d0b7877d,0.5286624203821656,0.4270421607378129,0.3873136745732899
kernel_k7_9_11_13,39,157,19343df9087950448f724ef134bb9d10feb9e09568652d777e0fcdc9a79c5d3a,0.5859872611464968,0.39756258234519104,0.40978867623604465
kernel_k7_9_11_13,40,158,78f3dca5442ed8ddd771eb796512543084c6e72a99cedfc27df7c7604d339492,0.7658227848101266,0.855145790200138,0.7641777364677329
kernel_k7_9_11_13,41,156,b9866128581e65f35eed50264dd210b1a57901efac94cc77d1923a942ae16db6,0.75,0.6630717108977978,0.6620791777190415
kernel_k7_9_11_13,42,156,fc9cc0311ad3daa5f95c40ef97aa6cd6907edb2e7d4ac6eed359e3d51478fff3,0.7692307692307693,0.6779205094422485,0.6866186861535698
kernel_k7_9_11_13,44,157,32d4c889b4881f2bbbb8b9722cb77d3d16830331dbaed85ffa3d08aa2ccdf61c,0.7770700636942676,0.6678085199824331,0.6851842223762716
kernel_k7_9_11_13,45,156,c09ea4e8e6628680a0ba0c5a5c4d3cbb9097f4a09c7136ce7d68d48f3ffc473e,0.7307692307692307,0.5752070393374741,0.592126738677938
kernel_k7_9_11_13,46,158,fb06a9ac7cfc6811fbe7741889c1c04f0bed554464c0c0174dfb107c337e92e3,0.7088607594936709,0.5274264382960036,0.5470007689765267
kernel_k7_9_11_13,47,157,0c35844343f8be723cf34d9de36d74c4153edb2508e14229393fe07fcf9709ad,0.5159235668789809,0.3618326118326118,0.36850716106822695
kernel_k7_9_11_13,48,156,327b38709d868763426f7822b69d00eae0669885e3d2d3add965ee7cb49bfefe,0.7051282051282052,0.6420509442248572,0.6270550408814963
kernel_k7_9_11_13,49,159,4d3f3f9e0f79dd0349c651d437d2dd8849332674e474a5ae0b0f4cd3c910a1ef,0.610062893081761,0.44972826086956524,0.4573375598924857
kernel_k7_9_11_13,50,156,4e92b41704b5b076a289095a671d4eddc263fa05f0da778dc0c65f43590a95af,0.7564102564102564,0.5984550473680909,0.6239591898888381
kernel_k7_9_11_13,51,159,46d293cd1e6059fb96793e365441ab67bb8aacb55d00267561490e53e05f50aa,0.6477987421383647,0.40813492063492063,0.44130434782608696
kernel_k7_9_11_13,52,158,254bf46edda4932d2f4e1f41b13a6513e0ee840ed6191897591e7a586d60b752,0.7531645569620253,0.6892468944099379,0.6904055977229602
kernel_k7_9_11_13,53,157,cedcb780f1d8977227578d3e87c925f4436464d550bff06fdc1244423191cc50,0.8089171974522293,0.7726833552920509,0.7517783857729139
kernel_k7_9_11_13,54,157,ae34fb9ac704529e79fb38d78efbec878f3138a8c368ceeb8a83f0349bcce86a,0.7515923566878981,0.6723869126043038,0.6655742234860954
kernel_k7_9_11_13,55,157,a7629f4527bc1b1e562477afb986e82295ec09fd3fed91b59c36cfba8e6d3ead,0.821656050955414,0.7362977602108036,0.7510482058436023
kernel_k7_9_11_13,56,157,143be3c310281cf95d243c515106a993bc5e303ff855b6018da11db4493b7009,0.7579617834394905,0.607465963987703,0.6412707321208295
kernel_k7_9_11_13,57,158,560bb705274959f046b113aa30e4267cdf67bfe39baafbd463b40059085f2dc3,0.8227848101265823,0.7805857487922705,0.7719310951733421
kernel_k7_9_11_13,58,157,ee221c396349fd192f4b6561d87571bda83f4644ddc505197460f8d978d9f7f5,0.5923566878980892,0.38110569985569986,0.3650800180211945
kernel_k7_9_11_13,59,158,50106a38a71ff293bb4192dd480e38e9932bc4a544c19bccb71410e1a1ccec8e,0.7341772151898734,0.651522601794341,0.6471647557328015
kernel_k7_9_11_13,60,159,a3a1c3b0b4a609dd3af8aec6d657a81eeb1a579ab2e54d6dbbb84fb376be9732,0.7358490566037735,0.6009442248572684,0.6043941080705787
kernel_k7_9_11_13,61,156,ed0ce21af41cd8430d058fdad11c4f21b71636e54a1def8671d304ccc49e5b08,0.7371794871794872,0.5925450153711024,0.6267992053537427
kernel_k7_9_11_13,62,157,e6cffdcb1d55c69c4a2717074ddd09722e4309abce7667bbff6bd6e8e4702230,0.7707006369426752,0.6402613087395695,0.6673082729468599
kernel_k7_9_11_13,63,158,cdfd03c8cb520596b653abbe00cdb28700432617a1e9e1c0e16a584c119e54fb,0.6962025316455697,0.5198945981554677,0.5461162519916656
kernel_k7_9_11_13,64,156,fec136b6b26986339296b7e67a370b60a0ca1c0064edc9b358ed450b4d3ed29e,0.5705128205128205,0.3510289227680532,0.35160687156713805
kernel_k7_9_11_13,65,158,0d143da414aa13b6994a9eae491bf7ec07f07d184fd4fbb9de35e155b685ec64,0.7215189873417721,0.596704623878537,0.6191330599225335
kernel_k7_9_11_13,66,158,24ff9eb02511adadd026142b6781176e239b8f3285d1998d2b1e16fdfad18ab9,0.5189873417721519,0.3763943785682916,0.36784828232196654
kernel_k7_9_11_13,67,157,940caf84657e7674b0cb0d12c608bc3408b3bfa3def0cdb552a13df51947f86a,0.5414012738853503,0.48361879666227486,0.4445497677871064
kernel_k7_9_11_13,68,158,7b3e814e8ea1f64ab4640cc106baa89b2aee5f397c92123106aa5d22502ba8f2,0.759493670886076,0.7144488361879666,0.6962624515138586
kernel_k7_9_11_13,69,158,249b490abfa5998646ea787074efd0f0096c6758d1ad546eb7da16139ff5cfa8,0.7215189873417721,0.559351276742581,0.5732905982905983
kernel_k7_9_11_13,70,157,73e0fd72f6c1ac6793b1e52a472f9f5072ee0742a62ca09b306d8364444d8f32,0.8407643312101911,0.8299956082564779,0.8134320074005551
kernel_k7_9_11_13,71,157,c325e5bcf6b468535834dab9018976cc159ae9c10de88bb652e9ef4a3c3c09b8,0.7006369426751592,0.6283596837944665,0.6088744992343724
kernel_k7_9_11_13,72,154,c3a4f7e32ff0fbd7d4a0e7db6e3d82382f7d79c96d803e8b19ec2aff8e1c73a1,0.7532467532467533,0.6421356421356421,0.6627354782574986
kernel_k7_9_11_13,73,153,ba20816828c6a955f16a698597e9acdbc0cbe11c28467a1a591e343c51853a0d,0.7320261437908496,0.6031746031746031,0.6308845074039702
kernel_k7_9_11_13,74,154,9598372f8fc378d394fc11af80977386e0b86c9a55dc65f058767af396672a35,0.6298701298701299,0.5201298701298701,0.519744055789991
kernel_k7_9_11_13,75,159,7c1cbde36592800b343f641f6f27c3c31ad5a24f9d86f59399352689f41fda05,0.5534591194968553,0.3659447738252086,0.3603349031920461
kernel_k7_9_11_13,76,153,98bc520f09f12c0000d8b3418173f321e74bd17f189314ef3c288bd9888d319e,0.5490196078431373,0.425,0.42707578864697415
kernel_k7_9_11_13,77,158,40e5dc157d4e182394bc15f5d11e66df8cc0f2d200e00176b9824ffeaa63f829,0.689873417721519,0.5639104554865425,0.5839461275971667
kernel_k7_9_11_13,78,158,4b625b01c114cf21338b4d7ff0aa7a985c6cf806f9d4baa1c1e6e07f3c9094d3,0.5886075949367089,0.44740887132191476,0.4552061973114605
kernel_k7_9_11_13,79,159,20e6c6b2fe501d11255fbf0e3e98086c478e25e6611a2a7ab7ce76719a0ec03a,0.6352201257861635,0.5194389547650418,0.5214074823437069
kernel_k7_9_11_13,80,156,3b0f7aab843de5b71471c0153ee8f9f9f31128e933224efef6234783e1205c1c,0.6794871794871795,0.5620647468473555,0.5617132062228747
kernel_k7_9_11_13,81,158,cfeaf253ef337cfb1532148d6688c997d49e1659ec4c0ad7693330822061ec23,0.7658227848101266,0.6272288098375054,0.6468274701033321
kernel_k7_9_11_13,82,156,2635a0df764a2c85c22cb04a6df79f532556cfa17e2bd47450494632f34cbd69,0.6794871794871795,0.533201581027668,0.5484464207290295
kernel_k7_9_11_13,83,158,f25c46fd679f019d8fcb18fa3fa425785a4b73b09289de98764ae64763ec556a,0.6582278481012658,0.40316205533596833,0.3943513614926971
kernel_k7_9_11_13,84,158,9b1f189530b1b5963e40c18df61af0aace5e8efa996dcfe5240d816519aadfd6,0.6518987341772152,0.5166337285902504,0.5385261797026503
kernel_k7_9_11_13,85,157,8250532f56b065e3d27a221ba57d1649cf018d83edca5840f71cbd6d7f83589a,0.7261146496815286,0.5626921387790953,0.583210150283321
kernel_k7_9_11_13,86,159,41571d1afe7b2e66e17798874869545ac6297955e70dccad7db0144ebd882179,0.8364779874213837,0.7703886693017128,0.7752693952046403
kernel_k7_9_11_13,87,157,55ad47fd220f7d0307389a4991d250ec05c7c30a170c321a1b69d749117339c6,0.6114649681528662,0.48446420729029416,0.4729153894335648
kernel_k7_9_11_13,90,158,8a7d9027df54d6ed813c5a441203642f92fc71a233247137e716ab0f2be37f7d,0.7848101265822784,0.6654589371980677,0.6905686445607911
kernel_k7_9_11_13,91,158,2ba8409bd6ebcc4a4b934e9f2ef515bab9f14b8e419509aaed1c8348e04d8b0b,0.7658227848101266,0.6282169521299956,0.6585415935415935
kernel_k7_9_11_13,93,157,4b171574850cf59edae9783ecc5b8a6e5e31285b08891c7cf921f31661968414,0.6242038216560509,0.5243631971892841,0.5212570621468926
kernel_k7_9_11_13,94,158,d7ababb6686700237bcae59fa707ff53b8279d19ab235fa1784543761e9d4a92,0.7848101265822784,0.6603315766359245,0.6871400978893368
kernel_k7_9_11_13,95,158,046a5496c6e44037396f4465891283c1d1d1567b5b65415e24684c2b076223bf,0.6012658227848101,0.5115832235397453,0.5046244387961137
kernel_k7_9_11_13,96,159,76d47bd905e75fd08f990055045cd0e9898b1638fa86600d9f8ede715389e2ca,0.7547169811320755,0.6923364075537988,0.6916975148474889
kernel_k7_9_11_13,97,157,c637865a6d4cdf64bf41afac4696e071d9b628503b76e24cd97de8b7d5846b3c,0.6878980891719745,0.5435551163812034,0.5499947903642578
kernel_k7_9_11_13,98,159,77c20773e2b3eb78ce5c0f017be3547ac1eeac74388a167ff6eefa847674ba8b,0.6918238993710691,0.5969422485726834,0.5905176605593807
kernel_k7_9_11_13,99,159,37a01d1cb1e0602f0b064f6af3dd3eacba03b061b758a77739a409ba0a074355,0.5094339622641509,0.2902695432586737,0.28543602524571815
kernel_k7_9_11_13,101,156,4e3628ae01b799524340b14b3ff090a50207e63a45e384b6fe63b537e853d33f,0.8461538461538461,0.80026507309116,0.7750397818701948
kernel_k7_9_11_13,102,154,31b3f297a856d793fa66cef18cfa2739e78116ee34ab9fcd8d090fb251f9ef22,0.7792207792207793,0.7187590187590187,0.711444881813476
kernel_k7_9_11_13,103,158,f38b966e739ae8583b164c236632188c0f9952e81261baee509aa002c555fe20,0.6708860759493671,0.5345410628019324,0.5549960059082414
kernel_k7_9_11_13,105,156,89adde456b0f1ccf1fd165125603905c0339ede8c39050c3102ae76fb4c7301a,0.7115384615384616,0.7216544325239977,0.6791509818683732
kernel_k7_9_11_13,106,157,b9c948da90fd49d3da76b364d94243b22c39ace5d61b7b7f22dd015a46528641,0.6369426751592356,0.41609848484848483,0.4299024867081515
kernel_k7_9_11_13,107,158,0f3fa893f05476ffe27a45498f98f724b91a56ff51b3e424ddd42fa71229b21e,0.5759493670886076,0.39687715665976536,0.3955460774113624
kernel_k7_9_11_13,108,158,d6b72f176a93aaa80c91f40530e15c3a56c44b73efe9ac49c7fa633c74343cb1,0.6645569620253164,0.47975406236275797,0.5028171918825276
kernel_k7_9_11_13,109,157,887398fc40c3b0c5646c24dad9bdcf91d8295edaf736071158afd4913aa11768,0.5286624203821656,0.3983201581027668,0.4054546179151631
kernel_k9,1,159,f0f374bdb65b66270143f95dc883ff969bbca21a7e5840b18447387543374c12,0.8050314465408805,0.7216211023276241,0.7316370860129827
kernel_k9,2,156,0b5b52118db02c845fddd933ac2b00078b23b6fb2a5e1f2c95cf24aef6dced80,0.6602564102564102,0.5598469163686555,0.5669113907958301
kernel_k9,3,159,a465948981873e5775ad5dc9ee08251b1cb82e5bf67c7d2f94a06cb4b1373606,0.6981132075471698,0.5782444005270092,0.5822860672315348
kernel_k9,4,158,73e74f0988741323d2fd50ae3a4c4534c01ae03ed4d6b699cf2fdd0c95bd7f6f,0.8354430379746836,0.7786671058410188,0.7813386670164164
kernel_k9,5,157,8d30e94def8e08e4f183ea3e491ee18d083b574f97bffc87cd1a459cf43ac742,0.6624203821656051,0.551533189033189,0.5605527984560242
kernel_k9,6,158,c2f828a0a81089c4ec546c097339e134e8b1408bb1d64daaa3426d5e00d4260b,0.7278481012658228,0.7215018978605935,0.6799866764882041
kernel_k9,7,158,72998d66d8da405531c4cb78589f297e8d2dc37c0e7b2a975e6bbb47204e2106,0.8481012658227848,0.8109683794466402,0.8019681425885627
kernel_k9,8,157,ec434ac1fd1c0c2c1cd7b7cd2ebe5a1ff21ade5ec2d4a9fca69a73d618d8e0f2,0.6114649681528662,0.4454874835309618,0.45118038436617935
kernel_k9,9,157,8b8bc6111e6e30a4378aefeb7a8cdf57f737128c78208597bbe285a882bd785a,0.7197452229299363,0.6351461038961039,0.6357620601834681
kernel_k9,10,157,dcb2a55a0c36a61a9c8541cedc78686ba125bae920cdaf3b708c5a58ad9e96f0,0.7070063694267515,0.6627164502164502,0.6485188005827307
kernel_k9,11,158,b7c137e62da531d94ce4877362c930a5fb1054daa4bda94eff7df999321bd413,0.5632911392405063,0.45346947738252086,0.43279111698140893
kernel_k9,12,158,fef32dd3c5eedd68618520025506b930db3486be2a81c8891af0227165f73160,0.7025316455696202,0.5738052104899931,0.6011494627369464
kernel_k9,13,158,635776fc6ffdd53c204a95a2786cb7565635d88287173e7c2a34f1d0c43991c1,0.6392405063291139,0.5777887571365832,0.5609531851017919
kernel_k9,14,156,f9c49c03899f165aededea9503edd0affe516a9d4314bfa2a919fec0b52cc858,0.6730769230769231,0.5690021331325679,0.5702640382872941
kernel_k9,15,158,a290f46872d32914bdec63cf75b37a3bed5b04ec3190352ec5b28e2f47146393,0.9050632911392406,0.8749451032059727,0.8827589077589078
kernel_k9,16,156,7638737754e7ce4b31ca13661b680055431b8e5f05062418ca6b6179dd14756f,0.6282051282051282,0.4690852625635234,0.4717668887330528
kernel_k9,17,156,0d2e7d83e2af72f2bf3acf6b893d7513ce3d4e296994790540309dcc11a6d6a6,0.7628205128205128,0.6306371165066817,0.6594080702366497
kernel_k9,18,158,c0141666680d88f39716f84cd850dff30ac5d7a1090d61b7d2b3dcaadbfe464f,0.8924050632911392,0.8789635485287659,0.8774088651881948
kernel_k9,19,158,420d110ff10f1ac32e9e615a40c18d708a36d10df32e892e1362dec6aa163120,0.689873417721519,0.5990228370663153,0.5909313725490196
kernel_k9,20,157,79492e9ad59ea258dfed0026a2f2b085db25472cdfc0b4765513c633136fef08,0.8662420382165605,0.7976833552920509,0.795736433530519
kernel_k9,21,156,195c9a4715ab76d642d2b6bd5f4fe4ea4210ae48c7868839248ee747faa0a8ca,0.6282051282051282,0.3819444444444444,0.404915450928382
kernel_k9,22,159,cc762e1403ec119d7e76ae305a184fbdfaec55a7fe6c30f12989c36301f6cb9e,0.8238993710691824,0.7166941150636802,0.7541014698909436
kernel_k9,23,157,23c3f3ca9710b672d70f19eb0f609e0e322934847747f485cd1cb0b5b0780a11,0.6942675159235668,0.5448506807202459,0.54983288880108
kernel_k9,24,158,bea816d44836810f382adb5363722274bc3cf4552741c51baa9ff3cf8bbfc4cd,0.5759493670886076,0.3422815107597716,0.31344272254160055
kernel_k9,25,156,0dd93b2539b82ca64fe434df01185e6b9c2bc2f11e8362aad6f263547b4b734c,0.5384615384615384,0.36713250517598345,0.3225574712643678
kernel_k9,26,159,14e31386e0570d367d9bf7e424636871085aa5d3ed5329db7c86a553ab4d8fb4,0.5660377358490566,0.3461309523809524,0.35158792496393493
kernel_k9,27,158,ff3b33c2a275cce53908904c4cb548e8f5ea96745bcb172a1e990645539b37ad,0.5886075949367089,0.4878678085199824,0.4715996652836373
kernel_k9,28,157,9d581e872a3dc1381bdd9c8bd841991f21475052eda0c1b01666fca4e0c0ebf7,0.6496815286624203,0.49452129995608257,0.5045710330715296
kernel_k9,29,158,0dfa42cb21e283bfa78b66f5e829fdc15f664454d6aa91bc8f9e6e330e73d583,0.7088607594936709,0.6017347386912604,0.600893718142995
kernel_k9,30,156,d82f870da5ffebcaa0f56ea50876f4c5bfeaff1d35429438348368c993bd38fb,0.7243589743589743,0.6169642857142856,0.622965707643127
kernel_k9,31,157,25a6ff834addf2ea143b25b0d0264ad48b8d9b2b7cc373698f50ed75a22bfe1e,0.6114649681528662,0.4449934123847168,0.4672617209745923
kernel_k9,32,158,1704ee301fb550f9fa540aa1ae745332b76b7270e8d1ec8f4b3dd0d57a4aeb53,0.8670886075949367,0.7818366114561767,0.8149921316940779
kernel_k9,33,158,250b427d3042682e624d397fc6453373f38f74e172cc81a1eccaab381e69d43d,0.7468354430379747,0.6326086956521739,0.6581060901618393
kernel_k9,34,154,652ac94695799bdf51ac4406af328465f9f092eb1962f0ecf23ab93b4d4c35ad,0.7337662337662337,0.5908730158730159,0.5989020319497675
kernel_k9,35,156,1cbec336ef4d6d2e6e3bfec0b90fd322be71757b3d9c5c3ed0dba897e5a59947,0.8269230769230769,0.8116663529707008,0.7880784348030824
kernel_k9,36,158,67afb2a1ac68e66a76f56157b4eb4a8ccea4fbeafc5864d1951d4b9c9640621c,0.6708860759493671,0.5073012736056215,0.5073935502035866
kernel_k9,37,154,5fdc52b1f738a00655c51cfce62ff37250f0f630e83874560d991b81f5042052,0.6818181818181818,0.6040764790764791,0.606967973220546
kernel_k9,38,157,87a1d240786fb6c821fe2efb5e0884f625290c8b28280c98e0cac146d0b7877d,0.5031847133757962,0.3644158981115503,0.3682054873231344
kernel_k9,39,157,19343df9087950448f724ef134bb9d10feb9e09568652d777e0fcdc9a79c5d3a,0.5923566878980892,0.4099143610013175,0.4219029489968576
kernel_k9,40,158,78f3dca5442ed8ddd771eb796512543084c6e72a99cedfc27df7c7604d339492,0.7784810126582279,0.837784679089027,0.7696585074534258
kernel_k9,41,156,b9866128581e65f35eed50264dd210b1a57901efac94cc77d1923a942ae16db6,0.7115384615384616,0.5894786373047243,0.5781556413232982
kernel_k9,42,156,fc9cc0311ad3daa5f95c40ef97aa6cd6907edb2e7d4ac6eed359e3d51478fff3,0.75,0.6336203651421042,0.6445531683903777
kernel_k9,44,157,32d4c889b4881f2bbbb8b9722cb77d3d16830331dbaed85ffa3d08aa2ccdf61c,0.7452229299363057,0.6629995608256477,0.6535631971025229
kernel_k9,45,156,c09ea4e8e6628680a0ba0c5a5c4d3cbb9097f4a09c7136ce7d68d48f3ffc473e,0.7243589743589743,0.5912243553547902,0.6125541125541125
kernel_k9,46,158,fb06a9ac7cfc6811fbe7741889c1c04f0bed554464c0c0174dfb107c337e92e3,0.569620253164557,0.4729249011857708,0.4698165869218501
kernel_k9,47,157,0c35844343f8be723cf34d9de36d74c4153edb2508e14229393fe07fcf9709ad,0.5222929936305732,0.3910443722943723,0.39629025209624996
kernel_k9,48,156,327b38709d868763426f7822b69d00eae0669885e3d2d3add965ee7cb49bfefe,0.6987179487179487,0.5962968191229061,0.5915618384627911
kernel_k9,49,159,4d3f3f9e0f79dd0349c651d437d2dd8849332674e474a5ae0b0f4cd3c910a1ef,0.6477987421383647,0.53691534914361,0.5573530821589493
kernel_k9,50,156,4e92b41704b5b076a289095a671d4eddc263fa05f0da778dc0c65f43590a95af,0.7564102564102564,0.6091112993286907,0.6395602100489319
kernel_k9,51,159,46d293cd1e6059fb96793e365441ab67bb8aacb55d00267561490e53e05f50aa,0.6289308176100629,0.4303571428571429,0.4634118529600158
kernel_k9,52,158,254bf46edda4932d2f4e1f41b13a6513e0ee840ed6191897591e7a586d60b752,0.6962025316455697,0.6434006211180124,0.6317887591466131
kernel_k9,53,157,cedcb780f1d8977227578d3e87c925f4436464d550bff06fdc1244423191cc50,0.8343949044585988,0.826723759332455,0.8039201592980663
kernel_k9,54,157,ae34fb9ac704529e79fb38d78efbec878f3138a8c368ceeb8a83f0349bcce86a,0.7452229299363057,0.695860781730347,0.6657793664143539
kernel_k9,55,157,a7629f4527bc1b1e562477afb986e82295ec09fd3fed91b59c36cfba8e6d3ead,0.8089171974522293,0.7145586297760211,0.7216556813000041
kernel_k9,56,157,143be3c310281cf95d243c515106a993bc5e303ff855b6018da11db4493b7009,0.7133757961783439,0.5480566534914362,0.5719698993677086
kernel_k9,57,158,560bb705274959f046b113aa30e4267cdf67bfe39baafbd463b40059085f2dc3,0.7721518987341772,0.7068366114561766,0.7072114584571496
kernel_k9,58,157,ee221c396349fd192f4b6561d87571bda83f4644ddc505197460f8d978d9f7f5,0.6305732484076433,0.4302218614718615,0.43753711847901927
kernel_k9,59,158,50106a38a71ff293bb4192dd480e38e9932bc4a544c19bccb71410e1a1ccec8e,0.7721518987341772,0.7076733954451345,0.6945556690500511
kernel_k9,60,159,a3a1c3b0b4a609dd3af8aec6d657a81eeb1a579ab2e54d6dbbb84fb376be9732,0.7169811320754716,0.6417792050944225,0.6354332762455954
kernel_k9,61,156,ed0ce21af41cd8430d058fdad11c4f21b71636e54a1def8671d304ccc49e5b08,0.7115384615384616,0.5749184390488737,0.6029653398613514
kernel_k9,62,157,e6cffdcb1d55c69c4a2717074ddd09722e4309abce7667bbff6bd6e8e4702230,0.7579617834394905,0.5817083882301274,0.6342123161383123
kernel_k9,63,158,cdfd03c8cb520596b653abbe00cdb28700432617a1e9e1c0e16a584c119e54fb,0.6582278481012658,0.4956302151954326,0.5203597841788797
kernel_k9,64,156,fec136b6b26986339296b7e67a370b60a0ca1c0064edc9b358ed450b4d3ed29e,0.6410256410256411,0.5125839136708702,0.5138930469827685
kernel_k9,65,158,0d143da414aa13b6994a9eae491bf7ec07f07d184fd4fbb9de35e155b685ec64,0.7088607594936709,0.5916019668737059,0.6013938968061676
kernel_k9,66,158,24ff9eb02511adadd026142b6781176e239b8f3285d1998d2b1e16fdfad18ab9,0.5,0.3271080368906456,0.33222315357377874
kernel_k9,67,157,940caf84657e7674b0cb0d12c608bc3408b3bfa3def0cdb552a13df51947f86a,0.4968152866242038,0.3687417654808959,0.37503198436092683
kernel_k9,68,158,7b3e814e8ea1f64ab4640cc106baa89b2aee5f397c92123106aa5d22502ba8f2,0.7784810126582279,0.7303798858146684,0.716951566111609
kernel_k9,69,158,249b490abfa5998646ea787074efd0f0096c6758d1ad546eb7da16139ff5cfa8,0.7215189873417721,0.5653726708074535,0.5829767508201398
kernel_k9,70,157,73e0fd72f6c1ac6793b1e52a472f9f5072ee0742a62ca09b306d8364444d8f32,0.802547770700637,0.7718818620992535,0.7547159729629196
kernel_k9,71,157,c325e5bcf6b468535834dab9018976cc159ae9c10de88bb652e9ef4a3c3c09b8,0.6114649681528662,0.5526570048309178,0.5445031712473573
kernel_k9,72,154,c3a4f7e32ff0fbd7d4a0e7db6e3d82382f7d79c96d803e8b19ec2aff8e1c73a1,0.7142857142857143,0.5792929292929293,0.5853337191918019
kernel_k9,73,153,ba20816828c6a955f16a698597e9acdbc0cbe11c28467a1a591e343c51853a0d,0.6928104575163399,0.5408730158730158,0.5520799849009774
kernel_k9,74,154,9598372f8fc378d394fc11af80977386e0b86c9a55dc65f058767af396672a35,0.6428571428571429,0.5525252525252525,0.5544182090757078
kernel_k9,75,159,7c1cbde36592800b343f641f6f27c3c31ad5a24f9d86f59399352689f41fda05,0.5094339622641509,0.3222249670619236,0.3288041639311348
kernel_k9,76,153,98bc520f09f12c0000d8b3418173f321e74bd17f189314ef3c288bd9888d319e,0.5620915032679739,0.4214285714285714,0.4211593039756205
kernel_k9,77,158,40e5dc157d4e182394bc15f5d11e66df8cc0f2d200e00176b9824ffeaa63f829,0.6772151898734177,0.5486456176673568,0.5494571218255428
kernel_k9,78,158,4b625b01c114cf21338b4d7ff0aa7a985c6cf806f9d4baa1c1e6e07f3c9094d3,0.6392405063291139,0.45196530522617473,0.46511556153285416
kernel_k9,79,159,20e6c6b2fe501d11255fbf0e3e98086c478e25e6611a2a7ab7ce76719a0ec03a,0.5660377358490566,0.48075043917435223,0.456876630540255
kernel_k9,80,156,3b0f7aab843de5b71471c0153ee8f9f9f31128e933224efef6234783e1205c1c,0.6666666666666666,0.5388434029738378,0.5405046003450259
kernel_k9,81,158,cfeaf253ef337cfb1532148d6688c997d49e1659ec4c0ad7693330822061ec23,0.7531645569620253,0.5954216073781291,0.6329732138555668
kernel_k9,82,156,2635a0df764a2c85c22cb04a6df79f532556cfa17e2bd47450494632f34cbd69,0.6538461538461539,0.567678336156597,0.5640166028097062
kernel_k9,83,158,f25c46fd679f019d8fcb18fa3fa425785a4b73b09289de98764ae64763ec556a,0.6075949367088608,0.37235397452788754,0.3399814001535846
kernel_k9,84,158,9b1f189530b1b5963e40c18df61af0aace5e8efa996dcfe5240d816519aadfd6,0.620253164556962,0.5356060606060606,0.5396206997941781
kernel_k9,85,157,8250532f56b065e3d27a221ba57d1649cf018d83edca5840f71cbd6d7f83589a,0.7452229299363057,0.561945542380325,0.5931372549019608
kernel_k9,86,159,41571d1afe7b2e66e17798874869545ac6297955e70dccad7db0144ebd882179,0.7672955974842768,0.6897590030742206,0.6934523809523809
kernel_k9,87,157,55ad47fd220f7d0307389a4991d250ec05c7c30a170c321a1b69d749117339c6,0.5668789808917197,0.45692797540623625,0.45779125940905513
kernel_k9,90,158,8a7d9027df54d6ed813c5a441203642f92fc71a233247137e716ab0f2be37f7d,0.7468354430379747,0.6063570487483531,0.6291529731280607
kernel_k9,91,158,2ba8409bd6ebcc4a4b934e9f2ef515bab9f14b8e419509aaed1c8348e04d8b0b,0.6835443037974683,0.5673364075537988,0.5842357739160065
kernel_k9,93,157,4b171574850cf59edae9783ecc5b8a6e5e31285b08891c7cf921f31661968414,0.6496815286624203,0.5521519543258674,0.549286218314064
kernel_k9,94,158,d7ababb6686700237bcae59fa707ff53b8279d19ab235fa1784543761e9d4a92,0.759493670886076,0.6163592446201142,0.6330669330669331
kernel_k9,95,158,046a5496c6e44037396f4465891283c1d1d1567b5b65415e24684c2b076223bf,0.6518987341772152,0.5171277997364955,0.5364203526046106
kernel_k9,96,159,76d47bd905e75fd08f990055045cd0e9898b1638fa86600d9f8ede715389e2ca,0.7169811320754716,0.6485534694773825,0.6426202552442735
kernel_k9,97,157,c637865a6d4cdf64bf41afac4696e071d9b628503b76e24cd97de8b7d5846b3c,0.7452229299363057,0.6696091348265261,0.6597659602423145
kernel_k9,98,159,77c20773e2b3eb78ce5c0f017be3547ac1eeac74388a167ff6eefa847674ba8b,0.6289308176100629,0.5628842775581906,0.5407633242999097
kernel_k9,99,159,37a01d1cb1e0602f0b064f6af3dd3eacba03b061b758a77739a409ba0a074355,0.5283018867924528,0.33963823012736055,0.34657298734641484
kernel_k9,101,156,4e3628ae01b799524340b14b3ff090a50207e63a45e384b6fe63b537e853d33f,0.8269230769230769,0.8323906769558943,0.7927551951012963
kernel_k9,102,154,31b3f297a856d793fa66cef18cfa2739e78116ee34ab9fcd8d090fb251f9ef22,0.7012987012987013,0.6682539682539683,0.6327608659466764
kernel_k9,103,158,f38b966e739ae8583b164c236632188c0f9952e81261baee509aa002c555fe20,0.6582278481012658,0.5047101449275363,0.5394234051068991
kernel_k9,105,156,89adde456b0f1ccf1fd165125603905c0339ede8c39050c3102ae76fb4c7301a,0.6923076923076923,0.6703918062613715,0.6506587765479694
kernel_k9,106,157,b9c948da90fd49d3da76b364d94243b22c39ace5d61b7b7f22dd015a46528641,0.6050955414012739,0.38612012987012984,0.3945405305594879
kernel_k9,107,158,0f3fa893f05476ffe27a45498f98f724b91a56ff51b3e424ddd42fa71229b21e,0.5443037974683544,0.34492322291235333,0.3467590580862143
kernel_k9,108,158,d6b72f176a93aaa80c91f40530e15c3a56c44b73efe9ac49c7fa633c74343cb1,0.6265822784810127,0.5040404040404041,0.5097144078121059
kernel_k9,109,157,887398fc40c3b0c5646c24dad9bdcf91d8295edaf736071158afd4913aa11768,0.5477707006369427,0.41622749231444883,0.4209335098803789
kernel_k9_11,1,159,f0f374bdb65b66270143f95dc883ff969bbca21a7e5840b18447387543374c12,0.8113207547169812,0.7324906675450154,0.7394401929506293
kernel_k9_11,2,156,0b5b52118db02c845fddd933ac2b00078b23b6fb2a5e1f2c95cf24aef6dced80,0.7051282051282052,0.5620725892465023,0.5953541466378437
kernel_k9_11,3,159,a465948981873e5775ad5dc9ee08251b1cb82e5bf67c7d2f94a06cb4b1373606,0.6855345911949685,0.4925944224857268,0.5044533820277527
kernel_k9_11,4,158,73e74f0988741323d2fd50ae3a4c4534c01ae03ed4d6b699cf2fdd0c95bd7f6f,0.7848101265822784,0.6826306543697849,0.7017300879567204
kernel_k9_11,5,157,8d30e94def8e08e4f183ea3e491ee18d083b574f97bffc87cd1a459cf43ac742,0.6242038216560509,0.4776695526695527,0.4882429613881536
kernel_k9_11,6,158,c2f828a0a81089c4ec546c097339e134e8b1408bb1d64daaa3426d5e00d4260b,0.7215189873417721,0.6697204968944099,0.6487639178075318
kernel_k9_11,7,158,72998d66d8da405531c4cb78589f297e8d2dc37c0e7b2a975e6bbb47204e2106,0.8544303797468354,0.8142402283706631,0.8006791157535147
kernel_k9_11,8,157,ec434ac1fd1c0c2c1cd7b7cd2ebe5a1ff21ade5ec2d4a9fca69a73d618d8e0f2,0.6560509554140127,0.5321365832235397,0.5393326592517694
kernel_k9_11,9,157,8b8bc6111e6e30a4378aefeb7a8cdf57f737128c78208597bbe285a882bd785a,0.6624203821656051,0.5582972582972583,0.5464569969113804
kernel_k9_11,10,157,dcb2a55a0c36a61a9c8541cedc78686ba125bae920cdaf3b708c5a58ad9e96f0,0.7770700636942676,0.7305194805194805,0.722134561153589
kernel_k9_11,11,158,b7c137e62da531d94ce4877362c930a5fb1054daa4bda94eff7df999321bd413,0.5632911392405063,0.4772507685551164,0.44902017499100133
kernel_k9_11,12,158,fef32dd3c5eedd68618520025506b930db3486be2a81c8891af0227165f73160,0.6708860759493671,0.590213077984817,0.6031218193743921
kernel_k9_11,13,158,635776fc6ffdd53c204a95a2786cb7565635d88287173e7c2a34f1d0c43991c1,0.7151898734177216,0.6687527448397013,0.6577660682676192
kernel_k9_11,14,156,f9c49c03899f165aededea9503edd0affe516a9d4314bfa2a919fec0b52cc858,0.6923076923076923,0.6057516155342242,0.5926400844766141
kernel_k9_11,15,158,a290f46872d32914bdec63cf75b37a3bed5b04ec3190352ec5b28e2f47146393,0.8860759493670886,0.8837834870443566,0.863448596017919
kernel_k9_11,16,156,7638737754e7ce4b31ca13661b680055431b8e5f05062418ca6b6179dd14756f,0.5961538461538461,0.4400009410878976,0.4393812855524277
kernel_k9_11,17,156,0d2e7d83e2af72f2bf3acf6b893d7513ce3d4e296994790540309dcc11a6d6a6,0.8141025641025641,0.7060449212623126,0.7320932539682541
kernel_k9_11,18,158,c0141666680d88f39716f84cd850dff30ac5d7a1090d61b7d2b3dcaadbfe464f,0.8860759493670886,0.8104633289415898,0.8525044095347514
kernel_k9_11,19,158,420d110ff10f1ac32e9e615a40c18d708a36d10df32e892e1362dec6aa163120,0.6962025316455697,0.5841348265261308,0.5748115696250236
kernel_k9_11,20,157,79492e9ad59ea258dfed0026a2f2b085db25472cdfc0b4765513c633136fef08,0.8535031847133758,0.7582784365393062,0.756299304560174
kernel_k9_11,21,156,195c9a4715ab76d642d2b6bd5f4fe4ea4210ae48c7868839248ee747faa0a8ca,0.6025641025641025,0.3646825396825396,0.37300233725719406
kernel_k9_11,22,159,cc762e1403ec119d7e76ae305a184fbdfaec55a7fe6c30f12989c36301f6cb9e,0.8113207547169812,0.7044466403162056,0.726279754385159
kernel_k9_11,23,157,23c3f3ca9710b672d70f19eb0f609e0e322934847747f485cd1cb0b5b0780a11,0.7070063694267515,0.5256368028107159,0.54591433042405
kernel_k9_11,24,158,bea816d44836810f382adb5363722274bc3cf4552741c51baa9ff3cf8bbfc4cd,0.6265822784810127,0.381675450153711,0.3759311727136839
kernel_k9_11,25,156,0dd93b2539b82ca64fe434df01185e6b9c2bc2f11e8362aad6f263547b4b734c,0.5897435897435898,0.3695244369157412,0.353812756841295
kernel_k9_11,26,159,14e31386e0570d367d9bf7e424636871085aa5d3ed5329db7c86a553ab4d8fb4,0.6163522012578616,0.4001984126984127,0.40511904777985047
kernel_k9_11,27,158,ff3b33c2a275cce53908904c4cb548e8f5ea96745bcb172a1e990645539b37ad,0.6645569620253164,0.538372859025033,0.5560344050913912
kernel_k9_11,28,157,9d581e872a3dc1381bdd9c8bd841991f21475052eda0c1b01666fca4e0c0ebf7,0.6624203821656051,0.46672156346069393,0.47586279949694765
kernel_k9_11,29,158,0dfa42cb21e283bfa78b66f5e829fdc15f664454d6aa91bc8f9e6e330e73d583,0.7911392405063291,0.6626152832674571,0.6783714876622451
kernel_k9_11,30,156,d82f870da5ffebcaa0f56ea50876f4c5bfeaff1d35429438348368c993bd38fb,0.7243589743589743,0.6519841269841269,0.6437387943354553
kernel_k9_11,31,157,25a6ff834addf2ea143b25b0d0264ad48b8d9b2b7cc373698f50ed75a22bfe1e,0.6624203821656051,0.5187307861220904,0.5222963440068703
kernel_k9_11,32,158,1704ee301fb550f9fa540aa1ae745332b76b7270e8d1ec8f4b3dd0d57a4aeb53,0.8670886075949367,0.7747800207039338,0.8017385307781649
kernel_k9_11,33,158,250b427d3042682e624d397fc6453373f38f74e172cc81a1eccaab381e69d43d,0.7278481012658228,0.5676328502415459,0.6051328817092235
kernel_k9_11,34,154,652ac94695799bdf51ac4406af328465f9f092eb1962f0ecf23ab93b4d4c35ad,0.7012987012987013,0.5506854256854257,0.555159502531206
kernel_k9_11,35,156,1cbec336ef4d6d2e6e3bfec0b90fd322be71757b3d9c5c3ed0dba897e5a59947,0.8205128205128205,0.7460348829914047,0.749306995263098
kernel_k9_11,36,158,67afb2a1ac68e66a76f56157b4eb4a8ccea4fbeafc5864d1951d4b9c9640621c,0.6772151898734177,0.5019872639437857,0.4819699717728493
kernel_k9_11,37,154,5fdc52b1f738a00655c51cfce62ff37250f0f630e83874560d991b81f5042052,0.6753246753246753,0.5664141414141414,0.5616814385744527
kernel_k9_11,38,157,87a1d240786fb6c821fe2efb5e0884f625290c8b28280c98e0cac146d0b7877d,0.5159235668789809,0.3694773825208608,0.363302524349036
kernel_k9_11,39,157,19343df9087950448f724ef134bb9d10feb9e09568652d777e0fcdc9a79c5d3a,0.6050955414012739,0.4235617039964866,0.432367468614296
kernel_k9_11,40,158,78f3dca5442ed8ddd771eb796512543084c6e72a99cedfc27df7c7604d339492,0.759493670886076,0.8529503105590062,0.7590583925878044
kernel_k9_11,41,156,b9866128581e65f35eed50264dd210b1a57901efac94cc77d1923a942ae16db6,0.7435897435897436,0.5796803438107786,0.6054677754677754
kernel_k9_11,42,156,fc9cc0311ad3daa5f95c40ef97aa6cd6907edb2e7d4ac6eed359e3d51478fff3,0.75,0.6635657820440428,0.6658788786160923
kernel_k9_11,44,157,32d4c889b4881f2bbbb8b9722cb77d3d16830331dbaed85ffa3d08aa2ccdf61c,0.7452229299363057,0.6028985507246377,0.6113904602276695
kernel_k9_11,45,156,c09ea4e8e6628680a0ba0c5a5c4d3cbb9097f4a09c7136ce7d68d48f3ffc473e,0.75,0.5770719618545705,0.5956577543574236
kernel_k9_11,46,158,fb06a9ac7cfc6811fbe7741889c1c04f0bed554464c0c0174dfb107c337e92e3,0.569620253164557,0.44006368028107157,0.4405594405594406
kernel_k9_11,47,157,0c35844343f8be723cf34d9de36d74c4153edb2508e14229393fe07fcf9709ad,0.4713375796178344,0.36267135642135645,0.34958449922418217
kernel_k9_11,48,156,327b38709d868763426f7822b69d00eae0669885e3d2d3add965ee7cb49bfefe,0.7243589743589743,0.6133352155091285,0.6112187339532409
kernel_k9_11,49,159,4d3f3f9e0f79dd0349c651d437d2dd8849332674e474a5ae0b0f4cd3c910a1ef,0.6540880503144654,0.4529479578392622,0.4877235971575594
kernel_k9_11,50,156,4e92b41704b5b076a289095a671d4eddc263fa05f0da778dc0c65f43590a95af,0.717948717948718,0.5366945856076291,0.5452301487971075
kernel_k9_11,51,159,46d293cd1e6059fb96793e365441ab67bb8aacb55d00267561490e53e05f50aa,0.6666666666666666,0.43472222222222223,0.47432200970596633
kernel_k9_11,52,158,254bf46edda4932d2f4e1f41b13a6513e0ee840ed6191897591e7a586d60b752,0.7341772151898734,0.6524283988957902,0.6500115651882911
kernel_k9_11,53,157,cedcb780f1d8977227578d3e87c925f4436464d550bff06fdc1244423191cc50,0.8407643312101911,0.8385814668423365,0.8108716209271252
kernel_k9_11,54,157,ae34fb9ac704529e79fb38d78efbec878f3138a8c368ceeb8a83f0349bcce86a,0.7834394904458599,0.7272288098375055,0.7037894030574225
kernel_k9_11,55,157,a7629f4527bc1b1e562477afb986e82295ec09fd3fed91b59c36cfba8e6d3ead,0.7643312101910829,0.6526789635485287,0.670446636687245
kernel_k9_11,56,157,143be3c310281cf95d243c515106a993bc5e303ff855b6018da11db4493b7009,0.7388535031847133,0.5915349143610014,0.6156344969796747
kernel_k9_11,57,158,560bb705274959f046b113aa30e4267cdf67bfe39baafbd463b40059085f2dc3,0.7784810126582279,0.7243098688750863,0.7139083557951482
kernel_k9_11,58,157,ee221c396349fd192f4b6561d87571bda83f4644ddc505197460f8d978d9f7f5,0.6178343949044586,0.4693542568542568,0.44545540438397574
kernel_k9_11,59,158,50106a38a71ff293bb4192dd480e38e9932bc4a544c19bccb71410e1a1ccec8e,0.7278481012658228,0.6397472394755004,0.6331922091868493
kernel_k9_11,60,159,a3a1c3b0b4a609dd3af8aec6d657a81eeb1a579ab2e54d6dbbb84fb376be9732,0.7232704402515723,0.6230813570487483,0.6081761006289308
kernel_k9_11,61,156,ed0ce21af41cd8430d058fdad11c4f21b71636e54a1def8671d304ccc49e5b08,0.6602564102564102,0.4732589873894222,0.5055862836350641
kernel_k9_11,62,157,e6cffdcb1d55c69c4a2717074ddd09722e4309abce7667bbff6bd6e8e4702230,0.7515923566878981,0.5713328941589811,0.6250471952535059
kernel_k9_11,63,158,cdfd03c8cb520596b653abbe00cdb28700432617a1e9e1c0e16a584c119e54fb,0.6708860759493671,0.4921058410188845,0.5212079643687824
kernel_k9_11,64,156,fec136b6b26986339296b7e67a370b60a0ca1c0064edc9b358ed450b4d3ed29e,0.6153846153846154,0.4519809900244683,0.44889222003746343
kernel_k9_11,65,158,0d143da414aa13b6994a9eae491bf7ec07f07d184fd4fbb9de35e155b685ec64,0.7468354430379747,0.6444530710835059,0.6482674982674983
kernel_k9_11,66,158,24ff9eb02511adadd026142b6781176e239b8f3285d1998d2b1e16fdfad18ab9,0.5506329113924051,0.4251207729468599,0.42666160593792174
kernel_k9_11,67,157,940caf84657e7674b0cb0d12c608bc3408b3bfa3def0cdb552a13df51947f86a,0.5477707006369427,0.3914580588493632,0.381541056658504
kernel_k9_11,68,158,7b3e814e8ea1f64ab4640cc106baa89b2aee5f397c92123106aa5d22502ba8f2,0.7721518987341772,0.6937527448397014,0.6988132727197987
kernel_k9_11,69,158,249b490abfa5998646ea787074efd0f0096c6758d1ad546eb7da16139ff5cfa8,0.759493670886076,0.6308488612836439,0.6560910335016972
kernel_k9_11,70,157,73e0fd72f6c1ac6793b1e52a472f9f5072ee0742a62ca09b306d8364444d8f32,0.7898089171974523,0.740568730786122,0.730365284411637
kernel_k9_11,71,157,c325e5bcf6b468535834dab9018976cc159ae9c10de88bb652e9ef4a3c3c09b8,0.643312101910828,0.541282389108476,0.5416918607708081
kernel_k9_11,72,154,c3a4f7e32ff0fbd7d4a0e7db6e3d82382f7d79c96d803e8b19ec2aff8e1c73a1,0.7207792207792207,0.5911976911976912,0.6111519022119665
kernel_k9_11,73,153,ba20816828c6a955f16a698597e9acdbc0cbe11c28467a1a591e343c51853a0d,0.7254901960784313,0.6003968253968254,0.6182664348209024
kernel_k9_11,74,154,9598372f8fc378d394fc11af80977386e0b86c9a55dc65f058767af396672a35,0.5714285714285714,0.4597041847041847,0.4530903341634179
kernel_k9_11,75,159,7c1cbde36592800b343f641f6f27c3c31ad5a24f9d86f59399352689f41fda05,0.559748427672956,0.36785792709705756,0.37836716129399056
kernel_k9_11,76,153,98bc520f09f12c0000d8b3418173f321e74bd17f189314ef3c288bd9888d319e,0.5490196078431373,0.42500000000000004,0.3992520520857079
kernel_k9_11,77,158,40e5dc157d4e182394bc15f5d11e66df8cc0f2d200e00176b9824ffeaa63f829,0.6582278481012658,0.554878364389234,0.5409917797558247
kernel_k9_11,78,158,4b625b01c114cf21338b4d7ff0aa7a985c6cf806f9d4baa1c1e6e07f3c9094d3,0.5949367088607594,0.4406126482213439,0.44263322884012535
kernel_k9_11,79,159,20e6c6b2fe501d11255fbf0e3e98086c478e25e6611a2a7ab7ce76719a0ec03a,0.6352201257861635,0.5447024593763724,0.5415106853352984
kernel_k9_11,80,156,3b0f7aab843de5b71471c0153ee8f9f9f31128e933224efef6234783e1205c1c,0.6666666666666666,0.5383022774327122,0.5517835838201971
kernel_k9_11,81,158,cfeaf253ef337cfb1532148d6688c997d49e1659ec4c0ad7693330822061ec23,0.7658227848101266,0.6262406675450154,0.6626032320463678
kernel_k9_11,82,156,2635a0df764a2c85c22cb04a6df79f532556cfa17e2bd47450494632f34cbd69,0.6794871794871795,0.533201581027668,0.5520543353339292
kernel_k9_11,83,158,f25c46fd679f019d8fcb18fa3fa425785a4b73b09289de98764ae64763ec556a,0.6329113924050633,0.3672815107597716,0.33330309627479443
kernel_k9_11,84,158,9b1f189530b1b5963e40c18df61af0aace5e8efa996dcfe5240d816519aadfd6,0.6455696202531646,0.5148440931049627,0.531217277486911
kernel_k9_11,85,157,8250532f56b065e3d27a221ba57d1649cf018d83edca5840f71cbd6d7f83589a,0.7261146496815286,0.5697957839262187,0.6048529411764706
kernel_k9_11,86,159,41571d1afe7b2e66e17798874869545ac6297955e70dccad7db0144ebd882179,0.8301886792452831,0.7752086078173035,0.7744430059978374
kernel_k9_11,87,157,55ad47fd220f7d0307389a4991d250ec05c7c30a170c321a1b69d749117339c6,0.5859872611464968,0.48292709705753184,0.4761703042739295
kernel_k9_11,90,158,8a7d9027df54d6ed813c5a441203642f92fc71a233247137e716ab0f2be37f7d,0.7658227848101266,0.6237703118137901,0.6621434144372147
kernel_k9_11,91,158,2ba8409bd6ebcc4a4b934e9f2ef515bab9f14b8e419509aaed1c8348e04d8b0b,0.7784810126582279,0.6747255160298639,0.7015467171717171
kernel_k9_11,93,157,4b171574850cf59edae9783ecc5b8a6e5e31285b08891c7cf921f31661968414,0.6560509554140127,0.5887790953008344,0.5756551230198853
kernel_k9_11,94,158,d7ababb6686700237bcae59fa707ff53b8279d19ab235fa1784543761e9d4a92,0.7784810126582279,0.6727492314448837,0.7007715207708389
kernel_k9_11,95,158,046a5496c6e44037396f4465891283c1d1d1567b5b65415e24684c2b076223bf,0.6518987341772152,0.5409090909090909,0.5453651087323613
kernel_k9_11,96,159,76d47bd905e75fd08f990055045cd0e9898b1638fa86600d9f8ede715389e2ca,0.6477987421383647,0.5068126921387791,0.5266908212560386
kernel_k9_11,97,157,c637865a6d4cdf64bf41afac4696e071d9b628503b76e24cd97de8b7d5846b3c,0.6751592356687898,0.55566534914361,0.564474755264229
kernel_k9_11,98,159,77c20773e2b3eb78ce5c0f017be3547ac1eeac74388a167ff6eefa847674ba8b,0.6729559748427673,0.582328722002635,0.5751587301587302
kernel_k9_11,99,159,37a01d1cb1e0602f0b064f6af3dd3eacba03b061b758a77739a409ba0a074355,0.5283018867924528,0.31482762406675446,0.3154727898630338
kernel_k9_11,101,156,4e3628ae01b799524340b14b3ff090a50207e63a45e384b6fe63b537e853d33f,0.8589743589743589,0.8786467156032374,0.8342040097147483
kernel_k9_11,102,154,31b3f297a856d793fa66cef18cfa2739e78116ee34ab9fcd8d090fb251f9ef22,0.7077922077922078,0.6184343434343436,0.5992531591215802
kernel_k9_11,103,158,f38b966e739ae8583b164c236632188c0f9952e81261baee509aa002c555fe20,0.6835443037974683,0.540590689503733,0.5568293207110021
kernel_k9_11,105,156,89adde456b0f1ccf1fd165125603905c0339ede8c39050c3102ae76fb4c7301a,0.7243589743589743,0.6579349394566786,0.6784430972936422
kernel_k9_11,106,157,b9c948da90fd49d3da76b364d94243b22c39ace5d61b7b7f22dd015a46528641,0.6560509554140127,0.46093975468975473,0.4757846705215127
kernel_k9_11,107,158,0f3fa893f05476ffe27a45498f98f724b91a56ff51b3e424ddd42fa71229b21e,0.6012658227848101,0.42773033126293997,0.4342371079213184
kernel_k9_11,108,158,d6b72f176a93aaa80c91f40530e15c3a56c44b73efe9ac49c7fa633c74343cb1,0.6582278481012658,0.48605621431708385,0.5133234047428114
kernel_k9_11,109,157,887398fc40c3b0c5646c24dad9bdcf91d8295edaf736071158afd4913aa11768,0.5286624203821656,0.41549187527448395,0.4219677368321672
window_0_2,1,159,f0f374bdb65b66270143f95dc883ff969bbca21a7e5840b18447387543374c12,0.7232704402515723,0.6773770311813789,0.6607477260567148
window_0_2,2,156,0b5b52118db02c845fddd933ac2b00078b23b6fb2a5e1f2c95cf24aef6dced80,0.6987179487179487,0.5253513394817743,0.5639390158528048
window_0_2,3,159,a465948981873e5775ad5dc9ee08251b1cb82e5bf67c7d2f94a06cb4b1373606,0.6415094339622641,0.5636830259112867,0.5494681108849472
window_0_2,4,158,73e74f0988741323d2fd50ae3a4c4534c01ae03ed4d6b699cf2fdd0c95bd7f6f,0.7721518987341772,0.6932586736934563,0.6950149999409451
window_0_2,5,157,8d30e94def8e08e4f183ea3e491ee18d083b574f97bffc87cd1a459cf43ac742,0.6878980891719745,0.5518939393939394,0.5667428861788617
window_0_2,6,158,c2f828a0a81089c4ec546c097339e134e8b1408bb1d64daaa3426d5e00d4260b,0.7658227848101266,0.7302061766735679,0.7051520417557461
window_0_2,7,158,72998d66d8da405531c4cb78589f297e8d2dc37c0e7b2a975e6bbb47204e2106,0.8860759493670886,0.843818620992534,0.8486350605915822
window_0_2,8,157,ec434ac1fd1c0c2c1cd7b7cd2ebe5a1ff21ade5ec2d4a9fca69a73d618d8e0f2,0.6369426751592356,0.49952788757136585,0.49259431045145335
window_0_2,9,157,8b8bc6111e6e30a4378aefeb7a8cdf57f737128c78208597bbe285a882bd785a,0.6369426751592356,0.6091089466089467,0.570835555453242
window_0_2,10,157,dcb2a55a0c36a61a9c8541cedc78686ba125bae920cdaf3b708c5a58ad9e96f0,0.7515923566878981,0.6893939393939393,0.6868546537477688
window_0_2,11,158,b7c137e62da531d94ce4877362c930a5fb1054daa4bda94eff7df999321bd413,0.6329113924050633,0.5345520421607378,0.5095099667774087
window_0_2,12,158,fef32dd3c5eedd68618520025506b930db3486be2a81c8891af0227165f73160,0.6708860759493671,0.5087129054520358,0.5351514651520334
window_0_2,13,158,635776fc6ffdd53c204a95a2786cb7565635d88287173e7c2a34f1d0c43991c1,0.689873417721519,0.6157004830917875,0.6082998665097968
window_0_2,14,156,f9c49c03899f165aededea9503edd0affe516a9d4314bfa2a919fec0b52cc858,0.6538461538461539,0.49997960976221845,0.511694822793221
window_0_2,15,158,a290f46872d32914bdec63cf75b37a3bed5b04ec3190352ec5b28e2f47146393,0.8860759493670886,0.8747035573122529,0.8614503173775053
window_0_2,16,156,7638737754e7ce4b31ca13661b680055431b8e5f05062418ca6b6179dd14756f,0.6089743589743589,0.4041094171528954,0.40371617036293056
window_0_2,17,156,0d2e7d83e2af72f2bf3acf6b893d7513ce3d4e296994790540309dcc11a6d6a6,0.7948717948717948,0.6865142104272539,0.7146097603946442
window_0_2,18,158,c0141666680d88f39716f84cd850dff30ac5d7a1090d61b7d2b3dcaadbfe464f,0.9240506329113924,0.9095300834431269,0.9127563396988577
window_0_2,19,158,420d110ff10f1ac32e9e615a40c18d708a36d10df32e892e1362dec6aa163120,0.6962025316455697,0.6032828282828282,0.6030952380952381
window_0_2,20,157,79492e9ad59ea258dfed0026a2f2b085db25472cdfc0b4765513c633136fef08,0.8343949044585988,0.723693456302152,0.7288892767925026
window_0_2,21,156,195c9a4715ab76d642d2b6bd5f4fe4ea4210ae48c7868839248ee747faa0a8ca,0.6730769230769231,0.4470238095238095,0.4826388888888889
window_0_2,22,159,cc762e1403ec119d7e76ae305a184fbdfaec55a7fe6c30f12989c36301f6cb9e,0.7672955974842768,0.6277420948616601,0.6709544841123789
window_0_2,23,157,23c3f3ca9710b672d70f19eb0f609e0e322934847747f485cd1cb0b5b0780a11,0.7133757961783439,0.578941589811155,0.5903272319275992
window_0_2,24,158,bea816d44836810f382adb5363722274bc3cf4552741c51baa9ff3cf8bbfc4cd,0.5632911392405063,0.3286341677646025,0.3229820774463632
window_0_2,25,156,0dd93b2539b82ca64fe434df01185e6b9c2bc2f11e8362aad6f263547b4b734c,0.5897435897435898,0.4059853190287973,0.38378270280444193
window_0_2,26,159,14e31386e0570d367d9bf7e424636871085aa5d3ed5329db7c86a553ab4d8fb4,0.559748427672956,0.3357142857142857,0.3395143679759653
window_0_2,27,158,ff3b33c2a275cce53908904c4cb548e8f5ea96745bcb172a1e990645539b37ad,0.6835443037974683,0.5638779095300834,0.5851798226798226
window_0_2,28,157,9d581e872a3dc1381bdd9c8bd841991f21475052eda0c1b01666fca4e0c0ebf7,0.6815286624203821,0.5503513394817743,0.5505076796954075
window_0_2,29,158,0dfa42cb21e283bfa78b66f5e829fdc15f664454d6aa91bc8f9e6e330e73d583,0.7215189873417721,0.5577514273166446,0.5792465704230411
window_0_2,30,156,d82f870da5ffebcaa0f56ea50876f4c5bfeaff1d35429438348368c993bd38fb,0.6794871794871795,0.5731150793650793,0.5750745603655892
window_0_2,31,157,25a6ff834addf2ea143b25b0d0264ad48b8d9b2b7cc373698f50ed75a22bfe1e,0.6687898089171974,0.5013724198506807,0.5143507009749734
window_0_2,32,158,1704ee301fb550f9fa540aa1ae745332b76b7270e8d1ec8f4b3dd0d57a4aeb53,0.8544303797468354,0.7534937888198757,0.7743531300594295
window_0_2,33,158,250b427d3042682e624d397fc6453373f38f74e172cc81a1eccaab381e69d43d,0.7531645569620253,0.6282828282828283,0.6478239645338091
window_0_2,34,158,b95ed3e91ce76a5e6da55d69f5f315404ba11b9a76328b24b3ac291dd828767c,0.6772151898734177,0.49472481021394066,0.49510180155341443
window_0_2,35,156,54af02f4ddcee527c38475918b5c09d2f2dde3a3f96d937c28022d77fbc33776,0.75,0.6719148001756697,0.6701451051435067
window_0_2,36,158,b51272f01aeb55a87b2f313cfcfd6f4cd570b7ef3c254df632fff6f5c4c922a2,0.6645569620253164,0.5216952129995608,0.5105977002623862
window_0_2,37,158,80f95a0fc94086820d7f25a6c33cd39733a8842bee6e561cc2eaf10b7c08fe03,0.7278481012658228,0.6014822134387352,0.6173173151641118
window_0_2,38,157,a4e2633d811efc2d008e1394e37a1c5d62fdd66b64c687dda45babbb6d0ef8ad,0.535031847133758,0.40918972332015807,0.410919540229885
window_0_2,39,157,462ab67d4a6079ef7f2216c36f6ca787215cb9080d0d92f647c2c27e08d18818,0.6178343949044586,0.4614844093104963,0.47853535353535354
window_0_2,40,158,57453779e65ddbed90fe1fdfbd9edfadeb4f095e0e475af728907850cee2c161,0.7658227848101266,0.8460188060731539,0.7702657271806208
window_0_2,41,157,16ad51b103c871a790fe04b71aca7e78c6fd8189974b296489115ce724be183b,0.7834394904458599,0.6768488455988456,0.6863442604902232
window_0_2,42,156,d191cadf056e84198a4879bff730d744aa77780ea9b08c9b1ac40bccef630946,0.8397435897435898,0.7525346634042287,0.7927068055934035
window_0_2,44,157,49996637d81609f1684b2d5ddd00a8f0a270d1ac6bc2a12a84ec2695af7e3053,0.7834394904458599,0.6362428634167765,0.6639196397742247
window_0_2,45,156,5d353318db28d347b0163f0195f3572b5600e992c99933eaf6316cbac4918d89,0.7243589743589743,0.5992220340046427,0.6035380110925395
window_0_2,46,158,b13474cc88bd849e40de4042ed9a4fa841c2b212fd060a587b25b0e9318ab3c6,0.6075949367088608,0.44913263065436976,0.4548701086652277
window_0_2,47,157,22057c5b3a105b1f09d959efc7ee432f547eebf5b15550436b5d561314918d42,0.5286624203821656,0.42884199134199136,0.41935897435897435
window_0_2,48,156,8cf945042093f7e94639e5af3630ecdfa9f5c9b00c1c3fcad64acea6291c9271,0.7435897435897436,0.6535886818495514,0.6433327984595635
window_0_2,49,159,a1eaef60fb9f8544c96a039fbe4383f3f84783164965a9509ec4f57fef75ce4a,0.6729559748427673,0.525562692138779,0.5381301280501178
window_0_2,50,156,1d689b5768ffac5f391c870b9dd956f8b23e903165742ae66d0b827535935c99,0.7371794871794872,0.5526256352343308,0.5377325512501481
window_0_2,51,159,f31b10fa81f6e58e0d80ac0ba8109585576d1038bd51d0215c465ac108446858,0.610062893081761,0.3670634920634921,0.3782983710818676
window_0_2,52,158,7c789b46d147483e4fcd5ddabbf584b03706870d4fb108bbbdec116bc654b827,0.7341772151898734,0.6581262939958592,0.6579905156477828
window_0_2,53,157,3445c6208c7a53547299fee2e23902dc3001c9f8f2e235ac572de81c0c1d071e,0.7770700636942676,0.7946201141853316,0.7404535155023108
window_0_2,54,157,6387e5845d2abdbd024538840b700f5d70c77cd59951406279aeefc98458b5dd,0.8089171974522293,0.7560057092665788,0.7328488533511022
window_0_2,55,157,d2f980b7d6c45c15890c3df85a3587612cb46b09813a6395b2a7a4971ec9d206,0.7898089171974523,0.6632960035133948,0.707241403582867
window_0_2,56,157,495ed77f02f5f99b1735bc301f3d67f3e1241487bf8df92830006cd204252daa,0.7261146496815286,0.5440382081686429,0.5487022728880723
window_0_2,57,158,272f4a62b308a862f804014ff393dab33231bf2ddee83162f063dd540b989c3a,0.7341772151898734,0.7393029675638372,0.7020009712951291
window_0_2,58,157,d0a9d7f03f1b3056490b16a6b01be0985dd0fb2673853c19710f68ea0d0bce17,0.5923566878980892,0.39935966810966805,0.37673722008697375
window_0_2,59,158,bfd7de2406b02e27bae28841fe410b00455d97d77ec9740608d85b9e3ab2e9f7,0.7784810126582279,0.7152432712215322,0.7051742160278746
window_0_2,60,159,854da2fc01569ca4e54bd19691142c0c84f06c1383153e37f97c91a3c8af7f2b,0.6666666666666666,0.5456192358366272,0.5396031318942449
window_0_2,61,156,0c68d2332cc4e371f8fa1949ed479d0e63604f5268b90704fb1a7760c8e1ef1c,0.6410256410256411,0.4825443879791706,0.4957551778432718
window_0_2,62,157,96fb518c30f8cf3e291be3e7394a204618a0137832e92a2caa841e8b99844962,0.7133757961783439,0.5551602986385595,0.5849146410245828
window_0_2,63,158,8fe77cdfc340b7a4947c54a3e330d9c95ead53187936b35406eb7735046a6278,0.7088607594936709,0.5330478700043917,0.5632806549885758
window_0_2,64,158,d4a96bea2d71795ada2bcfc454f33fd0a3d8db2d5599a80b9279564fa3ecd2bc,0.620253164556962,0.4527119016249451,0.46378120626240926
window_0_2,65,158,57728344912ef0b2cb9d6803d171d879ab669f26516c0e4f4d6e11ca5a16ecca,0.6329113924050633,0.5453847481021394,0.5292465300727032
window_0_2,66,158,17b314864b7b8a8c2eb451a7bcb69afd9277b812b13c7e54b4b324464de8dab3,0.569620253164557,0.3991106719367589,0.41749673484157906
window_0_2,67,157,129ab779a15592a52dd53e26cec6ab9a5bc09ea43af0e2700764459f423768a3,0.5668789808917197,0.4836736934563022,0.4600739827758288
window_0_2,68,158,f6b825f2cac5367f79de787ed22cb22f9a74dd03edfa2d814a65bad0b88feb9a,0.759493670886076,0.706357048748353,0.7051123171827072
window_0_2,69,158,1ac92a47dfbdb2c09687eb7297441319a1fc9dd7c26a73c4ec6d38550f7bf702,0.810126582278481,0.705891994478951,0.7299281821369001
window_0_2,70,157,6c7d487372df5174d4c4c0977ca599779f5975239e57f337cc4dc198e535286c,0.7707006369426752,0.6917764602547211,0.689656699889258
window_0_2,71,157,c94fff52a78888f2c9dbf258efba153a4d9d9c78064ec6d06f471a91a3fadb9b,0.6815286624203821,0.5736385595081247,0.5726984423985306
window_0_2,72,158,4381bf5ecae05fca63ec12005c1fa8d4ab46afeff513f279f13bb89ddd209a28,0.6392405063291139,0.5155248133509003,0.5000089687104114
window_0_2,73,157,23e2dcd939541f36b7e1415da8d6184be4ae808529045e2a356f955cefdd3efd,0.7707006369426752,0.6382850241545893,0.6813028819310227
window_0_2,74,157,46da36701d2b89d1fef397fda103534c215bfb2363b57916c13577e54b91861f,0.6560509554140127,0.5547709235209235,0.5626861411798039
window_0_2,75,159,136dc4e280f3d69dbfa26f0b5e24dc07bd21eb19698d3d3aca2a2fedb0924db2,0.6037735849056604,0.41207180500658763,0.43120756554546685
window_0_2,76,157,42c201a19b072a1b8f602a8140ccdbcee4d138717cd5166faab28ec1d68067c5,0.5987261146496815,0.4031181379007466,0.41638855768376376
window_0_2,77,158,df3fcddce9010443dec9bd12ba0ac5d2c6ce6e27fd4707ef5fc826b368228dbe,0.689873417721519,0.5608048654244306,0.5719469573966999
window_0_2,78,158,df1f4584bb43f31765127b4eeb5fc2be9698fe9a37253251ec0549bdd03c3298,0.569620253164557,0.3738471673254282,0.38620448179271705
window_0_2,79,159,ee53d0a279371fe8d609313cdd646ce3e44a4b1653c714c30e62ca320785da10,0.5408805031446541,0.36613416776460256,0.3669459611410511
window_0_2,80,156,6e1d79aaac8ca930be13c21379c9f4ac755ea972ee4402406cfc0c2aface3820,0.7243589743589743,0.589648033126294,0.5963119336803547
window_0_2,81,158,3995c7589dba06f18051944be3267a0b876fb9ab00211f4bcd120f2cec091149,0.7151898734177216,0.5544795783926219,0.5664880471851986
window_0_2,82,156,0ff213d29d41996e74bb4b122307c1f17fe2a90a20a2ed194842f0823f17ec47,0.6730769230769231,0.5283063554802685,0.534733932062561
window_0_2,83,158,65ba9f1fe57eb0ee56c9a75a9c2f8a027cc1e869dff53da7dad44d9ac677289f,0.6012658227848101,0.33770311813790077,0.3242775415611274
window_0_2,84,158,67a2459d960059a3506f721960f3938b61d18a8b2fadb07dd7e75a2796996982,0.6329113924050633,0.5092885375494072,0.5312271062271062
window_0_2,85,157,43952c5e065599b026e467da6696bb21c26c1c431db69b9eee282b48cfc967f3,0.7197452229299363,0.5579380764163373,0.5923275715359622
window_0_2,86,159,158f7bd8839c2121cca442ee080db80e726e196353019d7c44fbffb822d62cb8,0.8364779874213837,0.8243137900746597,0.7949479791916767
window_0_2,87,157,ad60500fbeab2f6d223b84a85f27ffb7d4a1c3c4ac1973c70d32ea86a1739b7b,0.5859872611464968,0.40614844093104957,0.4263941940412529
window_0_2,90,158,96f3af33aa90650cf16a1c43db04a9a48299b4c83fb4e2a73667f81266e066d1,0.7848101265822784,0.6730566534914362,0.6925769538455815
window_0_2,91,158,0089bf1b59f33abbeb9cbc6ef375f6cbd5ec8f60109bc5e61d6523e2173ff550,0.7784810126582279,0.6499560825647782,0.6823867725974838
window_0_2,93,157,1d6e0376ac0326cc0728e3c7db55eb2b162593e0bfc17efd0d2d36b98d78eac8,0.5923566878980892,0.5438296003513394,0.5277014652014652
window_0_2,94,158,5b474f4c81793e5f371687a2521fe3c9ff21292e8f77e4b9ab653abe71619b2a,0.7911392405063291,0.6797870004391743,0.6676287871940046
window_0_2,95,158,91a69fff4350d17b26d24e2cd32ab73256f56b62a8a8005e107576433ae16eb6,0.6518987341772152,0.5328173034694773,0.5436800529647566
window_0_2,96,159,9f56d77386b2b7809fe26baaa43b378fd455138c6880d960680b734db69ab758,0.5911949685534591,0.57102821695213,0.5468682676640093
window_0_2,97,157,54d4b4bc559fcaa048b6707a0295400e5eef660efa1ad349c0939f18aa5e984d,0.7197452229299363,0.5807312252964427,0.5826586211880329
window_0_2,98,159,13aaf9f4c483f534c7629d02556a247bba5e100e47b5b5fb5b344ee74c74cc38,0.6792452830188679,0.5608311374615722,0.5635314247156352
window_0_2,99,159,9ac4755d06f1c576cbe61dc2f34798100f1b44e6d0b1405efa42f6428d62fd16,0.5094339622641509,0.3041474527887571,0.3060979791981141
window_0_2,101,156,8c2cb0d3b74747010b0a7c3694eeb0e52c0d62fbf96296600dc0ecac12b26cb8,0.782051282051282,0.8731884057971014,0.7765897267082349
window_0_2,102,157,7da7c0a59a67a88a6444a7fc2d691d7acac696ff99a868d4145b17ea46fb67a7,0.6878980891719745,0.6360232762406675,0.610649119689093
window_0_2,103,158,2af5b1eea6593b5489d1fa9ad98cb32b3da8791638b3550d1807745d14c4e84d,0.6835443037974683,0.5653601229688187,0.5814826292358106
window_0_2,105,156,552909dd14ad76dcdc830a646c04fa2c562835cfe763ef81876147088990b9c2,0.717948717948718,0.7218206913859089,0.6877215236162982
window_0_2,106,157,cfe95f5fe762e2f0f55342555fc218ccf6afb368773943fd0fb793a6029e0eb4,0.6242038216560509,0.41628787878787876,0.44485879781854465
window_0_2,107,158,df4e1c2ecf9edc48c6a02679b0ec35e3dafb82bc44106b6605cc3d59cfe6621b,0.5379746835443038,0.38674516908212564,0.3852317323347516
window_0_2,108,158,a1d8c0316057ed39ae31e3db8d7f7d52c050b825fb254b9ab6f7d7e74676dd7e,0.6582278481012658,0.4522068511198946,0.4639287485969409
window_0_2,109,157,116772fcb9b1f9b53975772b3492c9434aee8c0f4c6da5241a8ed03246b45435,0.6050955414012739,0.4331357048748353,0.45231397791674816
window_0_3,1,159,f0f374bdb65b66270143f95dc883ff969bbca21a7e5840b18447387543374c12,0.7547169811320755,0.7394460913482652,0.7121937807106238
window_0_3,2,156,0b5b52118db02c845fddd933ac2b00078b23b6fb2a5e1f2c95cf24aef6dced80,0.6923076923076923,0.5312064746847356,0.5553494281996045
window_0_3,3,159,a465948981873e5775ad5dc9ee08251b1cb82e5bf67c7d2f94a06cb4b1373606,0.7044025157232704,0.5347359464207291,0.5491400491400492
window_0_3,4,158,73e74f0988741323d2fd50ae3a4c4534c01ae03ed4d6b699cf2fdd0c95bd7f6f,0.8037974683544303,0.7324110671936759,0.7397376174550087
window_0_3,5,157,8d30e94def8e08e4f183ea3e491ee18d083b574f97bffc87cd1a459cf43ac742,0.7197452229299363,0.5663239538239538,0.5975312358060028
window_0_3,6,158,c2f828a0a81089c4ec546c097339e134e8b1408bb1d64daaa3426d5e00d4260b,0.759493670886076,0.7277518978605936,0.6929485240510649
window_0_3,7,158,72998d66d8da405531c4cb78589f297e8d2dc37c0e7b2a975e6bbb47204e2106,0.8987341772151899,0.8655577514273167,0.8731514742950106
window_0_3,8,157,ec434ac1fd1c0c2c1cd7b7cd2ebe5a1ff21ade5ec2d4a9fca69a73d618d8e0f2,0.6242038216560509,0.5440052700922265,0.5267426896145351
window_0_3,9,157,8b8bc6111e6e30a4378aefeb7a8cdf57f737128c78208597bbe285a882bd785a,0.7452229299363057,0.6326028138528138,0.655372715639964
window_0_3,10,157,dcb2a55a0c36a61a9c8541cedc78686ba125bae920cdaf3b708c5a58ad9e96f0,0.7579617834394905,0.7097492784992785,0.7058804587041168
window_0_3,11,158,b7c137e62da531d94ce4877362c930a5fb1054daa4bda94eff7df999321bd413,0.5443037974683544,0.4851010101010101,0.44775991888279054
window_0_3,12,158,fef32dd3c5eedd68618520025506b930db3486be2a81c8891af0227165f73160,0.5822784810126582,0.48794858523119394,0.4945285456584272
window_0_3,13,158,635776fc6ffdd53c204a95a2786cb7565635d88287173e7c2a34f1d0c43991c1,0.6835443037974683,0.6291062801932367,0.6155877359634585
window_0_3,14,156,f9c49c03899f165aededea9503edd0affe516a9d4314bfa2a919fec0b52cc858,0.6730769230769231,0.5153695338477947,0.5372448979591837
window_0_3,15,158,a290f46872d32914bdec63cf75b37a3bed5b04ec3190352ec5b28e2f47146393,0.8607594936708861,0.8393170838823012,0.8360317227767657
window_0_3,16,156,7638737754e7ce4b31ca13661b680055431b8e5f05062418ca6b6179dd14756f,0.5833333333333334,0.36773480143045356,0.3550518676024139
window_0_3,17,156,0d2e7d83e2af72f2bf3acf6b893d7513ce3d4e296994790540309dcc11a6d6a6,0.7628205128205128,0.6634983374113808,0.6829211271071736
window_0_3,18,158,c0141666680d88f39716f84cd850dff30ac5d7a1090d61b7d2b3dcaadbfe464f,0.8924050632911392,0.8789635485287659,0.8714767360956908
window_0_3,19,158,420d110ff10f1ac32e9e615a40c18d708a36d10df32e892e1362dec6aa163120,0.740506329113924,0.6207509881422926,0.6183297454357237
window_0_3,20,157,79492e9ad59ea258dfed0026a2f2b085db25472cdfc0b4765513c633136fef08,0.8407643312101911,0.7694005270092227,0.7644021739130435
window_0_3,21,156,195c9a4715ab76d642d2b6bd5f4fe4ea4210ae48c7868839248ee747faa0a8ca,0.6794871794871795,0.4756944444444444,0.493452380952381
window_0_3,22,159,cc762e1403ec119d7e76ae305a184fbdfaec55a7fe6c30f12989c36301f6cb9e,0.8301886792452831,0.7505215195432586,0.7801487743538466
window_0_3,23,157,23c3f3ca9710b672d70f19eb0f609e0e322934847747f485cd1cb0b5b0780a11,0.7388535031847133,0.5738691260430391,0.6180501468880235
window_0_3,24,158,bea816d44836810f382adb5363722274bc3cf4552741c51baa9ff3cf8bbfc4cd,0.5886075949367089,0.29978041282389106,0.28080547112462007
window_0_3,25,156,0dd93b2539b82ca64fe434df01185e6b9c2bc2f11e8362aad6f263547b4b734c,0.5897435897435898,0.3994698538176799,0.34924061054507016
window_0_3,26,159,14e31386e0570d367d9bf7e424636871085aa5d3ed5329db7c86a553ab4d8fb4,0.5911949685534591,0.371031746031746,0.37483377706109444
window_0_3,27,158,ff3b33c2a275cce53908904c4cb548e8f5ea96745bcb172a1e990645539b37ad,0.7088607594936709,0.6159420289855073,0.6255709197569663
window_0_3,28,157,9d581e872a3dc1381bdd9c8bd841991f21475052eda0c1b01666fca4e0c0ebf7,0.643312101910828,0.4902613087395696,0.4891573506431061
window_0_3,29,158,0dfa42cb21e283bfa78b66f5e829fdc15f664454d6aa91bc8f9e6e330e73d583,0.7088607594936709,0.5436100131752306,0.5426606490436278
window_0_3,30,156,d82f870da5ffebcaa0f56ea50876f4c5bfeaff1d35429438348368c993bd38fb,0.75,0.6036706349206349,0.6396771771771772
window_0_3,31,157,25a6ff834addf2ea143b25b0d0264ad48b8d9b2b7cc373698f50ed75a22bfe1e,0.6369426751592356,0.4126811594202899,0.42851037851037843
window_0_3,32,158,1704ee301fb550f9fa540aa1ae745332b76b7270e8d1ec8f4b3dd0d57a4aeb53,0.8734177215189873,0.7937413733609386,0.8222558021365098
window_0_3,33,158,250b427d3042682e624d397fc6453373f38f74e172cc81a1eccaab381e69d43d,0.7151898734177216,0.5044466403162056,0.5263453642061452
window_0_3,34,158,b95ed3e91ce76a5e6da55d69f5f315404ba11b9a76328b24b3ac291dd828767c,0.7215189873417721,0.5871247412008281,0.5879862700228833
window_0_3,35,156,54af02f4ddcee527c38475918b5c09d2f2dde3a3f96d937c28022d77fbc33776,0.8589743589743589,0.807748290356986,0.8129003671766829
window_0_3,36,158,b51272f01aeb55a87b2f313cfcfd6f4cd570b7ef3c254df632fff6f5c4c922a2,0.689873417721519,0.46658981115502857,0.48047175866495506
window_0_3,37,158,80f95a0fc94086820d7f25a6c33cd39733a8842bee6e561cc2eaf10b7c08fe03,0.6772151898734177,0.5454106280193236,0.5477334945420052
window_0_3,38,157,a4e2633d811efc2d008e1394e37a1c5d62fdd66b64c687dda45babbb6d0ef8ad,0.5668789808917197,0.4488361879666228,0.44538444076487554
window_0_3,39,157,462ab67d4a6079ef7f2216c36f6ca787215cb9080d0d92f647c2c27e08d18818,0.6114649681528662,0.48347606499780416,0.4769070798482563
window_0_3,40,158,57453779e65ddbed90fe1fdfbd9edfadeb4f095e0e475af728907850cee2c161,0.6772151898734177,0.7747627674258108,0.6712749044102838
window_0_3,41,157,16ad51b103c871a790fe04b71aca7e78c6fd8189974b296489115ce724be183b,0.7770700636942676,0.636823593073593,0.6541223174731028
window_0_3,42,156,d191cadf056e84198a4879bff730d744aa77780ea9b08c9b1ac40bccef630946,0.782051282051282,0.688157977288412,0.6901270772238514
window_0_3,44,157,49996637d81609f1684b2d5ddd00a8f0a270d1ac6bc2a12a84ec2695af7e3053,0.7197452229299363,0.6109354413702239,0.6049921007817148
window_0_3,45,156,5d353318db28d347b0163f0195f3572b5600e992c99933eaf6316cbac4918d89,0.7307692307692307,0.5929669364451973,0.6052384698962197
window_0_3,46,158,b13474cc88bd849e40de4042ed9a4fa841c2b212fd060a587b25b0e9318ab3c6,0.6392405063291139,0.4458498023715415,0.46281512605042013
window_0_3,47,157,22057c5b3a105b1f09d959efc7ee432f547eebf5b15550436b5d561314918d42,0.5159235668789809,0.4423520923520924,0.4246196370238877
window_0_3,48,156,8cf945042093f7e94639e5af3630ecdfa9f5c9b00c1c3fcad64acea6291c9271,0.7948717948717948,0.6784694773825207,0.682916392363397
window_0_3,49,159,a1eaef60fb9f8544c96a039fbe4383f3f84783164965a9509ec4f57fef75ce4a,0.5974842767295597,0.46844806763285024,0.4718280780780781
window_0_3,50,156,1d689b5768ffac5f391c870b9dd956f8b23e903165742ae66d0b827535935c99,0.7756410256410257,0.604717987326683,0.6029265901903803
window_0_3,51,159,f31b10fa81f6e58e0d80ac0ba8109585576d1038bd51d0215c465ac108446858,0.6415094339622641,0.4006944444444444,0.41992648494913687
window_0_3,52,158,7c789b46d147483e4fcd5ddabbf584b03706870d4fb108bbbdec116bc654b827,0.7215189873417721,0.6922532781228434,0.6732669998349166
window_0_3,53,157,3445c6208c7a53547299fee2e23902dc3001c9f8f2e235ac572de81c0c1d071e,0.8280254777070064,0.8143719806763284,0.7860971190604931
window_0_3,54,157,6387e5845d2abdbd024538840b700f5d70c77cd59951406279aeefc98458b5dd,0.7452229299363057,0.7044466403162055,0.6748287794033276
window_0_3,55,157,d2f980b7d6c45c15890c3df85a3587612cb46b09813a6395b2a7a4971ec9d206,0.8280254777070064,0.7057202459376373,0.7609220297029703
window_0_3,56,157,495ed77f02f5f99b1735bc301f3d67f3e1241487bf8df92830006cd204252daa,0.732484076433121,0.5629995608256477,0.588075602264378
window_0_3,57,158,272f4a62b308a862f804014ff393dab33231bf2ddee83162f063dd540b989c3a,0.7848101265822784,0.7199016563146998,0.7141976376237877
window_0_3,58,157,d0a9d7f03f1b3056490b16a6b01be0985dd0fb2673853c19710f68ea0d0bce17,0.6242038216560509,0.3939123376623377,0.3973748473748474
window_0_3,59,158,bfd7de2406b02e27bae28841fe410b00455d97d77ec9740608d85b9e3ab2e9f7,0.7531645569620253,0.7273723257418909,0.7010805974258381
window_0_3,60,159,854da2fc01569ca4e54bd19691142c0c84f06c1383153e37f97c91a3c8af7f2b,0.7232704402515723,0.6274264382960035,0.6288976585109182
window_0_3,61,156,0c68d2332cc4e371f8fa1949ed479d0e63604f5268b90704fb1a7760c8e1ef1c,0.6858974358974359,0.47992502666415715,0.5165668743644664
window_0_3,62,157,96fb518c30f8cf3e291be3e7394a204618a0137832e92a2caa841e8b99844962,0.7643312101910829,0.6612648221343873,0.6866211840888067
window_0_3,63,158,8fe77cdfc340b7a4947c54a3e330d9c95ead53187936b35406eb7735046a6278,0.689873417721519,0.4918533157663592,0.5171672924488945
window_0_3,64,158,d4a96bea2d71795ada2bcfc454f33fd0a3d8db2d5599a80b9279564fa3ecd2bc,0.6265822784810127,0.43319060166886253,0.4330530771237986
window_0_3,65,158,57728344912ef0b2cb9d6803d171d879ab669f26516c0e4f4d6e11ca5a16ecca,0.7215189873417721,0.5500948930296756,0.5645982024848004
window_0_3,66,158,17b314864b7b8a8c2eb451a7bcb69afd9277b812b13c7e54b4b324464de8dab3,0.5443037974683544,0.3541501976284585,0.3598779301579015
window_0_3,67,157,129ab779a15592a52dd53e26cec6ab9a5bc09ea43af0e2700764459f423768a3,0.5414012738853503,0.46545893719806763,0.4521464448726591
window_0_3,68,158,f6b825f2cac5367f79de787ed22cb22f9a74dd03edfa2d814a65bad0b88feb9a,0.7974683544303798,0.7387132191480017,0.7398987208711777
window_0_3,69,158,1ac92a47dfbdb2c09687eb7297441319a1fc9dd7c26a73c4ec6d38550f7bf702,0.7088607594936709,0.5223343685300207,0.5401123648289571
window_0_3,70,157,6c7d487372df5174d4c4c0977ca599779f5975239e57f337cc4dc198e535286c,0.7898089171974523,0.7162933684672815,0.7203994344291269
window_0_3,71,157,c94fff52a78888f2c9dbf258efba153a4d9d9c78064ec6d06f471a91a3fadb9b,0.7133757961783439,0.6572024593763723,0.6439389548923018
window_0_3,72,158,4381bf5ecae05fca63ec12005c1fa8d4ab46afeff513f279f13bb89ddd209a28,0.7151898734177216,0.6050065876152833,0.6129756879985468
window_0_3,73,157,23e2dcd939541f36b7e1415da8d6184be4ae808529045e2a356f955cefdd3efd,0.7388535031847133,0.60012077294686,0.6402702702702703
window_0_3,74,157,46da36701d2b89d1fef397fda103534c215bfb2363b57916c13577e54b91861f,0.6242038216560509,0.549062049062049,0.5367270283746256
window_0_3,75,159,136dc4e280f3d69dbfa26f0b5e24dc07bd21eb19698d3d3aca2a2fedb0924db2,0.5408805031446541,0.392838713219148,0.39262487265536045
window_0_3,76,157,42c201a19b072a1b8f602a8140ccdbcee4d138717cd5166faab28ec1d68067c5,0.6242038216560509,0.4551822573561704,0.46547042208696343
window_0_3,77,158,df3fcddce9010443dec9bd12ba0ac5d2c6ce6e27fd4707ef5fc826b368228dbe,0.6835443037974683,0.5778985507246377,0.5727378759975444
window_0_3,78,158,df1f4584bb43f31765127b4eeb5fc2be9698fe9a37253251ec0549bdd03c3298,0.5506329113924051,0.3564339042599913,0.358666084608411
window_0_3,79,159,ee53d0a279371fe8d609313cdd646ce3e44a4b1653c714c30e62ca320785da10,0.5723270440251572,0.44877305665349143,0.4163953727771058
window_0_3,80,156,6e1d79aaac8ca930be13c21379c9f4ac755ea972ee4402406cfc0c2aface3820,0.6602564102564102,0.5112491373360938,0.525049720773405
window_0_3,81,158,3995c7589dba06f18051944be3267a0b876fb9ab00211f4bcd120f2cec091149,0.740506329113924,0.5908541941150637,0.6185337807472873
window_0_3,82,156,0ff213d29d41996e74bb4b122307c1f17fe2a90a20a2ed194842f0823f17ec47,0.6666666666666666,0.5524154589371981,0.552797106368535
window_0_3,83,158,65ba9f1fe57eb0ee56c9a75a9c2f8a027cc1e869dff53da7dad44d9ac677289f,0.6265822784810127,0.35690601668862537,0.3429681234963913
window_0_3,84,158,67a2459d960059a3506f721960f3938b61d18a8b2fadb07dd7e75a2796996982,0.6582278481012658,0.5199055775142731,0.5471730883495589
window_0_3,85,157,43952c5e065599b026e467da6696bb21c26c1c431db69b9eee282b48cfc967f3,0.6815286624203821,0.45788317962231007,0.4724155399878948
window_0_3,86,159,158f7bd8839c2121cca442ee080db80e726e196353019d7c44fbffb822d62cb8,0.8930817610062893,0.8488197189284146,0.8590798204527712
window_0_3,87,157,ad60500fbeab2f6d223b84a85f27ffb7d4a1c3c4ac1973c70d32ea86a1739b7b,0.5796178343949044,0.46198945981554673,0.46912183676889563
window_0_3,90,158,96f3af33aa90650cf16a1c43db04a9a48299b4c83fb4e2a73667f81266e066d1,0.7658227848101266,0.6460693895476504,0.6419258233774363
window_0_3,91,158,0089bf1b59f33abbeb9cbc6ef375f6cbd5ec8f60109bc5e61d6523e2173ff550,0.7531645569620253,0.6216732542819499,0.6598096605919532
window_0_3,93,157,1d6e0376ac0326cc0728e3c7db55eb2b162593e0bfc17efd0d2d36b98d78eac8,0.5987261146496815,0.5137461572244181,0.5059563465136842
window_0_3,94,158,5b474f4c81793e5f371687a2521fe3c9ff21292e8f77e4b9ab653abe71619b2a,0.7848101265822784,0.6684233640755379,0.6717129988542326
window_0_3,95,158,91a69fff4350d17b26d24e2cd32ab73256f56b62a8a8005e107576433ae16eb6,0.7088607594936709,0.6149538866930171,0.6272857861093155
window_0_3,96,159,9f56d77386b2b7809fe26baaa43b378fd455138c6880d960680b734db69ab758,0.779874213836478,0.6962203557312253,0.7061201018647827
window_0_3,97,157,54d4b4bc559fcaa048b6707a0295400e5eef660efa1ad349c0939f18aa5e984d,0.6624203821656051,0.5476394378568292,0.5403051723482689
window_0_3,98,159,13aaf9f4c483f534c7629d02556a247bba5e100e47b5b5fb5b344ee74c74cc38,0.6792452830188679,0.5598429951690821,0.5544098683961012
window_0_3,99,159,9ac4755d06f1c576cbe61dc2f34798100f1b44e6d0b1405efa42f6428d62fd16,0.5723270440251572,0.32292764602547214,0.29971390168970813
window_0_3,101,156,8c2cb0d3b74747010b0a7c3694eeb0e52c0d62fbf96296600dc0ecac12b26cb8,0.8974358974358975,0.9226943346508564,0.8787370600414078
window_0_3,102,157,7da7c0a59a67a88a6444a7fc2d691d7acac696ff99a868d4145b17ea46fb67a7,0.7579617834394905,0.7237154150197629,0.6896483196397901
window_0_3,103,158,2af5b1eea6593b5489d1fa9ad98cb32b3da8791638b3550d1807745d14c4e84d,0.6708860759493671,0.5759881422924902,0.5722740857766198
window_0_3,105,156,552909dd14ad76dcdc830a646c04fa2c562835cfe763ef81876147088990b9c2,0.717948717948718,0.6530867683041596,0.6657293939902635
window_0_3,106,157,cfe95f5fe762e2f0f55342555fc218ccf6afb368773943fd0fb793a6029e0eb4,0.6496815286624203,0.4547799422799423,0.47869567354020176
window_0_3,107,158,df4e1c2ecf9edc48c6a02679b0ec35e3dafb82bc44106b6605cc3d59cfe6621b,0.5759493670886076,0.4017943409247757,0.40537410616420483
window_0_3,108,158,a1d8c0316057ed39ae31e3db8d7f7d52c050b825fb254b9ab6f7d7e74676dd7e,0.6772151898734177,0.48530961791831356,0.5147135515556568
window_0_3,109,157,116772fcb9b1f9b53975772b3492c9434aee8c0f4c6da5241a8ed03246b45435,0.5286624203821656,0.41598594642072906,0.41844821844821845
window_1_4,1,159,f0f374bdb65b66270143f95dc883ff969bbca21a7e5840b18447387543374c12,0.5094339622641509,0.35187472551602983,0.34767859965228387
window_1_4,2,156,0b5b52118db02c845fddd933ac2b00078b23b6fb2a5e1f2c95cf24aef6dced80,0.47435897435897434,0.3259928477319782,0.3326216356107661
window_1_4,3,159,a465948981873e5775ad5dc9ee08251b1cb82e5bf67c7d2f94a06cb4b1373606,0.44025157232704404,0.27597990777338605,0.27523209189755443
window_1_4,4,158,73e74f0988741323d2fd50ae3a4c4534c01ae03ed4d6b699cf2fdd0c95bd7f6f,0.5569620253164557,0.3506258234519104,0.3530658321897604
window_1_4,5,157,8d30e94def8e08e4f183ea3e491ee18d083b574f97bffc87cd1a459cf43ac742,0.46496815286624205,0.35691738816738816,0.3502747860303599
window_1_4,6,158,c2f828a0a81089c4ec546c097339e134e8b1408bb1d64daaa3426d5e00d4260b,0.5,0.3251552795031056,0.3200905575905576
window_1_4,7,158,72998d66d8da405531c4cb78589f297e8d2dc37c0e7b2a975e6bbb47204e2106,0.6075949367088608,0.5325208607817303,0.523358528019545
window_1_4,8,157,ec434ac1fd1c0c2c1cd7b7cd2ebe5a1ff21ade5ec2d4a9fca69a73d618d8e0f2,0.5159235668789809,0.2836187966622749,0.27645513230900554
window_1_4,9,157,8b8bc6111e6e30a4378aefeb7a8cdf57f737128c78208597bbe285a882bd785a,0.36942675159235666,0.25244408369408367,0.25223288067354
window_1_4,10,157,dcb2a55a0c36a61a9c8541cedc78686ba125bae920cdaf3b708c5a58ad9e96f0,0.4140127388535032,0.2886544011544011,0.2881410256410256
window_1_4,11,158,b7c137e62da531d94ce4877362c930a5fb1054daa4bda94eff7df999321bd413,0.43037974683544306,0.37036671058410187,0.35001237398994467
window_1_4,12,158,fef32dd3c5eedd68618520025506b930db3486be2a81c8891af0227165f73160,0.4620253164556962,0.31088250517598337,0.3100920818312123
window_1_4,13,158,635776fc6ffdd53c204a95a2786cb7565635d88287173e7c2a34f1d0c43991c1,0.4936708860759494,0.3147562582345191,0.3110020003637025
window_1_4,14,156,f9c49c03899f165aededea9503edd0affe516a9d4314bfa2a919fec0b52cc858,0.46794871794871795,0.3367400715226802,0.32807539682539677
window_1_4,15,158,a290f46872d32914bdec63cf75b37a3bed5b04ec3190352ec5b28e2f47146393,0.5506329113924051,0.35742204655248133,0.35444273630802126
window_1_4,16,156,7638737754e7ce4b31ca13661b680055431b8e5f05062418ca6b6179dd14756f,0.5384615384615384,0.3758814856640944,0.3682228298017772
window_1_4,17,156,0d2e7d83e2af72f2bf3acf6b893d7513ce3d4e296994790540309dcc11a6d6a6,0.5705128205128205,0.3342571679528201,0.3334828548644338
window_1_4,18,158,c0141666680d88f39716f84cd850dff30ac5d7a1090d61b7d2b3dcaadbfe464f,0.5569620253164557,0.31974088713219145,0.3079662343470483
window_1_4,19,158,420d110ff10f1ac32e9e615a40c18d708a36d10df32e892e1362dec6aa163120,0.5189873417721519,0.36021080368906455,0.35915488180555777
window_1_4,20,157,79492e9ad59ea258dfed0026a2f2b085db25472cdfc0b4765513c633136fef08,0.46496815286624205,0.30284365393061047,0.29951034796310483
window_1_4,21,156,195c9a4715ab76d642d2b6bd5f4fe4ea4210ae48c7868839248ee747faa0a8ca,0.5128205128205128,0.2907738095238095,0.28887767674248094
window_1_4,22,159,cc762e1403ec119d7e76ae305a184fbdfaec55a7fe6c30f12989c36301f6cb9e,0.5220125786163522,0.3030110891523935,0.298911461551117
window_1_4,23,157,23c3f3ca9710b672d70f19eb0f609e0e322934847747f485cd1cb0b5b0780a11,0.5222929936305732,0.3440272288098375,0.34863577863577866
window_1_4,24,158,bea816d44836810f382adb5363722274bc3cf4552741c51baa9ff3cf8bbfc4cd,0.5316455696202531,0.2657004830917874,0.24421245421245422
window_1_4,25,156,0dd93b2539b82ca64fe434df01185e6b9c2bc2f11e8362aad6f263547b4b734c,0.5128205128205128,0.33717924587489806,0.3240031636938854
window_1_4,26,159,14e31386e0570d367d9bf7e424636871085aa5d3ed5329db7c86a553ab4d8fb4,0.389937106918239,0.27579365079365076,0.2583800764108525
window_1_4,27,158,ff3b33c2a275cce53908904c4cb548e8f5ea96745bcb172a1e990645539b37ad,0.35443037974683544,0.237955643390426,0.24490513492917337
window_1_4,28,157,9d581e872a3dc1381bdd9c8bd841991f21475052eda0c1b01666fca4e0c0ebf7,0.5031847133757962,0.30382081686429513,0.29586771458446987
window_1_4,29,158,0dfa42cb21e283bfa78b66f5e829fdc15f664454d6aa91bc8f9e6e330e73d583,0.4936708860759494,0.3510759771629337,0.3373590777039053
window_1_4,30,156,d82f870da5ffebcaa0f56ea50876f4c5bfeaff1d35429438348368c993bd38fb,0.41025641025641024,0.30724206349206346,0.3018958719851577
window_1_4,31,157,25a6ff834addf2ea143b25b0d0264ad48b8d9b2b7cc373698f50ed75a22bfe1e,0.47770700636942676,0.34175450153711023,0.3381716322892793
window_1_4,32,158,1704ee301fb550f9fa540aa1ae745332b76b7270e8d1ec8f4b3dd0d57a4aeb53,0.5822784810126582,0.2885050034506556,0.2632625306178398
window_1_4,33,158,250b427d3042682e624d397fc6453373f38f74e172cc81a1eccaab381e69d43d,0.45569620253164556,0.2662165129556434,0.2674810071265295
window_1_4,34,154,652ac94695799bdf51ac4406af328465f9f092eb1962f0ecf23ab93b4d4c35ad,0.4935064935064935,0.3995310245310245,0.391432958725659
window_1_4,35,156,1cbec336ef4d6d2e6e3bfec0b90fd322be71757b3d9c5c3ed0dba897e5a59947,0.5961538461538461,0.41257293431206477,0.4224690148576763
window_1_4,36,158,67afb2a1ac68e66a76f56157b4eb4a8ccea4fbeafc5864d1951d4b9c9640621c,0.5189873417721519,0.32636144049187527,0.3105269358664803
window_1_4,37,154,5fdc52b1f738a00655c51cfce62ff37250f0f630e83874560d991b81f5042052,0.38311688311688313,0.23528138528138526,0.23682950191570878
window_1_4,38,157,87a1d240786fb6c821fe2efb5e0884f625290c8b28280c98e0cac146d0b7877d,0.29936305732484075,0.2240118577075099,0.2198751451800232
window_1_4,39,157,19343df9087950448f724ef134bb9d10feb9e09568652d777e0fcdc9a79c5d3a,0.535031847133758,0.31869784804567414,0.31502159868496504
window_1_4,40,158,78f3dca5442ed8ddd771eb796512543084c6e72a99cedfc27df7c7604d339492,0.3987341772151899,0.29663561076604555,0.2842858386267346
window_1_4,41,156,b9866128581e65f35eed50264dd210b1a57901efac94cc77d1923a942ae16db6,0.46794871794871795,0.30658447832360874,0.29660326086956523
window_1_4,42,156,fc9cc0311ad3daa5f95c40ef97aa6cd6907edb2e7d4ac6eed359e3d51478fff3,0.4935897435897436,0.35775613275613277,0.3067643467643468
window_1_4,44,157,32d4c889b4881f2bbbb8b9722cb77d3d16830331dbaed85ffa3d08aa2ccdf61c,0.4968152866242038,0.3510759771629337,0.35176333521269876
window_1_4,45,156,c09ea4e8e6628680a0ba0c5a5c4d3cbb9097f4a09c7136ce7d68d48f3ffc473e,0.5769230769230769,0.3345175356044921,0.32325179793210485
window_1_4,46,158,fb06a9ac7cfc6811fbe7741889c1c04f0bed554464c0c0174dfb107c337e92e3,0.3860759493670886,0.3114514712340799,0.29319791057435085
window_1_4,47,157,0c35844343f8be723cf34d9de36d74c4153edb2508e14229393fe07fcf9709ad,0.3057324840764331,0.22040945165945167,0.21674081662982886
window_1_4,48,156,327b38709d868763426f7822b69d00eae0669885e3d2d3add965ee7cb49bfefe,0.5897435897435898,0.4093951941778029,0.42161595842762556
window_1_4,49,159,4d3f3f9e0f79dd0349c651d437d2dd8849332674e474a5ae0b0f4cd3c910a1ef,0.5723270440251572,0.3104084321475626,0.28762820512820514
window_1_4,50,156,4e92b41704b5b076a289095a671d4eddc263fa05f0da778dc0c65f43590a95af,0.5512820512820513,0.35231664470794904,0.3448074974670719
window_1_4,51,159,46d293cd1e6059fb96793e365441ab67bb8aacb55d00267561490e53e05f50aa,0.5031446540880503,0.27867063492063493,0.26382783882783883
window_1_4,52,158,254bf46edda4932d2f4e1f41b13a6513e0ee840ed6191897591e7a586d60b752,0.5316455696202531,0.35645703933747414,0.3521164832656323
window_1_4,53,157,cedcb780f1d8977227578d3e87c925f4436464d550bff06fdc1244423191cc50,0.4585987261146497,0.27628458498023717,0.27903260403260405
window_1_4,54,157,ae34fb9ac704529e79fb38d78efbec878f3138a8c368ceeb8a83f0349bcce86a,0.5605095541401274,0.3197408871321914,0.32496213842192945
window_1_4,55,157,a7629f4527bc1b1e562477afb986e82295ec09fd3fed91b59c36cfba8e6d3ead,0.6242038216560509,0.36567852437417653,0.3671959459459459
window_1_4,56,157,143be3c310281cf95d243c515106a993bc5e303ff855b6018da11db4493b7009,0.4840764331210191,0.3612099253403601,0.33667855536276586
window_1_4,57,158,560bb705274959f046b113aa30e4267cdf67bfe39baafbd463b40059085f2dc3,0.5886075949367089,0.3748533471359558,0.37281728172817286
window_1_4,58,157,ee221c396349fd192f4b6561d87571bda83f4644ddc505197460f8d978d9f7f5,0.37579617834394907,0.3181637806637806,0.2878136200716846
window_1_4,59,158,50106a38a71ff293bb4192dd480e38e9932bc4a544c19bccb71410e1a1ccec8e,0.4620253164556962,0.30059092477570737,0.295285967985209
window_1_4,60,159,a3a1c3b0b4a609dd3af8aec6d657a81eeb1a579ab2e54d6dbbb84fb376be9732,0.4968553459119497,0.30291501976284585,0.2994282140623604
window_1_4,61,156,ed0ce21af41cd8430d058fdad11c4f21b71636e54a1def8671d304ccc49e5b08,0.5128205128205128,0.3082219712654495,0.3093401177015612
window_1_4,62,157,e6cffdcb1d55c69c4a2717074ddd09722e4309abce7667bbff6bd6e8e4702230,0.535031847133758,0.2666886253842775,0.24326672063598903
window_1_4,63,158,cdfd03c8cb520596b653abbe00cdb28700432617a1e9e1c0e16a584c119e54fb,0.5189873417721519,0.36021080368906455,0.362493112213157
window_1_4,64,156,fec136b6b26986339296b7e67a370b60a0ca1c0064edc9b358ed450b4d3ed29e,0.46153846153846156,0.3043478260869565,0.2905413795244304
window_1_4,65,158,0d143da414aa13b6994a9eae491bf7ec07f07d184fd4fbb9de35e155b685ec64,0.569620253164557,0.414423740510697,0.4137696817105708
window_1_4,66,158,24ff9eb02511adadd026142b6781176e239b8f3285d1998d2b1e16fdfad18ab9,0.3924050632911392,0.2798858146684233,0.2671695293104322
window_1_4,67,157,940caf84657e7674b0cb0d12c608bc3408b3bfa3def0cdb552a13df51947f86a,0.4394904458598726,0.28561703996486604,0.2799997621426193
window_1_4,68,158,7b3e814e8ea1f64ab4640cc106baa89b2aee5f397c92123106aa5d22502ba8f2,0.5063291139240507,0.35564339042599913,0.34828551916620687
window_1_4,69,158,249b490abfa5998646ea787074efd0f0096c6758d1ad546eb7da16139ff5cfa8,0.5443037974683544,0.2641994478951001,0.23241318361405697
window_1_4,70,157,73e0fd72f6c1ac6793b1e52a472f9f5072ee0742a62ca09b306d8364444d8f32,0.4713375796178344,0.3556543697848046,0.3493012243012243
window_1_4,71,157,c325e5bcf6b468535834dab9018976cc159ae9c10de88bb652e9ef4a3c3c09b8,0.5095541401273885,0.3662055335968379,0.3651045777426993
window_1_4,72,154,c3a4f7e32ff0fbd7d4a0e7db6e3d82382f7d79c96d803e8b19ec2aff8e1c73a1,0.5714285714285714,0.3437590187590187,0.35126166129355946
window_1_4,73,153,ba20816828c6a955f16a698597e9acdbc0cbe11c28467a1a591e343c51853a0d,0.39869281045751637,0.30634920634920637,0.2909306837949953
window_1_4,74,154,9598372f8fc378d394fc11af80977386e0b86c9a55dc65f058767af396672a35,0.44805194805194803,0.2641414141414141,0.2608248934620779
window_1_4,75,159,7c1cbde36592800b343f641f6f27c3c31ad5a24f9d86f59399352689f41fda05,0.36477987421383645,0.21783596837944666,0.22081741598694016
window_1_4,76,153,98bc520f09f12c0000d8b3418173f321e74bd17f189314ef3c288bd9888d319e,0.3790849673202614,0.3345238095238095,0.31256911797985487
window_1_4,77,158,40e5dc157d4e182394bc15f5d11e66df8cc0f2d200e00176b9824ffeaa63f829,0.44936708860759494,0.2737361973775017,0.2685083435083435
window_1_4,78,158,4b625b01c114cf21338b4d7ff0aa7a985c6cf806f9d4baa1c1e6e07f3c9094d3,0.4430379746835443,0.2854303908651735,0.28536576077668335
window_1_4,79,159,20e6c6b2fe501d11255fbf0e3e98086c478e25e6611a2a7ab7ce76719a0ec03a,0.4339622641509434,0.3222469257795345,0.3136912180126288
window_1_4,80,156,3b0f7aab843de5b71471c0153ee8f9f9f31128e933224efef6234783e1205c1c,0.5576923076923077,0.3384167764602547,0.32416333121360613
window_1_4,81,158,cfeaf253ef337cfb1532148d6688c997d49e1659ec4c0ad7693330822061ec23,0.5379746835443038,0.2846618357487922,0.26951174886954704
window_1_4,82,156,2635a0df764a2c85c22cb04a6df79f532556cfa17e2bd47450494632f34cbd69,0.40384615384615385,0.2700796787753309,0.2634695154657608
window_1_4,83,158,f25c46fd679f019d8fcb18fa3fa425785a4b73b09289de98764ae64763ec556a,0.5822784810126582,0.2960144927536232,0.2730424718196457
window_1_4,84,158,9b1f189530b1b5963e40c18df61af0aace5e8efa996dcfe5240d816519aadfd6,0.41139240506329117,0.262955643390426,0.257787142094893
window_1_4,85,157,8250532f56b065e3d27a221ba57d1649cf018d83edca5840f71cbd6d7f83589a,0.5987261146496815,0.4470355731225297,0.46537538402457757
window_1_4,86,159,41571d1afe7b2e66e17798874869545ac6297955e70dccad7db0144ebd882179,0.4779874213836478,0.3093242204655248,0.30730702469832905
window_1_4,87,157,55ad47fd220f7d0307389a4991d250ec05c7c30a170c321a1b69d749117339c6,0.3630573248407643,0.2836627140974967,0.2734750187990611
window_1_4,90,158,8a7d9027df54d6ed813c5a441203642f92fc71a233247137e716ab0f2be37f7d,0.5569620253164557,0.32684453227931487,0.32401905300886624
window_1_4,91,158,2ba8409bd6ebcc4a4b934e9f2ef515bab9f14b8e419509aaed1c8348e04d8b0b,0.5126582278481012,0.35032938076416337,0.3447734931209555
window_1_4,93,157,4b171574850cf59edae9783ecc5b8a6e5e31285b08891c7cf921f31661968414,0.4585987261146497,0.30006587615283264,0.3021231681078228
window_1_4,94,158,d7ababb6686700237bcae59fa707ff53b8279d19ab235fa1784543761e9d4a92,0.5379746835443038,0.3842336407553799,0.3910492358136337
window_1_4,95,158,046a5496c6e44037396f4465891283c1d1d1567b5b65415e24684c2b076223bf,0.4936708860759494,0.34860562143170837,0.34308276829359774
window_1_4,96,159,76d47bd905e75fd08f990055045cd0e9898b1638fa86600d9f8ede715389e2ca,0.5220125786163522,0.2940135046113307,0.2851890756302521
window_1_4,97,157,c637865a6d4cdf64bf41afac4696e071d9b628503b76e24cd97de8b7d5846b3c,0.43312101910828027,0.2884606938954765,0.2789861341823551
window_1_4,98,159,77c20773e2b3eb78ce5c0f017be3547ac1eeac74388a167ff6eefa847674ba8b,0.48427672955974843,0.31784694773825206,0.3189996881604934
window_1_4,99,159,37a01d1cb1e0602f0b064f6af3dd3eacba03b061b758a77739a409ba0a074355,0.3333333333333333,0.2373435441370224,0.2374025219844035
window_1_4,101,156,4e3628ae01b799524340b14b3ff090a50207e63a45e384b6fe63b537e853d33f,0.532051282051282,0.3493694711086016,0.3437134401783312
window_1_4,102,154,31b3f297a856d793fa66cef18cfa2739e78116ee34ab9fcd8d090fb251f9ef22,0.5454545454545454,0.41479076479076477,0.3939718527930236
window_1_4,103,158,f38b966e739ae8583b164c236632188c0f9952e81261baee509aa002c555fe20,0.5126582278481012,0.331675450153711,0.32754956280206
window_1_4,105,156,89adde456b0f1ccf1fd165125603905c0339ede8c39050c3102ae76fb4c7301a,0.5576923076923077,0.32663121902252334,0.3298685834876466
window_1_4,106,157,b9c948da90fd49d3da76b364d94243b22c39ace5d61b7b7f22dd015a46528641,0.5031847133757962,0.29975649350649347,0.2891575688989482
window_1_4,107,158,0f3fa893f05476ffe27a45498f98f724b91a56ff51b3e424ddd42fa71229b21e,0.43670886075949367,0.35259230503795724,0.3237828953673356
window_1_4,108,158,d6b72f176a93aaa80c91f40530e15c3a56c44b73efe9ac49c7fa633c74343cb1,0.4430379746835443,0.2768445322793149,0.28444638367303265
window_1_4,109,157,887398fc40c3b0c5646c24dad9bdcf91d8295edaf736071158afd4913aa11768,0.34394904458598724,0.25865173473869124,0.25251741012610573
