run,outer_fold,role,subject_id
baseline_csp_lda,1,outer_train,1
baseline_csp_lda,1,outer_train,2
baseline_csp_lda,1,outer_train,5
baseline_csp_lda,1,outer_train,6
baseline_csp_lda,1,outer_train,7
baseline_csp_lda,1,outer_train,8
baseline_csp_lda,1,outer_train,10
baseline_csp_lda,1,outer_train,11
baseline_csp_lda,1,outer_train,12
baseline_csp_lda,1,outer_train,13
baseline_csp_lda,1,outer_train,14
baseline_csp_lda,1,outer_train,15
baseline_csp_lda,1,outer_train,16
baseline_csp_lda,1,outer_train,17
baseline_csp_lda,1,outer_train,18
baseline_csp_lda,1,outer_train,19
baseline_csp_lda,1,outer_train,20
baseline_csp_lda,1,outer_train,22
baseline_csp_lda,1,outer_train,23
baseline_csp_lda,1,outer_train,26
baseline_csp_lda,1,outer_train,27
baseline_csp_lda,1,outer_train,28
baseline_csp_lda,1,outer_train,29
baseline_csp_lda,1,outer_train,30
baseline_csp_lda,1,outer_train,31
baseline_csp_lda,1,outer_train,32
baseline_csp_lda,1,outer_train,34
baseline_csp_lda,1,outer_train,35
baseline_csp_lda,1,outer_train,36
baseline_csp_lda,1,outer_train,37
baseline_csp_lda,1,outer_train,38
baseline_csp_lda,1,outer_train,39
baseline_csp_lda,1,outer_train,40
baseline_csp_lda,1,outer_train,41
baseline_csp_lda,1,outer_train,42
baseline_csp_lda,1,outer_train,44
baseline_csp_lda,1,outer_train,45
baseline_csp_lda,1,outer_train,46
baseline_csp_lda,1,outer_train,47
baseline_csp_lda,1,outer_train,48
baseline_csp_lda,1,outer_train,49
baseline_csp_lda,1,outer_train,50
baseline_csp_lda,1,outer_train,51
baseline_csp_lda,1,outer_train,52
baseline_csp_lda,1,outer_train,53
baseline_csp_lda,1,outer_train,54
baseline_csp_lda,1,outer_train,55
baseline_csp_lda,1,outer_train,56
baseline_csp_lda,1,outer_train,57
baseline_csp_lda,1,outer_train,58
baseline_csp_lda,1,outer_train,59
baseline_csp_lda,1,outer_train,60
baseline_csp_lda,1,outer_train,62
baseline_csp_lda,1,outer_train,63
baseline_csp_lda,1,outer_train,64
baseline_csp_lda,1,outer_train,65
baseline_csp_lda,1,outer_train,66
baseline_csp_lda,1,outer_train,68
baseline_csp_lda,1,outer_train,69
baseline_csp_lda,1,outer_train,70
baseline_csp_lda,1,outer_train,71
baseline_csp_lda,1,outer_train,72
baseline_csp_lda,1,outer_train,73
baseline_csp_lda,1,outer_train,74
baseline_csp_lda,1,outer_train,75
baseline_csp_lda,1,outer_train,76
baseline_csp_lda,1,outer_train,77
baseline_csp_lda,1,outer_train,78
baseline_csp_lda,1,outer_train,79
baseline_csp_lda,1,outer_train,80
baseline_csp_lda,1,outer_train,81
baseline_csp_lda,1,outer_train,82
baseline_csp_lda,1,outer_train,83
baseline_csp_lda,1,outer_train,84
baseline_csp_lda,1,outer_train,85
baseline_csp_lda,1,outer_train,86
baseline_csp_lda,1,outer_train,87
baseline_csp_lda,1,outer_train,90
baseline_csp_lda,1,outer_train,91
baseline_csp_lda,1,outer_train,93
baseline_csp_lda,1,outer_train,94
baseline_csp_lda,1,outer_train,95
baseline_csp_lda,1,outer_train,97
baseline_csp_lda,1,outer_train,98
baseline_csp_lda,1,outer_train,99
baseline_csp_lda,1,outer_train,101
baseline_csp_lda,1,outer_train,102
baseline_csp_lda,1,outer_train,103
baseline_csp_lda,1,outer_train,105
baseline_csp_lda,1,outer_train,106
baseline_csp_lda,1,outer_train,107
baseline_csp_lda,1,outer_train,108
baseline_csp_lda,1,outer_train,109
baseline_csp_lda,1,outer_test,3
baseline_csp_lda,1,outer_test,4
baseline_csp_lda,1,outer_test,9
baseline_csp_lda,1,outer_test,21
baseline_csp_lda,1,outer_test,24
baseline_csp_lda,1,outer_test,25
baseline_csp_lda,1,outer_test,33
baseline_csp_lda,1,outer_test,61
baseline_csp_lda,1,outer_test,67
baseline_csp_lda,1,outer_test,96
baseline_csp_lda,2,outer_train,1
baseline_csp_lda,2,outer_train,2
baseline_csp_lda,2,outer_train,3
baseline_csp_lda,2,outer_train,4
baseline_csp_lda,2,outer_train,5
baseline_csp_lda,2,outer_train,6
baseline_csp_lda,2,outer_train,7
baseline_csp_lda,2,outer_train,8
baseline_csp_lda,2,outer_train,9
baseline_csp_lda,2,outer_train,11
baseline_csp_lda,2,outer_train,12
baseline_csp_lda,2,outer_train,13
baseline_csp_lda,2,outer_train,14
baseline_csp_lda,2,outer_train,15
baseline_csp_lda,2,outer_train,17
baseline_csp_lda,2,outer_train,18
baseline_csp_lda,2,outer_train,20
baseline_csp_lda,2,outer_train,21
baseline_csp_lda,2,outer_train,22
baseline_csp_lda,2,outer_train,23
baseline_csp_lda,2,outer_train,24
baseline_csp_lda,2,outer_train,25
baseline_csp_lda,2,outer_train,26
baseline_csp_lda,2,outer_train,27
baseline_csp_lda,2,outer_train,28
baseline_csp_lda,2,outer_train,29
baseline_csp_lda,2,outer_train,30
baseline_csp_lda,2,outer_train,31
baseline_csp_lda,2,outer_train,32
baseline_csp_lda,2,outer_train,33
baseline_csp_lda,2,outer_train,34
baseline_csp_lda,2,outer_train,36
baseline_csp_lda,2,outer_train,37
baseline_csp_lda,2,outer_train,38
baseline_csp_lda,2,outer_train,39
baseline_csp_lda,2,outer_train,40
baseline_csp_lda,2,outer_train,41
baseline_csp_lda,2,outer_train,42
baseline_csp_lda,2,outer_train,44
baseline_csp_lda,2,outer_train,45
baseline_csp_lda,2,outer_train,47
baseline_csp_lda,2,outer_train,48
baseline_csp_lda,2,outer_train,49
baseline_csp_lda,2,outer_train,50
baseline_csp_lda,2,outer_train,52
baseline_csp_lda,2,outer_train,53
baseline_csp_lda,2,outer_train,55
baseline_csp_lda,2,outer_train,56
baseline_csp_lda,2,outer_train,57
baseline_csp_lda,2,outer_train,58
baseline_csp_lda,2,outer_train,59
baseline_csp_lda,2,outer_train,60
baseline_csp_lda,2,outer_train,61
baseline_csp_lda,2,outer_train,62
baseline_csp_lda,2,outer_train,63
baseline_csp_lda,2,outer_train,64
baseline_csp_lda,2,outer_train,65
baseline_csp_lda,2,outer_train,66
baseline_csp_lda,2,outer_train,67
baseline_csp_lda,2,outer_train,68
baseline_csp_lda,2,outer_train,69
baseline_csp_lda,2,outer_train,70
baseline_csp_lda,2,outer_train,71
baseline_csp_lda,2,outer_train,72
baseline_csp_lda,2,outer_train,73
baseline_csp_lda,2,outer_train,74
baseline_csp_lda,2,outer_train,75
baseline_csp_lda,2,outer_train,76
baseline_csp_lda,2,outer_train,77
baseline_csp_lda,2,outer_train,78
baseline_csp_lda,2,outer_train,80
baseline_csp_lda,2,outer_train,81
baseline_csp_lda,2,outer_train,83
baseline_csp_lda,2,outer_train,84
baseline_csp_lda,2,outer_train,85
baseline_csp_lda,2,outer_train,86
baseline_csp_lda,2,outer_train,87
baseline_csp_lda,2,outer_train,90
baseline_csp_lda,2,outer_train,91
baseline_csp_lda,2,outer_train,93
baseline_csp_lda,2,outer_train,94
baseline_csp_lda,2,outer_train,95
baseline_csp_lda,2,outer_train,96
baseline_csp_lda,2,outer_train,97
baseline_csp_lda,2,outer_train,98
baseline_csp_lda,2,outer_train,99
baseline_csp_lda,2,outer_train,101
baseline_csp_lda,2,outer_train,102
baseline_csp_lda,2,outer_train,103
baseline_csp_lda,2,outer_train,105
baseline_csp_lda,2,outer_train,106
baseline_csp_lda,2,outer_train,107
baseline_csp_lda,2,outer_train,109
baseline_csp_lda,2,outer_test,10
baseline_csp_lda,2,outer_test,16
baseline_csp_lda,2,outer_test,19
baseline_csp_lda,2,outer_test,35
baseline_csp_lda,2,outer_test,46
baseline_csp_lda,2,outer_test,51
baseline_csp_lda,2,outer_test,54
baseline_csp_lda,2,outer_test,79
baseline_csp_lda,2,outer_test,82
baseline_csp_lda,2,outer_test,108
baseline_csp_lda,3,outer_train,1
baseline_csp_lda,3,outer_train,2
baseline_csp_lda,3,outer_train,3
baseline_csp_lda,3,outer_train,4
baseline_csp_lda,3,outer_train,5
baseline_csp_lda,3,outer_train,6
baseline_csp_lda,3,outer_train,7
baseline_csp_lda,3,outer_train,8
baseline_csp_lda,3,outer_train,9
baseline_csp_lda,3,outer_train,10
baseline_csp_lda,3,outer_train,11
baseline_csp_lda,3,outer_train,12
baseline_csp_lda,3,outer_train,13
baseline_csp_lda,3,outer_train,14
baseline_csp_lda,3,outer_train,15
baseline_csp_lda,3,outer_train,16
baseline_csp_lda,3,outer_train,17
baseline_csp_lda,3,outer_train,19
baseline_csp_lda,3,outer_train,20
baseline_csp_lda,3,outer_train,21
baseline_csp_lda,3,outer_train,22
baseline_csp_lda,3,outer_train,23
baseline_csp_lda,3,outer_train,24
baseline_csp_lda,3,outer_train,25
baseline_csp_lda,3,outer_train,26
baseline_csp_lda,3,outer_train,27
baseline_csp_lda,3,outer_train,29
baseline_csp_lda,3,outer_train,30
baseline_csp_lda,3,outer_train,31
baseline_csp_lda,3,outer_train,33
baseline_csp_lda,3,outer_train,34
baseline_csp_lda,3,outer_train,35
baseline_csp_lda,3,outer_train,37
baseline_csp_lda,3,outer_train,38
baseline_csp_lda,3,outer_train,39
baseline_csp_lda,3,outer_train,40
baseline_csp_lda,3,outer_train,42
baseline_csp_lda,3,outer_train,44
baseline_csp_lda,3,outer_train,46
baseline_csp_lda,3,outer_train,47
baseline_csp_lda,3,outer_train,48
baseline_csp_lda,3,outer_train,50
baseline_csp_lda,3,outer_train,51
baseline_csp_lda,3,outer_train,52
baseline_csp_lda,3,outer_train,53
baseline_csp_lda,3,outer_train,54
baseline_csp_lda,3,outer_train,55
baseline_csp_lda,3,outer_train,56
baseline_csp_lda,3,outer_train,57
baseline_csp_lda,3,outer_train,58
baseline_csp_lda,3,outer_train,59
baseline_csp_lda,3,outer_train,60
baseline_csp_lda,3,outer_train,61
baseline_csp_lda,3,outer_train,63
baseline_csp_lda,3,outer_train,64
baseline_csp_lda,3,outer_train,65
baseline_csp_lda,3,outer_train,66
baseline_csp_lda,3,outer_train,67
baseline_csp_lda,3,outer_train,68
baseline_csp_lda,3,outer_train,69
baseline_csp_lda,3,outer_train,70
baseline_csp_lda,3,outer_train,71
baseline_csp_lda,3,outer_train,72
baseline_csp_lda,3,outer_train,73
baseline_csp_lda,3,outer_train,74
baseline_csp_lda,3,outer_train,76
baseline_csp_lda,3,outer_train,77
baseline_csp_lda,3,outer_train,78
baseline_csp_lda,3,outer_train,79
baseline_csp_lda,3,outer_train,80
baseline_csp_lda,3,outer_train,81
baseline_csp_lda,3,outer_train,82
baseline_csp_lda,3,outer_train,83
baseline_csp_lda,3,outer_train,84
baseline_csp_lda,3,outer_train,85
baseline_csp_lda,3,outer_train,86
baseline_csp_lda,3,outer_train,87
baseline_csp_lda,3,outer_train,90
baseline_csp_lda,3,outer_train,91
baseline_csp_lda,3,outer_train,93
baseline_csp_lda,3,outer_train,94
baseline_csp_lda,3,outer_train,95
baseline_csp_lda,3,outer_train,96
baseline_csp_lda,3,outer_train,97
baseline_csp_lda,3,outer_train,98
baseline_csp_lda,3,outer_train,99
baseline_csp_lda,3,outer_train,101
baseline_csp_lda,3,outer_train,102
baseline_csp_lda,3,outer_train,103
baseline_csp_lda,3,outer_train,106
baseline_csp_lda,3,outer_train,107
baseline_csp_lda,3,outer_train,108
baseline_csp_lda,3,outer_train,109
baseline_csp_lda,3,outer_test,18
baseline_csp_lda,3,outer_test,28
baseline_csp_lda,3,outer_test,32
baseline_csp_lda,3,outer_test,36
baseline_csp_lda,3,outer_test,41
baseline_csp_lda,3,outer_test,45
baseline_csp_lda,3,outer_test,49
baseline_csp_lda,3,outer_test,62
baseline_csp_lda,3,outer_test,75
baseline_csp_lda,3,outer_test,105
baseline_csp_lda,4,outer_train,1
baseline_csp_lda,4,outer_train,2
baseline_csp_lda,4,outer_train,3
baseline_csp_lda,4,outer_train,4
baseline_csp_lda,4,outer_train,5
baseline_csp_lda,4,outer_train,6
baseline_csp_lda,4,outer_train,7
baseline_csp_lda,4,outer_train,9
baseline_csp_lda,4,outer_train,10
baseline_csp_lda,4,outer_train,11
baseline_csp_lda,4,outer_train,12
baseline_csp_lda,4,outer_train,13
baseline_csp_lda,4,outer_train,14
baseline_csp_lda,4,outer_train,15
baseline_csp_lda,4,outer_train,16
baseline_csp_lda,4,outer_train,17
baseline_csp_lda,4,outer_train,18
baseline_csp_lda,4,outer_train,19
baseline_csp_lda,4,outer_train,20
baseline_csp_lda,4,outer_train,21
baseline_csp_lda,4,outer_train,22
baseline_csp_lda,4,outer_train,23
baseline_csp_lda,4,outer_train,24
baseline_csp_lda,4,outer_train,25
baseline_csp_lda,4,outer_train,26
baseline_csp_lda,4,outer_train,28
baseline_csp_lda,4,outer_train,29
baseline_csp_lda,4,outer_train,30
baseline_csp_lda,4,outer_train,32
baseline_csp_lda,4,outer_train,33
baseline_csp_lda,4,outer_train,34
baseline_csp_lda,4,outer_train,35
baseline_csp_lda,4,outer_train,36
baseline_csp_lda,4,outer_train,37
baseline_csp_lda,4,outer_train,38
baseline_csp_lda,4,outer_train,39
baseline_csp_lda,4,outer_train,41
baseline_csp_lda,4,outer_train,44
baseline_csp_lda,4,outer_train,45
baseline_csp_lda,4,outer_train,46
baseline_csp_lda,4,outer_train,47
baseline_csp_lda,4,outer_train,49
baseline_csp_lda,4,outer_train,50
baseline_csp_lda,4,outer_train,51
baseline_csp_lda,4,outer_train,52
baseline_csp_lda,4,outer_train,53
baseline_csp_lda,4,outer_train,54
baseline_csp_lda,4,outer_train,56
baseline_csp_lda,4,outer_train,57
baseline_csp_lda,4,outer_train,58
baseline_csp_lda,4,outer_train,59
baseline_csp_lda,4,outer_train,60
baseline_csp_lda,4,outer_train,61
baseline_csp_lda,4,outer_train,62
baseline_csp_lda,4,outer_train,63
baseline_csp_lda,4,outer_train,64
baseline_csp_lda,4,outer_train,65
baseline_csp_lda,4,outer_train,67
baseline_csp_lda,4,outer_train,68
baseline_csp_lda,4,outer_train,69
baseline_csp_lda,4,outer_train,70
baseline_csp_lda,4,outer_train,71
baseline_csp_lda,4,outer_train,72
baseline_csp_lda,4,outer_train,73
baseline_csp_lda,4,outer_train,74
baseline_csp_lda,4,outer_train,75
baseline_csp_lda,4,outer_train,76
baseline_csp_lda,4,outer_train,77
baseline_csp_lda,4,outer_train,78
baseline_csp_lda,4,outer_train,79
baseline_csp_lda,4,outer_train,80
baseline_csp_lda,4,outer_train,81
baseline_csp_lda,4,outer_train,82
baseline_csp_lda,4,outer_train,83
baseline_csp_lda,4,outer_train,84
baseline_csp_lda,4,outer_train,85
baseline_csp_lda,4,outer_train,87
baseline_csp_lda,4,outer_train,90
baseline_csp_lda,4,outer_train,91
baseline_csp_lda,4,outer_train,93
baseline_csp_lda,4,outer_train,94
baseline_csp_lda,4,outer_train,95
baseline_csp_lda,4,outer_train,96
baseline_csp_lda,4,outer_train,97
baseline_csp_lda,4,outer_train,98
baseline_csp_lda,4,outer_train,99
baseline_csp_lda,4,outer_train,101
baseline_csp_lda,4,outer_train,102
baseline_csp_lda,4,outer_train,103
baseline_csp_lda,4,outer_train,105
baseline_csp_lda,4,outer_train,106
baseline_csp_lda,4,outer_train,108
baseline_csp_lda,4,outer_train,109
baseline_csp_lda,4,outer_test,8
baseline_csp_lda,4,outer_test,27
baseline_csp_lda,4,outer_test,31
baseline_csp_lda,4,outer_test,40
baseline_csp_lda,4,outer_test,42
baseline_csp_lda,4,outer_test,48
baseline_csp_lda,4,outer_test,55
baseline_csp_lda,4,outer_test,66
baseline_csp_lda,4,outer_test,86
baseline_csp_lda,4,outer_test,107
baseline_csp_lda,5,outer_train,1
baseline_csp_lda,5,outer_train,2
baseline_csp_lda,5,outer_train,3
baseline_csp_lda,5,outer_train,4
baseline_csp_lda,5,outer_train,5
baseline_csp_lda,5,outer_train,6
baseline_csp_lda,5,outer_train,7
baseline_csp_lda,5,outer_train,8
baseline_csp_lda,5,outer_train,9
baseline_csp_lda,5,outer_train,10
baseline_csp_lda,5,outer_train,11
baseline_csp_lda,5,outer_train,12
baseline_csp_lda,5,outer_train,13
baseline_csp_lda,5,outer_train,14
baseline_csp_lda,5,outer_train,16
baseline_csp_lda,5,outer_train,17
baseline_csp_lda,5,outer_train,18
baseline_csp_lda,5,outer_train,19
baseline_csp_lda,5,outer_train,20
baseline_csp_lda,5,outer_train,21
baseline_csp_lda,5,outer_train,22
baseline_csp_lda,5,outer_train,24
baseline_csp_lda,5,outer_train,25
baseline_csp_lda,5,outer_train,26
baseline_csp_lda,5,outer_train,27
baseline_csp_lda,5,outer_train,28
baseline_csp_lda,5,outer_train,29
baseline_csp_lda,5,outer_train,30
baseline_csp_lda,5,outer_train,31
baseline_csp_lda,5,outer_train,32
baseline_csp_lda,5,outer_train,33
baseline_csp_lda,5,outer_train,34
baseline_csp_lda,5,outer_train,35
baseline_csp_lda,5,outer_train,36
baseline_csp_lda,5,outer_train,37
baseline_csp_lda,5,outer_train,38
baseline_csp_lda,5,outer_train,39
baseline_csp_lda,5,outer_train,40
baseline_csp_lda,5,outer_train,41
baseline_csp_lda,5,outer_train,42
baseline_csp_lda,5,outer_train,44
baseline_csp_lda,5,outer_train,45
baseline_csp_lda,5,outer_train,46
baseline_csp_lda,5,outer_train,47
baseline_csp_lda,5,outer_train,48
baseline_csp_lda,5,outer_train,49
baseline_csp_lda,5,outer_train,51
baseline_csp_lda,5,outer_train,52
baseline_csp_lda,5,outer_train,54
baseline_csp_lda,5,outer_train,55
baseline_csp_lda,5,outer_train,56
baseline_csp_lda,5,outer_train,57
baseline_csp_lda,5,outer_train,60
baseline_csp_lda,5,outer_train,61
baseline_csp_lda,5,outer_train,62
baseline_csp_lda,5,outer_train,63
baseline_csp_lda,5,outer_train,64
baseline_csp_lda,5,outer_train,65
baseline_csp_lda,5,outer_train,66
baseline_csp_lda,5,outer_train,67
baseline_csp_lda,5,outer_train,68
baseline_csp_lda,5,outer_train,69
baseline_csp_lda,5,outer_train,70
baseline_csp_lda,5,outer_train,71
baseline_csp_lda,5,outer_train,72
baseline_csp_lda,5,outer_train,73
baseline_csp_lda,5,outer_train,74
baseline_csp_lda,5,outer_train,75
baseline_csp_lda,5,outer_train,76
baseline_csp_lda,5,outer_train,77
baseline_csp_lda,5,outer_train,78
baseline_csp_lda,5,outer_train,79
baseline_csp_lda,5,outer_train,81
baseline_csp_lda,5,outer_train,82
baseline_csp_lda,5,outer_train,83
baseline_csp_lda,5,outer_train,84
baseline_csp_lda,5,outer_train,85
baseline_csp_lda,5,outer_train,86
baseline_csp_lda,5,outer_train,87
baseline_csp_lda,5,outer_train,91
baseline_csp_lda,5,outer_train,93
baseline_csp_lda,5,outer_train,95
baseline_csp_lda,5,outer_train,96
baseline_csp_lda,5,outer_train,97
baseline_csp_lda,5,outer_train,98
baseline_csp_lda,5,outer_train,101
baseline_csp_lda,5,outer_train,102
baseline_csp_lda,5,outer_train,103
baseline_csp_lda,5,outer_train,105
baseline_csp_lda,5,outer_train,106
baseline_csp_lda,5,outer_train,107
baseline_csp_lda,5,outer_train,108
baseline_csp_lda,5,outer_train,109
baseline_csp_lda,5,outer_test,15
baseline_csp_lda,5,outer_test,23
baseline_csp_lda,5,outer_test,50
baseline_csp_lda,5,outer_test,53
baseline_csp_lda,5,outer_test,58
baseline_csp_lda,5,outer_test,59
baseline_csp_lda,5,outer_test,80
baseline_csp_lda,5,outer_test,90
baseline_csp_lda,5,outer_test,94
baseline_csp_lda,5,outer_test,99
baseline_csp_lda,6,outer_train,1
baseline_csp_lda,6,outer_train,3
baseline_csp_lda,6,outer_train,4
baseline_csp_lda,6,outer_train,5
baseline_csp_lda,6,outer_train,6
baseline_csp_lda,6,outer_train,7
baseline_csp_lda,6,outer_train,8
baseline_csp_lda,6,outer_train,9
baseline_csp_lda,6,outer_train,10
baseline_csp_lda,6,outer_train,11
baseline_csp_lda,6,outer_train,12
baseline_csp_lda,6,outer_train,14
baseline_csp_lda,6,outer_train,15
baseline_csp_lda,6,outer_train,16
baseline_csp_lda,6,outer_train,17
baseline_csp_lda,6,outer_train,18
baseline_csp_lda,6,outer_train,19
baseline_csp_lda,6,outer_train,21
baseline_csp_lda,6,outer_train,22
baseline_csp_lda,6,outer_train,23
baseline_csp_lda,6,outer_train,24
baseline_csp_lda,6,outer_train,25
baseline_csp_lda,6,outer_train,26
baseline_csp_lda,6,outer_train,27
baseline_csp_lda,6,outer_train,28
baseline_csp_lda,6,outer_train,30
baseline_csp_lda,6,outer_train,31
baseline_csp_lda,6,outer_train,32
baseline_csp_lda,6,outer_train,33
baseline_csp_lda,6,outer_train,34
baseline_csp_lda,6,outer_train,35
baseline_csp_lda,6,outer_train,36
baseline_csp_lda,6,outer_train,37
baseline_csp_lda,6,outer_train,38
baseline_csp_lda,6,outer_train,39
baseline_csp_lda,6,outer_train,40
baseline_csp_lda,6,outer_train,41
baseline_csp_lda,6,outer_train,42
baseline_csp_lda,6,outer_train,44
baseline_csp_lda,6,outer_train,45
baseline_csp_lda,6,outer_train,46
baseline_csp_lda,6,outer_train,48
baseline_csp_lda,6,outer_train,49
baseline_csp_lda,6,outer_train,50
baseline_csp_lda,6,outer_train,51
baseline_csp_lda,6,outer_train,52
baseline_csp_lda,6,outer_train,53
baseline_csp_lda,6,outer_train,54
baseline_csp_lda,6,outer_train,55
baseline_csp_lda,6,outer_train,56
baseline_csp_lda,6,outer_train,57
baseline_csp_lda,6,outer_train,58
baseline_csp_lda,6,outer_train,59
baseline_csp_lda,6,outer_train,60
baseline_csp_lda,6,outer_train,61
baseline_csp_lda,6,outer_train,62
baseline_csp_lda,6,outer_train,63
baseline_csp_lda,6,outer_train,64
baseline_csp_lda,6,outer_train,65
baseline_csp_lda,6,outer_train,66
baseline_csp_lda,6,outer_train,67
baseline_csp_lda,6,outer_train,68
baseline_csp_lda,6,outer_train,69
baseline_csp_lda,6,outer_train,70
baseline_csp_lda,6,outer_train,72
baseline_csp_lda,6,outer_train,73
baseline_csp_lda,6,outer_train,74
baseline_csp_lda,6,outer_train,75
baseline_csp_lda,6,outer_train,76
baseline_csp_lda,6,outer_train,77
baseline_csp_lda,6,outer_train,78
baseline_csp_lda,6,outer_train,79
baseline_csp_lda,6,outer_train,80
baseline_csp_lda,6,outer_train,81
baseline_csp_lda,6,outer_train,82
baseline_csp_lda,6,outer_train,85
baseline_csp_lda,6,outer_train,86
baseline_csp_lda,6,outer_train,87
baseline_csp_lda,6,outer_train,90
baseline_csp_lda,6,outer_train,91
baseline_csp_lda,6,outer_train,93
baseline_csp_lda,6,outer_train,94
baseline_csp_lda,6,outer_train,95
baseline_csp_lda,6,outer_train,96
baseline_csp_lda,6,outer_train,97
baseline_csp_lda,6,outer_train,99
baseline_csp_lda,6,outer_train,102
baseline_csp_lda,6,outer_train,103
baseline_csp_lda,6,outer_train,105
baseline_csp_lda,6,outer_train,106
baseline_csp_lda,6,outer_train,107
baseline_csp_lda,6,outer_train,108
baseline_csp_lda,6,outer_train,109
baseline_csp_lda,6,outer_test,2
baseline_csp_lda,6,outer_test,13
baseline_csp_lda,6,outer_test,20
baseline_csp_lda,6,outer_test,29
baseline_csp_lda,6,outer_test,47
baseline_csp_lda,6,outer_test,71
baseline_csp_lda,6,outer_test,83
baseline_csp_lda,6,outer_test,84
baseline_csp_lda,6,outer_test,98
baseline_csp_lda,6,outer_test,101
baseline_csp_lda,7,outer_train,1
baseline_csp_lda,7,outer_train,2
baseline_csp_lda,7,outer_train,3
baseline_csp_lda,7,outer_train,4
baseline_csp_lda,7,outer_train,7
baseline_csp_lda,7,outer_train,8
baseline_csp_lda,7,outer_train,9
baseline_csp_lda,7,outer_train,10
baseline_csp_lda,7,outer_train,11
baseline_csp_lda,7,outer_train,12
baseline_csp_lda,7,outer_train,13
baseline_csp_lda,7,outer_train,14
baseline_csp_lda,7,outer_train,15
baseline_csp_lda,7,outer_train,16
baseline_csp_lda,7,outer_train,17
baseline_csp_lda,7,outer_train,18
baseline_csp_lda,7,outer_train,19
baseline_csp_lda,7,outer_train,20
baseline_csp_lda,7,outer_train,21
baseline_csp_lda,7,outer_train,22
baseline_csp_lda,7,outer_train,23
baseline_csp_lda,7,outer_train,24
baseline_csp_lda,7,outer_train,25
baseline_csp_lda,7,outer_train,26
baseline_csp_lda,7,outer_train,27
baseline_csp_lda,7,outer_train,28
baseline_csp_lda,7,outer_train,29
baseline_csp_lda,7,outer_train,30
baseline_csp_lda,7,outer_train,31
baseline_csp_lda,7,outer_train,32
baseline_csp_lda,7,outer_train,33
baseline_csp_lda,7,outer_train,34
baseline_csp_lda,7,outer_train,35
baseline_csp_lda,7,outer_train,36
baseline_csp_lda,7,outer_train,38
baseline_csp_lda,7,outer_train,39
baseline_csp_lda,7,outer_train,40
baseline_csp_lda,7,outer_train,41
baseline_csp_lda,7,outer_train,42
baseline_csp_lda,7,outer_train,45
baseline_csp_lda,7,outer_train,46
baseline_csp_lda,7,outer_train,47
baseline_csp_lda,7,outer_train,48
baseline_csp_lda,7,outer_train,49
baseline_csp_lda,7,outer_train,50
baseline_csp_lda,7,outer_train,51
baseline_csp_lda,7,outer_train,52
baseline_csp_lda,7,outer_train,53
baseline_csp_lda,7,outer_train,54
baseline_csp_lda,7,outer_train,55
baseline_csp_lda,7,outer_train,56
baseline_csp_lda,7,outer_train,57
baseline_csp_lda,7,outer_train,58
baseline_csp_lda,7,outer_train,59
baseline_csp_lda,7,outer_train,61
baseline_csp_lda,7,outer_train,62
baseline_csp_lda,7,outer_train,63
baseline_csp_lda,7,outer_train,66
baseline_csp_lda,7,outer_train,67
baseline_csp_lda,7,outer_train,69
baseline_csp_lda,7,outer_train,70
baseline_csp_lda,7,outer_train,71
baseline_csp_lda,7,outer_train,72
baseline_csp_lda,7,outer_train,73
baseline_csp_lda,7,outer_train,74
baseline_csp_lda,7,outer_train,75
baseline_csp_lda,7,outer_train,76
baseline_csp_lda,7,outer_train,77
baseline_csp_lda,7,outer_train,78
baseline_csp_lda,7,outer_train,79
baseline_csp_lda,7,outer_train,80
baseline_csp_lda,7,outer_train,81
baseline_csp_lda,7,outer_train,82
baseline_csp_lda,7,outer_train,83
baseline_csp_lda,7,outer_train,84
baseline_csp_lda,7,outer_train,85
baseline_csp_lda,7,outer_train,86
baseline_csp_lda,7,outer_train,87
baseline_csp_lda,7,outer_train,90
baseline_csp_lda,7,outer_train,93
baseline_csp_lda,7,outer_train,94
baseline_csp_lda,7,outer_train,95
baseline_csp_lda,7,outer_train,96
baseline_csp_lda,7,outer_train,98
baseline_csp_lda,7,outer_train,99
baseline_csp_lda,7,outer_train,101
baseline_csp_lda,7,outer_train,103
baseline_csp_lda,7,outer_train,105
baseline_csp_lda,7,outer_train,106
baseline_csp_lda,7,outer_train,107
baseline_csp_lda,7,outer_train,108
baseline_csp_lda,7,outer_train,109
baseline_csp_lda,7,outer_test,5
baseline_csp_lda,7,outer_test,6
baseline_csp_lda,7,outer_test,37
baseline_csp_lda,7,outer_test,44
baseline_csp_lda,7,outer_test,60
baseline_csp_lda,7,outer_test,64
baseline_csp_lda,7,outer_test,65
baseline_csp_lda,7,outer_test,68
baseline_csp_lda,7,outer_test,91
baseline_csp_lda,7,outer_test,97
baseline_csp_lda,7,outer_test,102
baseline_csp_lda,8,outer_train,1
baseline_csp_lda,8,outer_train,2
baseline_csp_lda,8,outer_train,3
baseline_csp_lda,8,outer_train,4
baseline_csp_lda,8,outer_train,5
baseline_csp_lda,8,outer_train,6
baseline_csp_lda,8,outer_train,8
baseline_csp_lda,8,outer_train,9
baseline_csp_lda,8,outer_train,10
baseline_csp_lda,8,outer_train,11
baseline_csp_lda,8,outer_train,12
baseline_csp_lda,8,outer_train,13
baseline_csp_lda,8,outer_train,14
baseline_csp_lda,8,outer_train,15
baseline_csp_lda,8,outer_train,16
baseline_csp_lda,8,outer_train,18
baseline_csp_lda,8,outer_train,19
baseline_csp_lda,8,outer_train,20
baseline_csp_lda,8,outer_train,21
baseline_csp_lda,8,outer_train,22
baseline_csp_lda,8,outer_train,23
baseline_csp_lda,8,outer_train,24
baseline_csp_lda,8,outer_train,25
baseline_csp_lda,8,outer_train,27
baseline_csp_lda,8,outer_train,28
baseline_csp_lda,8,outer_train,29
baseline_csp_lda,8,outer_train,30
baseline_csp_lda,8,outer_train,31
baseline_csp_lda,8,outer_train,32
baseline_csp_lda,8,outer_train,33
baseline_csp_lda,8,outer_train,34
baseline_csp_lda,8,outer_train,35
baseline_csp_lda,8,outer_train,36
baseline_csp_lda,8,outer_train,37
baseline_csp_lda,8,outer_train,38
baseline_csp_lda,8,outer_train,39
baseline_csp_lda,8,outer_train,40
baseline_csp_lda,8,outer_train,41
baseline_csp_lda,8,outer_train,42
baseline_csp_lda,8,outer_train,44
baseline_csp_lda,8,outer_train,45
baseline_csp_lda,8,outer_train,46
baseline_csp_lda,8,outer_train,47
baseline_csp_lda,8,outer_train,48
baseline_csp_lda,8,outer_train,49
baseline_csp_lda,8,outer_train,50
baseline_csp_lda,8,outer_train,51
baseline_csp_lda,8,outer_train,52
baseline_csp_lda,8,outer_train,53
baseline_csp_lda,8,outer_train,54
baseline_csp_lda,8,outer_train,55
baseline_csp_lda,8,outer_train,57
baseline_csp_lda,8,outer_train,58
baseline_csp_lda,8,outer_train,59
baseline_csp_lda,8,outer_train,60
baseline_csp_lda,8,outer_train,61
baseline_csp_lda,8,outer_train,62
baseline_csp_lda,8,outer_train,64
baseline_csp_lda,8,outer_train,65
baseline_csp_lda,8,outer_train,66
baseline_csp_lda,8,outer_train,67
baseline_csp_lda,8,outer_train,68
baseline_csp_lda,8,outer_train,71
baseline_csp_lda,8,outer_train,72
baseline_csp_lda,8,outer_train,75
baseline_csp_lda,8,outer_train,76
baseline_csp_lda,8,outer_train,77
baseline_csp_lda,8,outer_train,78
baseline_csp_lda,8,outer_train,79
baseline_csp_lda,8,outer_train,80
baseline_csp_lda,8,outer_train,81
baseline_csp_lda,8,outer_train,82
baseline_csp_lda,8,outer_train,83
baseline_csp_lda,8,outer_train,84
baseline_csp_lda,8,outer_train,85
baseline_csp_lda,8,outer_train,86
baseline_csp_lda,8,outer_train,90
baseline_csp_lda,8,outer_train,91
baseline_csp_lda,8,outer_train,93
baseline_csp_lda,8,outer_train,94
baseline_csp_lda,8,outer_train,96
baseline_csp_lda,8,outer_train,97
baseline_csp_lda,8,outer_train,98
baseline_csp_lda,8,outer_train,99
baseline_csp_lda,8,outer_train,101
baseline_csp_lda,8,outer_train,102
baseline_csp_lda,8,outer_train,103
baseline_csp_lda,8,outer_train,105
baseline_csp_lda,8,outer_train,106
baseline_csp_lda,8,outer_train,107
baseline_csp_lda,8,outer_train,108
baseline_csp_lda,8,outer_train,109
baseline_csp_lda,8,outer_test,7
baseline_csp_lda,8,outer_test,17
baseline_csp_lda,8,outer_test,26
baseline_csp_lda,8,outer_test,56
baseline_csp_lda,8,outer_test,63
baseline_csp_lda,8,outer_test,69
baseline_csp_lda,8,outer_test,70
baseline_csp_lda,8,outer_test,73
baseline_csp_lda,8,outer_test,74
baseline_csp_lda,8,outer_test,87
baseline_csp_lda,8,outer_test,95
baseline_csp_lda,9,outer_train,1
baseline_csp_lda,9,outer_train,2
baseline_csp_lda,9,outer_train,3
baseline_csp_lda,9,outer_train,4
baseline_csp_lda,9,outer_train,5
baseline_csp_lda,9,outer_train,6
baseline_csp_lda,9,outer_train,7
baseline_csp_lda,9,outer_train,8
baseline_csp_lda,9,outer_train,9
baseline_csp_lda,9,outer_train,10
baseline_csp_lda,9,outer_train,12
baseline_csp_lda,9,outer_train,13
baseline_csp_lda,9,outer_train,15
baseline_csp_lda,9,outer_train,16
baseline_csp_lda,9,outer_train,17
baseline_csp_lda,9,outer_train,18
baseline_csp_lda,9,outer_train,19
baseline_csp_lda,9,outer_train,20
baseline_csp_lda,9,outer_train,21
baseline_csp_lda,9,outer_train,23
baseline_csp_lda,9,outer_train,24
baseline_csp_lda,9,outer_train,25
baseline_csp_lda,9,outer_train,26
baseline_csp_lda,9,outer_train,27
baseline_csp_lda,9,outer_train,28
baseline_csp_lda,9,outer_train,29
baseline_csp_lda,9,outer_train,30
baseline_csp_lda,9,outer_train,31
baseline_csp_lda,9,outer_train,32
baseline_csp_lda,9,outer_train,33
baseline_csp_lda,9,outer_train,34
baseline_csp_lda,9,outer_train,35
baseline_csp_lda,9,outer_train,36
baseline_csp_lda,9,outer_train,37
baseline_csp_lda,9,outer_train,38
baseline_csp_lda,9,outer_train,40
baseline_csp_lda,9,outer_train,41
baseline_csp_lda,9,outer_train,42
baseline_csp_lda,9,outer_train,44
baseline_csp_lda,9,outer_train,45
baseline_csp_lda,9,outer_train,46
baseline_csp_lda,9,outer_train,47
baseline_csp_lda,9,outer_train,48
baseline_csp_lda,9,outer_train,49
baseline_csp_lda,9,outer_train,50
baseline_csp_lda,9,outer_train,51
baseline_csp_lda,9,outer_train,53
baseline_csp_lda,9,outer_train,54
baseline_csp_lda,9,outer_train,55
baseline_csp_lda,9,outer_train,56
baseline_csp_lda,9,outer_train,57
baseline_csp_lda,9,outer_train,58
baseline_csp_lda,9,outer_train,59
baseline_csp_lda,9,outer_train,60
baseline_csp_lda,9,outer_train,61
baseline_csp_lda,9,outer_train,62
baseline_csp_lda,9,outer_train,63
baseline_csp_lda,9,outer_train,64
baseline_csp_lda,9,outer_train,65
baseline_csp_lda,9,outer_train,66
baseline_csp_lda,9,outer_train,67
baseline_csp_lda,9,outer_train,68
baseline_csp_lda,9,outer_train,69
baseline_csp_lda,9,outer_train,70
baseline_csp_lda,9,outer_train,71
baseline_csp_lda,9,outer_train,73
baseline_csp_lda,9,outer_train,74
baseline_csp_lda,9,outer_train,75
baseline_csp_lda,9,outer_train,78
baseline_csp_lda,9,outer_train,79
baseline_csp_lda,9,outer_train,80
baseline_csp_lda,9,outer_train,82
baseline_csp_lda,9,outer_train,83
baseline_csp_lda,9,outer_train,84
baseline_csp_lda,9,outer_train,86
baseline_csp_lda,9,outer_train,87
baseline_csp_lda,9,outer_train,90
baseline_csp_lda,9,outer_train,91
baseline_csp_lda,9,outer_train,93
baseline_csp_lda,9,outer_train,94
baseline_csp_lda,9,outer_train,95
baseline_csp_lda,9,outer_train,96
baseline_csp_lda,9,outer_train,97
baseline_csp_lda,9,outer_train,98
baseline_csp_lda,9,outer_train,99
baseline_csp_lda,9,outer_train,101
baseline_csp_lda,9,outer_train,102
baseline_csp_lda,9,outer_train,103
baseline_csp_lda,9,outer_train,105
baseline_csp_lda,9,outer_train,106
baseline_csp_lda,9,outer_train,107
baseline_csp_lda,9,outer_train,108
baseline_csp_lda,9,outer_test,11
baseline_csp_lda,9,outer_test,14
baseline_csp_lda,9,outer_test,22
baseline_csp_lda,9,outer_test,39
baseline_csp_lda,9,outer_test,52
baseline_csp_lda,9,outer_test,72
baseline_csp_lda,9,outer_test,76
baseline_csp_lda,9,outer_test,77
baseline_csp_lda,9,outer_test,81
baseline_csp_lda,9,outer_test,85
baseline_csp_lda,9,outer_test,109
baseline_csp_lda,10,outer_train,2
baseline_csp_lda,10,outer_train,3
baseline_csp_lda,10,outer_train,4
baseline_csp_lda,10,outer_train,5
baseline_csp_lda,10,outer_train,6
baseline_csp_lda,10,outer_train,7
baseline_csp_lda,10,outer_train,8
baseline_csp_lda,10,outer_train,9
baseline_csp_lda,10,outer_train,10
baseline_csp_lda,10,outer_train,11
baseline_csp_lda,10,outer_train,13
baseline_csp_lda,10,outer_train,14
baseline_csp_lda,10,outer_train,15
baseline_csp_lda,10,outer_train,16
baseline_csp_lda,10,outer_train,17
baseline_csp_lda,10,outer_train,18
baseline_csp_lda,10,outer_train,19
baseline_csp_lda,10,outer_train,20
baseline_csp_lda,10,outer_train,21
baseline_csp_lda,10,outer_train,22
baseline_csp_lda,10,outer_train,23
baseline_csp_lda,10,outer_train,24
baseline_csp_lda,10,outer_train,25
baseline_csp_lda,10,outer_train,26
baseline_csp_lda,10,outer_train,27
baseline_csp_lda,10,outer_train,28
baseline_csp_lda,10,outer_train,29
baseline_csp_lda,10,outer_train,31
baseline_csp_lda,10,outer_train,32
baseline_csp_lda,10,outer_train,33
baseline_csp_lda,10,outer_train,35
baseline_csp_lda,10,outer_train,36
baseline_csp_lda,10,outer_train,37
baseline_csp_lda,10,outer_train,39
baseline_csp_lda,10,outer_train,40
baseline_csp_lda,10,outer_train,41
baseline_csp_lda,10,outer_train,42
baseline_csp_lda,10,outer_train,44
baseline_csp_lda,10,outer_train,45
baseline_csp_lda,10,outer_train,46
baseline_csp_lda,10,outer_train,47
baseline_csp_lda,10,outer_train,48
baseline_csp_lda,10,outer_train,49
baseline_csp_lda,10,outer_train,50
baseline_csp_lda,10,outer_train,51
baseline_csp_lda,10,outer_train,52
baseline_csp_lda,10,outer_train,53
baseline_csp_lda,10,outer_train,54
baseline_csp_lda,10,outer_train,55
baseline_csp_lda,10,outer_train,56
baseline_csp_lda,10,outer_train,58
baseline_csp_lda,10,outer_train,59
baseline_csp_lda,10,outer_train,60
baseline_csp_lda,10,outer_train,61
baseline_csp_lda,10,outer_train,62
baseline_csp_lda,10,outer_train,63
baseline_csp_lda,10,outer_train,64
baseline_csp_lda,10,outer_train,65
baseline_csp_lda,10,outer_train,66
baseline_csp_lda,10,outer_train,67
baseline_csp_lda,10,outer_train,68
baseline_csp_lda,10,outer_train,69
baseline_csp_lda,10,outer_train,70
baseline_csp_lda,10,outer_train,71
baseline_csp_lda,10,outer_train,72
baseline_csp_lda,10,outer_train,73
baseline_csp_lda,10,outer_train,74
baseline_csp_lda,10,outer_train,75
baseline_csp_lda,10,outer_train,76
baseline_csp_lda,10,outer_train,77
baseline_csp_lda,10,outer_train,79
baseline_csp_lda,10,outer_train,80
baseline_csp_lda,10,outer_train,81
baseline_csp_lda,10,outer_train,82
baseline_csp_lda,10,outer_train,83
baseline_csp_lda,10,outer_train,84
baseline_csp_lda,10,outer_train,85
baseline_csp_lda,10,outer_train,86
baseline_csp_lda,10,outer_train,87
baseline_csp_lda,10,outer_train,90
baseline_csp_lda,10,outer_train,91
baseline_csp_lda,10,outer_train,94
baseline_csp_lda,10,outer_train,95
baseline_csp_lda,10,outer_train,96
baseline_csp_lda,10,outer_train,97
baseline_csp_lda,10,outer_train,98
baseline_csp_lda,10,outer_train,99
baseline_csp_lda,10,outer_train,101
baseline_csp_lda,10,outer_train,102
baseline_csp_lda,10,outer_train,105
baseline_csp_lda,10,outer_train,107
baseline_csp_lda,10,outer_train,108
baseline_csp_lda,10,outer_train,109
baseline_csp_lda,10,outer_test,1
baseline_csp_lda,10,outer_test,12
baseline_csp_lda,10,outer_test,30
baseline_csp_lda,10,outer_test,34
baseline_csp_lda,10,outer_test,38
baseline_csp_lda,10,outer_test,57
baseline_csp_lda,10,outer_test,78
baseline_csp_lda,10,outer_test,93
baseline_csp_lda,10,outer_test,103
baseline_csp_lda,10,outer_test,106
kernel_k11,1,inner_train,2
kernel_k11,1,inner_train,6
kernel_k11,1,inner_train,7
kernel_k11,1,inner_train,8
kernel_k11,1,inner_train,10
kernel_k11,1,inner_train,11
kernel_k11,1,inner_train,12
kernel_k11,1,inner_train,14
kernel_k11,1,inner_train,16
kernel_k11,1,inner_train,17
kernel_k11,1,inner_train,18
kernel_k11,1,inner_train,20
kernel_k11,1,inner_train,22
kernel_k11,1,inner_train,23
kernel_k11,1,inner_train,26
kernel_k11,1,inner_train,27
kernel_k11,1,inner_train,28
kernel_k11,1,inner_train,29
kernel_k11,1,inner_train,30
kernel_k11,1,inner_train,31
kernel_k11,1,inner_train,32
kernel_k11,1,inner_train,34
kernel_k11,1,inner_train,35
kernel_k11,1,inner_train,36
kernel_k11,1,inner_train,37
kernel_k11,1,inner_train,38
kernel_k11,1,inner_train,39
kernel_k11,1,inner_train,40
kernel_k11,1,inner_train,41
kernel_k11,1,inner_train,42
kernel_k11,1,inner_train,44
kernel_k11,1,inner_train,45
kernel_k11,1,inner_train,46
kernel_k11,1,inner_train,48
kernel_k11,1,inner_train,49
kernel_k11,1,inner_train,50
kernel_k11,1,inner_train,51
kernel_k11,1,inner_train,52
kernel_k11,1,inner_train,53
kernel_k11,1,inner_train,55
kernel_k11,1,inner_train,56
kernel_k11,1,inner_train,57
kernel_k11,1,inner_train,58
kernel_k11,1,inner_train,59
kernel_k11,1,inner_train,60
kernel_k11,1,inner_train,62
kernel_k11,1,inner_train,63
kernel_k11,1,inner_train,64
kernel_k11,1,inner_train,66
kernel_k11,1,inner_train,68
kernel_k11,1,inner_train,69
kernel_k11,1,inner_train,70
kernel_k11,1,inner_train,71
kernel_k11,1,inner_train,72
kernel_k11,1,inner_train,75
kernel_k11,1,inner_train,76
kernel_k11,1,inner_train,77
kernel_k11,1,inner_train,78
kernel_k11,1,inner_train,79
kernel_k11,1,inner_train,80
kernel_k11,1,inner_train,81
kernel_k11,1,inner_train,82
kernel_k11,1,inner_train,83
kernel_k11,1,inner_train,85
kernel_k11,1,inner_train,86
kernel_k11,1,inner_train,87
kernel_k11,1,inner_train,91
kernel_k11,1,inner_train,94
kernel_k11,1,inner_train,95
kernel_k11,1,inner_train,97
kernel_k11,1,inner_train,98
kernel_k11,1,inner_train,101
kernel_k11,1,inner_train,102
kernel_k11,1,inner_train,103
kernel_k11,1,inner_train,105
kernel_k11,1,inner_train,106
kernel_k11,1,inner_train,107
kernel_k11,1,inner_train,108
kernel_k11,1,inner_train,109
kernel_k11,1,inner_validation,1
kernel_k11,1,inner_validation,5
kernel_k11,1,inner_validation,13
kernel_k11,1,inner_validation,15
kernel_k11,1,inner_validation,19
kernel_k11,1,inner_validation,47
kernel_k11,1,inner_validation,54
kernel_k11,1,inner_validation,65
kernel_k11,1,inner_validation,73
kernel_k11,1,inner_validation,74
kernel_k11,1,inner_validation,84
kernel_k11,1,inner_validation,90
kernel_k11,1,inner_validation,93
kernel_k11,1,inner_validation,99
kernel_k11,1,outer_test,3
kernel_k11,1,outer_test,4
kernel_k11,1,outer_test,9
kernel_k11,1,outer_test,21
kernel_k11,1,outer_test,24
kernel_k11,1,outer_test,25
kernel_k11,1,outer_test,33
kernel_k11,1,outer_test,61
kernel_k11,1,outer_test,67
kernel_k11,1,outer_test,96
kernel_k11,2,inner_train,1
kernel_k11,2,inner_train,2
kernel_k11,2,inner_train,3
kernel_k11,2,inner_train,4
kernel_k11,2,inner_train,5
kernel_k11,2,inner_train,6
kernel_k11,2,inner_train,7
kernel_k11,2,inner_train,9
kernel_k11,2,inner_train,11
kernel_k11,2,inner_train,12
kernel_k11,2,inner_train,13
kernel_k11,2,inner_train,14
kernel_k11,2,inner_train,15
kernel_k11,2,inner_train,17
kernel_k11,2,inner_train,18
kernel_k11,2,inner_train,20
kernel_k11,2,inner_train,21
kernel_k11,2,inner_train,22
kernel_k11,2,inner_train,24
kernel_k11,2,inner_train,25
kernel_k11,2,inner_train,26
kernel_k11,2,inner_train,27
kernel_k11,2,inner_train,29
kernel_k11,2,inner_train,30
kernel_k11,2,inner_train,31
kernel_k11,2,inner_train,32
kernel_k11,2,inner_train,33
kernel_k11,2,inner_train,34
kernel_k11,2,inner_train,36
kernel_k11,2,inner_train,37
kernel_k11,2,inner_train,39
kernel_k11,2,inner_train,40
kernel_k11,2,inner_train,41
kernel_k11,2,inner_train,42
kernel_k11,2,inner_train,44
kernel_k11,2,inner_train,47
kernel_k11,2,inner_train,48
kernel_k11,2,inner_train,50
kernel_k11,2,inner_train,52
kernel_k11,2,inner_train,53
kernel_k11,2,inner_train,55
kernel_k11,2,inner_train,56
kernel_k11,2,inner_train,57
kernel_k11,2,inner_train,58
kernel_k11,2,inner_train,59
kernel_k11,2,inner_train,60
kernel_k11,2,inner_train,62
kernel_k11,2,inner_train,64
kernel_k11,2,inner_train,65
kernel_k11,2,inner_train,66
kernel_k11,2,inner_train,68
kernel_k11,2,inner_train,69
kernel_k11,2,inner_train,70
kernel_k11,2,inner_train,71
kernel_k11,2,inner_train,72
kernel_k11,2,inner_train,75
kernel_k11,2,inner_train,76
kernel_k11,2,inner_train,77
kernel_k11,2,inner_train,78
kernel_k11,2,inner_train,80
kernel_k11,2,inner_train,81
kernel_k11,2,inner_train,83
kernel_k11,2,inner_train,85
kernel_k11,2,inner_train,86
kernel_k11,2,inner_train,87
kernel_k11,2,inner_train,90
kernel_k11,2,inner_train,91
kernel_k11,2,inner_train,93
kernel_k11,2,inner_train,94
kernel_k11,2,inner_train,95
kernel_k11,2,inner_train,96
kernel_k11,2,inner_train,97
kernel_k11,2,inner_train,98
kernel_k11,2,inner_train,99
kernel_k11,2,inner_train,102
kernel_k11,2,inner_train,103
kernel_k11,2,inner_train,105
kernel_k11,2,inner_train,106
kernel_k11,2,inner_train,107
kernel_k11,2,inner_validation,8
kernel_k11,2,inner_validation,23
kernel_k11,2,inner_validation,28
kernel_k11,2,inner_validation,38
kernel_k11,2,inner_validation,45
kernel_k11,2,inner_validation,49
kernel_k11,2,inner_validation,61
kernel_k11,2,inner_validation,63
kernel_k11,2,inner_validation,67
kernel_k11,2,inner_validation,73
kernel_k11,2,inner_validation,74
kernel_k11,2,inner_validation,84
kernel_k11,2,inner_validation,101
kernel_k11,2,inner_validation,109
kernel_k11,2,outer_test,10
kernel_k11,2,outer_test,16
kernel_k11,2,outer_test,19
kernel_k11,2,outer_test,35
kernel_k11,2,outer_test,46
kernel_k11,2,outer_test,51
kernel_k11,2,outer_test,54
kernel_k11,2,outer_test,79
kernel_k11,2,outer_test,82
kernel_k11,2,outer_test,108
kernel_k11,3,inner_train,4
kernel_k11,3,inner_train,6
kernel_k11,3,inner_train,7
kernel_k11,3,inner_train,8
kernel_k11,3,inner_train,9
kernel_k11,3,inner_train,10
kernel_k11,3,inner_train,11
kernel_k11,3,inner_train,12
kernel_k11,3,inner_train,13
kernel_k11,3,inner_train,14
kernel_k11,3,inner_train,15
kernel_k11,3,inner_train,16
kernel_k11,3,inner_train,17
kernel_k11,3,inner_train,19
kernel_k11,3,inner_train,20
kernel_k11,3,inner_train,21
kernel_k11,3,inner_train,22
kernel_k11,3,inner_train,23
kernel_k11,3,inner_train,24
kernel_k11,3,inner_train,25
kernel_k11,3,inner_train,26
kernel_k11,3,inner_train,27
kernel_k11,3,inner_train,29
kernel_k11,3,inner_train,30
kernel_k11,3,inner_train,31
kernel_k11,3,inner_train,34
kernel_k11,3,inner_train,35
kernel_k11,3,inner_train,37
kernel_k11,3,inner_train,39
kernel_k11,3,inner_train,40
kernel_k11,3,inner_train,42
kernel_k11,3,inner_train,44
kernel_k11,3,inner_train,47
kernel_k11,3,inner_train,48
kernel_k11,3,inner_train,50
kernel_k11,3,inner_train,51
kernel_k11,3,inner_train,52
kernel_k11,3,inner_train,53
kernel_k11,3,inner_train,55
kernel_k11,3,inner_train,56
kernel_k11,3,inner_train,57
kernel_k11,3,inner_train,58
kernel_k11,3,inner_train,59
kernel_k11,3,inner_train,60
kernel_k11,3,inner_train,63
kernel_k11,3,inner_train,65
kernel_k11,3,inner_train,66
kernel_k11,3,inner_train,67
kernel_k11,3,inner_train,69
kernel_k11,3,inner_train,70
kernel_k11,3,inner_train,71
kernel_k11,3,inner_train,72
kernel_k11,3,inner_train,73
kernel_k11,3,inner_train,76
kernel_k11,3,inner_train,77
kernel_k11,3,inner_train,78
kernel_k11,3,inner_train,79
kernel_k11,3,inner_train,81
kernel_k11,3,inner_train,82
kernel_k11,3,inner_train,83
kernel_k11,3,inner_train,84
kernel_k11,3,inner_train,85
kernel_k11,3,inner_train,86
kernel_k11,3,inner_train,87
kernel_k11,3,inner_train,90
kernel_k11,3,inner_train,91
kernel_k11,3,inner_train,94
kernel_k11,3,inner_train,95
kernel_k11,3,inner_train,96
kernel_k11,3,inner_train,97
kernel_k11,3,inner_train,98
kernel_k11,3,inner_train,99
kernel_k11,3,inner_train,101
kernel_k11,3,inner_train,102
kernel_k11,3,inner_train,103
kernel_k11,3,inner_train,106
kernel_k11,3,inner_train,107
kernel_k11,3,inner_train,108
kernel_k11,3,inner_train,109
kernel_k11,3,inner_validation,1
kernel_k11,3,inner_validation,2
kernel_k11,3,inner_validation,3
kernel_k11,3,inner_validation,5
kernel_k11,3,inner_validation,33
kernel_k11,3,inner_validation,38
kernel_k11,3,inner_validation,46
kernel_k11,3,inner_validation,54
kernel_k11,3,inner_validation,61
kernel_k11,3,inner_validation,64
kernel_k11,3,inner_validation,68
kernel_k11,3,inner_validation,74
kernel_k11,3,inner_validation,80
kernel_k11,3,inner_validation,93
kernel_k11,3,outer_test,18
kernel_k11,3,outer_test,28
kernel_k11,3,outer_test,32
kernel_k11,3,outer_test,36
kernel_k11,3,outer_test,41
kernel_k11,3,outer_test,45
kernel_k11,3,outer_test,49
kernel_k11,3,outer_test,62
kernel_k11,3,outer_test,75
kernel_k11,3,outer_test,105
kernel_k11,4,inner_train,1
kernel_k11,4,inner_train,2
kernel_k11,4,inner_train,3
kernel_k11,4,inner_train,4
kernel_k11,4,inner_train,5
kernel_k11,4,inner_train,6
kernel_k11,4,inner_train,7
kernel_k11,4,inner_train,9
kernel_k11,4,inner_train,10
kernel_k11,4,inner_train,11
kernel_k11,4,inner_train,14
kernel_k11,4,inner_train,16
kernel_k11,4,inner_train,17
kernel_k11,4,inner_train,18
kernel_k11,4,inner_train,19
kernel_k11,4,inner_train,20
kernel_k11,4,inner_train,21
kernel_k11,4,inner_train,23
kernel_k11,4,inner_train,24
kernel_k11,4,inner_train,25
kernel_k11,4,inner_train,26
kernel_k11,4,inner_train,28
kernel_k11,4,inner_train,29
kernel_k11,4,inner_train,30
kernel_k11,4,inner_train,32
kernel_k11,4,inner_train,34
kernel_k11,4,inner_train,35
kernel_k11,4,inner_train,36
kernel_k11,4,inner_train,38
kernel_k11,4,inner_train,39
kernel_k11,4,inner_train,41
kernel_k11,4,inner_train,45
kernel_k11,4,inner_train,46
kernel_k11,4,inner_train,47
kernel_k11,4,inner_train,49
kernel_k11,4,inner_train,50
kernel_k11,4,inner_train,51
kernel_k11,4,inner_train,52
kernel_k11,4,inner_train,54
kernel_k11,4,inner_train,57
kernel_k11,4,inner_train,58
kernel_k11,4,inner_train,59
kernel_k11,4,inner_train,60
kernel_k11,4,inner_train,61
kernel_k11,4,inner_train,62
kernel_k11,4,inner_train,63
kernel_k11,4,inner_train,64
kernel_k11,4,inner_train,65
kernel_k11,4,inner_train,67
kernel_k11,4,inner_train,68
kernel_k11,4,inner_train,69
kernel_k11,4,inner_train,70
kernel_k11,4,inner_train,71
kernel_k11,4,inner_train,72
kernel_k11,4,inner_train,73
kernel_k11,4,inner_train,75
kernel_k11,4,inner_train,76
kernel_k11,4,inner_train,79
kernel_k11,4,inner_train,80
kernel_k11,4,inner_train,81
kernel_k11,4,inner_train,82
kernel_k11,4,inner_train,83
kernel_k11,4,inner_train,84
kernel_k11,4,inner_train,85
kernel_k11,4,inner_train,87
kernel_k11,4,inner_train,90
kernel_k11,4,inner_train,91
kernel_k11,4,inner_train,93
kernel_k11,4,inner_train,94
kernel_k11,4,inner_train,95
kernel_k11,4,inner_train,96
kernel_k11,4,inner_train,97
kernel_k11,4,inner_train,99
kernel_k11,4,inner_train,101
kernel_k11,4,inner_train,102
kernel_k11,4,inner_train,105
kernel_k11,4,inner_train,106
kernel_k11,4,inner_train,108
kernel_k11,4,inner_train,109
kernel_k11,4,inner_validation,12
kernel_k11,4,inner_validation,13
kernel_k11,4,inner_validation,15
kernel_k11,4,inner_validation,22
kernel_k11,4,inner_validation,33
kernel_k11,4,inner_validation,37
kernel_k11,4,inner_validation,44
kernel_k11,4,inner_validation,53
kernel_k11,4,inner_validation,56
kernel_k11,4,inner_validation,74
kernel_k11,4,inner_validation,77
kernel_k11,4,inner_validation,78
kernel_k11,4,inner_validation,98
kernel_k11,4,inner_validation,103
kernel_k11,4,outer_test,8
kernel_k11,4,outer_test,27
kernel_k11,4,outer_test,31
kernel_k11,4,outer_test,40
kernel_k11,4,outer_test,42
kernel_k11,4,outer_test,48
kernel_k11,4,outer_test,55
kernel_k11,4,outer_test,66
kernel_k11,4,outer_test,86
kernel_k11,4,outer_test,107
kernel_k11,5,inner_train,2
kernel_k11,5,inner_train,3
kernel_k11,5,inner_train,4
kernel_k11,5,inner_train,5
kernel_k11,5,inner_train,6
kernel_k11,5,inner_train,7
kernel_k11,5,inner_train,8
kernel_k11,5,inner_train,9
kernel_k11,5,inner_train,10
kernel_k11,5,inner_train,11
kernel_k11,5,inner_train,12
kernel_k11,5,inner_train,13
kernel_k11,5,inner_train,14
kernel_k11,5,inner_train,17
kernel_k11,5,inner_train,18
kernel_k11,5,inner_train,20
kernel_k11,5,inner_train,21
kernel_k11,5,inner_train,22
kernel_k11,5,inner_train,24
kernel_k11,5,inner_train,25
kernel_k11,5,inner_train,26
kernel_k11,5,inner_train,27
kernel_k11,5,inner_train,29
kernel_k11,5,inner_train,30
kernel_k11,5,inner_train,31
kernel_k11,5,inner_train,33
kernel_k11,5,inner_train,34
kernel_k11,5,inner_train,35
kernel_k11,5,inner_train,36
kernel_k11,5,inner_train,37
kernel_k11,5,inner_train,38
kernel_k11,5,inner_train,39
kernel_k11,5,inner_train,42
kernel_k11,5,inner_train,44
kernel_k11,5,inner_train,45
kernel_k11,5,inner_train,46
kernel_k11,5,inner_train,47
kernel_k11,5,inner_train,48
kernel_k11,5,inner_train,49
kernel_k11,5,inner_train,52
kernel_k11,5,inner_train,54
kernel_k11,5,inner_train,55
kernel_k11,5,inner_train,56
kernel_k11,5,inner_train,57
kernel_k11,5,inner_train,60
kernel_k11,5,inner_train,61
kernel_k11,5,inner_train,63
kernel_k11,5,inner_train,64
kernel_k11,5,inner_train,65
kernel_k11,5,inner_train,66
kernel_k11,5,inner_train,67
kernel_k11,5,inner_train,68
kernel_k11,5,inner_train,69
kernel_k11,5,inner_train,70
kernel_k11,5,inner_train,71
kernel_k11,5,inner_train,72
kernel_k11,5,inner_train,73
kernel_k11,5,inner_train,74
kernel_k11,5,inner_train,75
kernel_k11,5,inner_train,76
kernel_k11,5,inner_train,77
kernel_k11,5,inner_train,78
kernel_k11,5,inner_train,79
kernel_k11,5,inner_train,81
kernel_k11,5,inner_train,82
kernel_k11,5,inner_train,83
kernel_k11,5,inner_train,84
kernel_k11,5,inner_train,85
kernel_k11,5,inner_train,86
kernel_k11,5,inner_train,91
kernel_k11,5,inner_train,93
kernel_k11,5,inner_train,98
kernel_k11,5,inner_train,101
kernel_k11,5,inner_train,102
kernel_k11,5,inner_train,105
kernel_k11,5,inner_train,106
kernel_k11,5,inner_train,107
kernel_k11,5,inner_train,108
kernel_k11,5,inner_train,109
kernel_k11,5,inner_validation,1
kernel_k11,5,inner_validation,16
kernel_k11,5,inner_validation,19
kernel_k11,5,inner_validation,28
kernel_k11,5,inner_validation,32
kernel_k11,5,inner_validation,40
kernel_k11,5,inner_validation,41
kernel_k11,5,inner_validation,51
kernel_k11,5,inner_validation,62
kernel_k11,5,inner_validation,87
kernel_k11,5,inner_validation,95
kernel_k11,5,inner_validation,96
kernel_k11,5,inner_validation,97
kernel_k11,5,inner_validation,103
kernel_k11,5,outer_test,15
kernel_k11,5,outer_test,23
kernel_k11,5,outer_test,50
kernel_k11,5,outer_test,53
kernel_k11,5,outer_test,58
kernel_k11,5,outer_test,59
kernel_k11,5,outer_test,80
kernel_k11,5,outer_test,90
kernel_k11,5,outer_test,94
kernel_k11,5,outer_test,99
kernel_k11,6,inner_train,1
kernel_k11,6,inner_train,3
kernel_k11,6,inner_train,4
kernel_k11,6,inner_train,5
kernel_k11,6,inner_train,6
kernel_k11,6,inner_train,8
kernel_k11,6,inner_train,9
kernel_k11,6,inner_train,12
kernel_k11,6,inner_train,15
kernel_k11,6,inner_train,16
kernel_k11,6,inner_train,17
kernel_k11,6,inner_train,18
kernel_k11,6,inner_train,19
kernel_k11,6,inner_train,22
kernel_k11,6,inner_train,23
kernel_k11,6,inner_train,24
kernel_k11,6,inner_train,25
kernel_k11,6,inner_train,26
kernel_k11,6,inner_train,27
kernel_k11,6,inner_train,30
kernel_k11,6,inner_train,31
kernel_k11,6,inner_train,32
kernel_k11,6,inner_train,33
kernel_k11,6,inner_train,34
kernel_k11,6,inner_train,35
kernel_k11,6,inner_train,36
kernel_k11,6,inner_train,37
kernel_k11,6,inner_train,38
kernel_k11,6,inner_train,39
kernel_k11,6,inner_train,40
kernel_k11,6,inner_train,41
kernel_k11,6,inner_train,42
kernel_k11,6,inner_train,44
kernel_k11,6,inner_train,45
kernel_k11,6,inner_train,46
kernel_k11,6,inner_train,49
kernel_k11,6,inner_train,51
kernel_k11,6,inner_train,52
kernel_k11,6,inner_train,53
kernel_k11,6,inner_train,54
kernel_k11,6,inner_train,55
kernel_k11,6,inner_train,56
kernel_k11,6,inner_train,57
kernel_k11,6,inner_train,58
kernel_k11,6,inner_train,59
kernel_k11,6,inner_train,60
kernel_k11,6,inner_train,61
kernel_k11,6,inner_train,62
kernel_k11,6,inner_train,64
kernel_k11,6,inner_train,65
kernel_k11,6,inner_train,66
kernel_k11,6,inner_train,67
kernel_k11,6,inner_train,68
kernel_k11,6,inner_train,69
kernel_k11,6,inner_train,70
kernel_k11,6,inner_train,72
kernel_k11,6,inner_train,73
kernel_k11,6,inner_train,74
kernel_k11,6,inner_train,75
kernel_k11,6,inner_train,76
kernel_k11,6,inner_train,77
kernel_k11,6,inner_train,78
kernel_k11,6,inner_train,79
kernel_k11,6,inner_train,80
kernel_k11,6,inner_train,81
kernel_k11,6,inner_train,82
kernel_k11,6,inner_train,85
kernel_k11,6,inner_train,87
kernel_k11,6,inner_train,90
kernel_k11,6,inner_train,93
kernel_k11,6,inner_train,94
kernel_k11,6,inner_train,96
kernel_k11,6,inner_train,97
kernel_k11,6,inner_train,102
kernel_k11,6,inner_train,105
kernel_k11,6,inner_train,106
kernel_k11,6,inner_train,107
kernel_k11,6,inner_train,108
kernel_k11,6,inner_train,109
kernel_k11,6,inner_validation,7
kernel_k11,6,inner_validation,10
kernel_k11,6,inner_validation,11
kernel_k11,6,inner_validation,14
kernel_k11,6,inner_validation,21
kernel_k11,6,inner_validation,28
kernel_k11,6,inner_validation,48
kernel_k11,6,inner_validation,50
kernel_k11,6,inner_validation,63
kernel_k11,6,inner_validation,86
kernel_k11,6,inner_validation,91
kernel_k11,6,inner_validation,95
kernel_k11,6,inner_validation,99
kernel_k11,6,inner_validation,103
kernel_k11,6,outer_test,2
kernel_k11,6,outer_test,13
kernel_k11,6,outer_test,20
kernel_k11,6,outer_test,29
kernel_k11,6,outer_test,47
kernel_k11,6,outer_test,71
kernel_k11,6,outer_test,83
kernel_k11,6,outer_test,84
kernel_k11,6,outer_test,98
kernel_k11,6,outer_test,101
kernel_k11,7,inner_train,3
kernel_k11,7,inner_train,4
kernel_k11,7,inner_train,7
kernel_k11,7,inner_train,8
kernel_k11,7,inner_train,9
kernel_k11,7,inner_train,10
kernel_k11,7,inner_train,11
kernel_k11,7,inner_train,12
kernel_k11,7,inner_train,13
kernel_k11,7,inner_train,14
kernel_k11,7,inner_train,15
kernel_k11,7,inner_train,16
kernel_k11,7,inner_train,17
kernel_k11,7,inner_train,18
kernel_k11,7,inner_train,19
kernel_k11,7,inner_train,20
kernel_k11,7,inner_train,21
kernel_k11,7,inner_train,22
kernel_k11,7,inner_train,23
kernel_k11,7,inner_train,24
kernel_k11,7,inner_train,26
kernel_k11,7,inner_train,27
kernel_k11,7,inner_train,29
kernel_k11,7,inner_train,30
kernel_k11,7,inner_train,32
kernel_k11,7,inner_train,33
kernel_k11,7,inner_train,34
kernel_k11,7,inner_train,35
kernel_k11,7,inner_train,36
kernel_k11,7,inner_train,38
kernel_k11,7,inner_train,39
kernel_k11,7,inner_train,40
kernel_k11,7,inner_train,41
kernel_k11,7,inner_train,42
kernel_k11,7,inner_train,45
kernel_k11,7,inner_train,46
kernel_k11,7,inner_train,47
kernel_k11,7,inner_train,48
kernel_k11,7,inner_train,49
kernel_k11,7,inner_train,50
kernel_k11,7,inner_train,51
kernel_k11,7,inner_train,52
kernel_k11,7,inner_train,53
kernel_k11,7,inner_train,55
kernel_k11,7,inner_train,57
kernel_k11,7,inner_train,58
kernel_k11,7,inner_train,59
kernel_k11,7,inner_train,61
kernel_k11,7,inner_train,62
kernel_k11,7,inner_train,63
kernel_k11,7,inner_train,67
kernel_k11,7,inner_train,69
kernel_k11,7,inner_train,70
kernel_k11,7,inner_train,71
kernel_k11,7,inner_train,72
kernel_k11,7,inner_train,73
kernel_k11,7,inner_train,77
kernel_k11,7,inner_train,78
kernel_k11,7,inner_train,79
kernel_k11,7,inner_train,80
kernel_k11,7,inner_train,81
kernel_k11,7,inner_train,82
kernel_k11,7,inner_train,84
kernel_k11,7,inner_train,85
kernel_k11,7,inner_train,87
kernel_k11,7,inner_train,90
kernel_k11,7,inner_train,93
kernel_k11,7,inner_train,94
kernel_k11,7,inner_train,95
kernel_k11,7,inner_train,96
kernel_k11,7,inner_train,98
kernel_k11,7,inner_train,99
kernel_k11,7,inner_train,101
kernel_k11,7,inner_train,105
kernel_k11,7,inner_train,106
kernel_k11,7,inner_train,107
kernel_k11,7,inner_train,108
kernel_k11,7,inner_train,109
kernel_k11,7,inner_validation,1
kernel_k11,7,inner_validation,2
kernel_k11,7,inner_validation,25
kernel_k11,7,inner_validation,28
kernel_k11,7,inner_validation,31
kernel_k11,7,inner_validation,54
kernel_k11,7,inner_validation,56
kernel_k11,7,inner_validation,66
kernel_k11,7,inner_validation,74
kernel_k11,7,inner_validation,75
kernel_k11,7,inner_validation,76
kernel_k11,7,inner_validation,83
kernel_k11,7,inner_validation,86
kernel_k11,7,inner_validation,103
kernel_k11,7,outer_test,5
kernel_k11,7,outer_test,6
kernel_k11,7,outer_test,37
kernel_k11,7,outer_test,44
kernel_k11,7,outer_test,60
kernel_k11,7,outer_test,64
kernel_k11,7,outer_test,65
kernel_k11,7,outer_test,68
kernel_k11,7,outer_test,91
kernel_k11,7,outer_test,97
kernel_k11,7,outer_test,102
kernel_k11,8,inner_train,1
kernel_k11,8,inner_train,2
kernel_k11,8,inner_train,3
kernel_k11,8,inner_train,4
kernel_k11,8,inner_train,5
kernel_k11,8,inner_train,6
kernel_k11,8,inner_train,8
kernel_k11,8,inner_train,9
kernel_k11,8,inner_train,11
kernel_k11,8,inner_train,12
kernel_k11,8,inner_train,13
kernel_k11,8,inner_train,14
kernel_k11,8,inner_train,15
kernel_k11,8,inner_train,16
kernel_k11,8,inner_train,18
kernel_k11,8,inner_train,22
kernel_k11,8,inner_train,23
kernel_k11,8,inner_train,25
kernel_k11,8,inner_train,27
kernel_k11,8,inner_train,28
kernel_k11,8,inner_train,29
kernel_k11,8,inner_train,30
kernel_k11,8,inner_train,31
kernel_k11,8,inner_train,32
kernel_k11,8,inner_train,33
kernel_k11,8,inner_train,34
kernel_k11,8,inner_train,35
kernel_k11,8,inner_train,36
kernel_k11,8,inner_train,37
kernel_k11,8,inner_train,38
kernel_k11,8,inner_train,39
kernel_k11,8,inner_train,40
kernel_k11,8,inner_train,41
kernel_k11,8,inner_train,42
kernel_k11,8,inner_train,44
kernel_k11,8,inner_train,46
kernel_k11,8,inner_train,48
kernel_k11,8,inner_train,49
kernel_k11,8,inner_train,50
kernel_k11,8,inner_train,51
kernel_k11,8,inner_train,52
kernel_k11,8,inner_train,53
kernel_k11,8,inner_train,54
kernel_k11,8,inner_train,55
kernel_k11,8,inner_train,57
kernel_k11,8,inner_train,58
kernel_k11,8,inner_train,59
kernel_k11,8,inner_train,60
kernel_k11,8,inner_train,62
kernel_k11,8,inner_train,67
kernel_k11,8,inner_train,68
kernel_k11,8,inner_train,71
kernel_k11,8,inner_train,72
kernel_k11,8,inner_train,75
kernel_k11,8,inner_train,76
kernel_k11,8,inner_train,77
kernel_k11,8,inner_train,78
kernel_k11,8,inner_train,79
kernel_k11,8,inner_train,80
kernel_k11,8,inner_train,81
kernel_k11,8,inner_train,82
kernel_k11,8,inner_train,84
kernel_k11,8,inner_train,85
kernel_k11,8,inner_train,90
kernel_k11,8,inner_train,91
kernel_k11,8,inner_train,93
kernel_k11,8,inner_train,94
kernel_k11,8,inner_train,96
kernel_k11,8,inner_train,97
kernel_k11,8,inner_train,99
kernel_k11,8,inner_train,101
kernel_k11,8,inner_train,102
kernel_k11,8,inner_train,103
kernel_k11,8,inner_train,105
kernel_k11,8,inner_train,106
kernel_k11,8,inner_train,107
kernel_k11,8,inner_train,108
kernel_k11,8,inner_train,109
kernel_k11,8,inner_validation,10
kernel_k11,8,inner_validation,19
kernel_k11,8,inner_validation,20
kernel_k11,8,inner_validation,21
kernel_k11,8,inner_validation,24
kernel_k11,8,inner_validation,45
kernel_k11,8,inner_validation,47
kernel_k11,8,inner_validation,61
kernel_k11,8,inner_validation,64
kernel_k11,8,inner_validation,65
kernel_k11,8,inner_validation,66
kernel_k11,8,inner_validation,83
kernel_k11,8,inner_validation,86
kernel_k11,8,inner_validation,98
kernel_k11,8,outer_test,7
kernel_k11,8,outer_test,17
kernel_k11,8,outer_test,26
kernel_k11,8,outer_test,56
kernel_k11,8,outer_test,63
kernel_k11,8,outer_test,69
kernel_k11,8,outer_test,70
kernel_k11,8,outer_test,73
kernel_k11,8,outer_test,74
kernel_k11,8,outer_test,87
kernel_k11,8,outer_test,95
kernel_k11,9,inner_train,2
kernel_k11,9,inner_train,4
kernel_k11,9,inner_train,6
kernel_k11,9,inner_train,7
kernel_k11,9,inner_train,8
kernel_k11,9,inner_train,9
kernel_k11,9,inner_train,10
kernel_k11,9,inner_train,12
kernel_k11,9,inner_train,13
kernel_k11,9,inner_train,16
kernel_k11,9,inner_train,17
kernel_k11,9,inner_train,18
kernel_k11,9,inner_train,19
kernel_k11,9,inner_train,20
kernel_k11,9,inner_train,21
kernel_k11,9,inner_train,24
kernel_k11,9,inner_train,25
kernel_k11,9,inner_train,26
kernel_k11,9,inner_train,27
kernel_k11,9,inner_train,28
kernel_k11,9,inner_train,29
kernel_k11,9,inner_train,30
kernel_k11,9,inner_train,31
kernel_k11,9,inner_train,32
kernel_k11,9,inner_train,33
kernel_k11,9,inner_train,34
kernel_k11,9,inner_train,35
kernel_k11,9,inner_train,36
kernel_k11,9,inner_train,37
kernel_k11,9,inner_train,38
kernel_k11,9,inner_train,40
kernel_k11,9,inner_train,41
kernel_k11,9,inner_train,42
kernel_k11,9,inner_train,44
kernel_k11,9,inner_train,45
kernel_k11,9,inner_train,46
kernel_k11,9,inner_train,47
kernel_k11,9,inner_train,48
kernel_k11,9,inner_train,49
kernel_k11,9,inner_train,51
kernel_k11,9,inner_train,53
kernel_k11,9,inner_train,55
kernel_k11,9,inner_train,57
kernel_k11,9,inner_train,58
kernel_k11,9,inner_train,59
kernel_k11,9,inner_train,60
kernel_k11,9,inner_train,61
kernel_k11,9,inner_train,62
kernel_k11,9,inner_train,63
kernel_k11,9,inner_train,64
kernel_k11,9,inner_train,65
kernel_k11,9,inner_train,66
kernel_k11,9,inner_train,67
kernel_k11,9,inner_train,68
kernel_k11,9,inner_train,69
kernel_k11,9,inner_train,70
kernel_k11,9,inner_train,74
kernel_k11,9,inner_train,75
kernel_k11,9,inner_train,78
kernel_k11,9,inner_train,79
kernel_k11,9,inner_train,83
kernel_k11,9,inner_train,84
kernel_k11,9,inner_train,86
kernel_k11,9,inner_train,87
kernel_k11,9,inner_train,90
kernel_k11,9,inner_train,91
kernel_k11,9,inner_train,93
kernel_k11,9,inner_train,94
kernel_k11,9,inner_train,95
kernel_k11,9,inner_train,97
kernel_k11,9,inner_train,98
kernel_k11,9,inner_train,99
kernel_k11,9,inner_train,101
kernel_k11,9,inner_train,103
kernel_k11,9,inner_train,105
kernel_k11,9,inner_train,106
kernel_k11,9,inner_train,107
kernel_k11,9,inner_train,108
kernel_k11,9,inner_validation,1
kernel_k11,9,inner_validation,3
kernel_k11,9,inner_validation,5
kernel_k11,9,inner_validation,15
kernel_k11,9,inner_validation,23
kernel_k11,9,inner_validation,50
kernel_k11,9,inner_validation,54
kernel_k11,9,inner_validation,56
kernel_k11,9,inner_validation,71
kernel_k11,9,inner_validation,73
kernel_k11,9,inner_validation,80
kernel_k11,9,inner_validation,82
kernel_k11,9,inner_validation,96
kernel_k11,9,inner_validation,102
kernel_k11,9,outer_test,11
kernel_k11,9,outer_test,14
kernel_k11,9,outer_test,22
kernel_k11,9,outer_test,39
kernel_k11,9,outer_test,52
kernel_k11,9,outer_test,72
kernel_k11,9,outer_test,76
kernel_k11,9,outer_test,77
kernel_k11,9,outer_test,81
kernel_k11,9,outer_test,85
kernel_k11,9,outer_test,109
kernel_k11,10,inner_train,2
kernel_k11,10,inner_train,3
kernel_k11,10,inner_train,5
kernel_k11,10,inner_train,6
kernel_k11,10,inner_train,7
kernel_k11,10,inner_train,8
kernel_k11,10,inner_train,9
kernel_k11,10,inner_train,11
kernel_k11,10,inner_train,13
kernel_k11,10,inner_train,14
kernel_k11,10,inner_train,15
kernel_k11,10,inner_train,16
kernel_k11,10,inner_train,17
kernel_k11,10,inner_train,18
kernel_k11,10,inner_train,19
kernel_k11,10,inner_train,20
kernel_k11,10,inner_train,21
kernel_k11,10,inner_train,23
kernel_k11,10,inner_train,24
kernel_k11,10,inner_train,25
kernel_k11,10,inner_train,26
kernel_k11,10,inner_train,28
kernel_k11,10,inner_train,29
kernel_k11,10,inner_train,32
kernel_k11,10,inner_train,33
kernel_k11,10,inner_train,35
kernel_k11,10,inner_train,36
kernel_k11,10,inner_train,37
kernel_k11,10,inner_train,39
kernel_k11,10,inner_train,40
kernel_k11,10,inner_train,41
kernel_k11,10,inner_train,42
kernel_k11,10,inner_train,44
kernel_k11,10,inner_train,45
kernel_k11,10,inner_train,46
kernel_k11,10,inner_train,47
kernel_k11,10,inner_train,48
kernel_k11,10,inner_train,49
kernel_k11,10,inner_train,50
kernel_k11,10,inner_train,52
kernel_k11,10,inner_train,53
kernel_k11,10,inner_train,54
kernel_k11,10,inner_train,55
kernel_k11,10,inner_train,58
kernel_k11,10,inner_train,60
kernel_k11,10,inner_train,61
kernel_k11,10,inner_train,62
kernel_k11,10,inner_train,64
kernel_k11,10,inner_train,65
kernel_k11,10,inner_train,66
kernel_k11,10,inner_train,67
kernel_k11,10,inner_train,68
kernel_k11,10,inner_train,69
kernel_k11,10,inner_train,70
kernel_k11,10,inner_train,71
kernel_k11,10,inner_train,72
kernel_k11,10,inner_train,74
kernel_k11,10,inner_train,76
kernel_k11,10,inner_train,77
kernel_k11,10,inner_train,79
kernel_k11,10,inner_train,80
kernel_k11,10,inner_train,81
kernel_k11,10,inner_train,84
kernel_k11,10,inner_train,85
kernel_k11,10,inner_train,86
kernel_k11,10,inner_train,87
kernel_k11,10,inner_train,90
kernel_k11,10,inner_train,91
kernel_k11,10,inner_train,94
kernel_k11,10,inner_train,95
kernel_k11,10,inner_train,96
kernel_k11,10,inner_train,97
kernel_k11,10,inner_train,98
kernel_k11,10,inner_train,99
kernel_k11,10,inner_train,101
kernel_k11,10,inner_train,105
kernel_k11,10,inner_train,107
kernel_k11,10,inner_train,108
kernel_k11,10,inner_train,109
kernel_k11,10,inner_validation,4
kernel_k11,10,inner_validation,10
kernel_k11,10,inner_validation,22
kernel_k11,10,inner_validation,27
kernel_k11,10,inner_validation,31
kernel_k11,10,inner_validation,51
kernel_k11,10,inner_validation,56
kernel_k11,10,inner_validation,59
kernel_k11,10,inner_validation,63
kernel_k11,10,inner_validation,73
kernel_k11,10,inner_validation,75
kernel_k11,10,inner_validation,82
kernel_k11,10,inner_validation,83
kernel_k11,10,inner_validation,102
kernel_k11,10,outer_test,1
kernel_k11,10,outer_test,12
kernel_k11,10,outer_test,30
kernel_k11,10,outer_test,34
kernel_k11,10,outer_test,38
kernel_k11,10,outer_test,57
kernel_k11,10,outer_test,78
kernel_k11,10,outer_test,93
kernel_k11,10,outer_test,103
kernel_k11,10,outer_test,106
kernel_k11_13,1,inner_train,2
kernel_k11_13,1,inner_train,6
kernel_k11_13,1,inner_train,7
kernel_k11_13,1,inner_train,8
kernel_k11_13,1,inner_train,10
kernel_k11_13,1,inner_train,11
kernel_k11_13,1,inner_train,12
kernel_k11_13,1,inner_train,14
kernel_k11_13,1,inner_train,16
kernel_k11_13,1,inner_train,17
kernel_k11_13,1,inner_train,18
kernel_k11_13,1,inner_train,20
kernel_k11_13,1,inner_train,22
kernel_k11_13,1,inner_train,23
kernel_k11_13,1,inner_train,26
kernel_k11_13,1,inner_train,27
kernel_k11_13,1,inner_train,28
kernel_k11_13,1,inner_train,29
kernel_k11_13,1,inner_train,30
kernel_k11_13,1,inner_train,31
kernel_k11_13,1,inner_train,32
kernel_k11_13,1,inner_train,34
kernel_k11_13,1,inner_train,35
kernel_k11_13,1,inner_train,36
kernel_k11_13,1,inner_train,37
kernel_k11_13,1,inner_train,38
kernel_k11_13,1,inner_train,39
kernel_k11_13,1,inner_train,40
kernel_k11_13,1,inner_train,41
kernel_k11_13,1,inner_train,42
kernel_k11_13,1,inner_train,44
kernel_k11_13,1,inner_train,45
kernel_k11_13,1,inner_train,46
kernel_k11_13,1,inner_train,48
kernel_k11_13,1,inner_train,49
kernel_k11_13,1,inner_train,50
kernel_k11_13,1,inner_train,51
kernel_k11_13,1,inner_train,52
kernel_k11_13,1,inner_train,53
kernel_k11_13,1,inner_train,55
kernel_k11_13,1,inner_train,56
kernel_k11_13,1,inner_train,57
kernel_k11_13,1,inner_train,58
kernel_k11_13,1,inner_train,59
kernel_k11_13,1,inner_train,60
kernel_k11_13,1,inner_train,62
kernel_k11_13,1,inner_train,63
kernel_k11_13,1,inner_train,64
kernel_k11_13,1,inner_train,66
kernel_k11_13,1,inner_train,68
kernel_k11_13,1,inner_train,69
kernel_k11_13,1,inner_train,70
kernel_k11_13,1,inner_train,71
kernel_k11_13,1,inner_train,72
kernel_k11_13,1,inner_train,75
kernel_k11_13,1,inner_train,76
kernel_k11_13,1,inner_train,77
kernel_k11_13,1,inner_train,78
kernel_k11_13,1,inner_train,79
kernel_k11_13,1,inner_train,80
kernel_k11_13,1,inner_train,81
kernel_k11_13,1,inner_train,82
kernel_k11_13,1,inner_train,83
kernel_k11_13,1,inner_train,85
kernel_k11_13,1,inner_train,86
kernel_k11_13,1,inner_train,87
kernel_k11_13,1,inner_train,91
kernel_k11_13,1,inner_train,94
kernel_k11_13,1,inner_train,95
kernel_k11_13,1,inner_train,97
kernel_k11_13,1,inner_train,98
kernel_k11_13,1,inner_train,101
kernel_k11_13,1,inner_train,102
kernel_k11_13,1,inner_train,103
kernel_k11_13,1,inner_train,105
kernel_k11_13,1,inner_train,106
kernel_k11_13,1,inner_train,107
kernel_k11_13,1,inner_train,108
kernel_k11_13,1,inner_train,109
kernel_k11_13,1,inner_validation,1
kernel_k11_13,1,inner_validation,5
kernel_k11_13,1,inner_validation,13
kernel_k11_13,1,inner_validation,15
kernel_k11_13,1,inner_validation,19
kernel_k11_13,1,inner_validation,47
kernel_k11_13,1,inner_validation,54
kernel_k11_13,1,inner_validation,65
kernel_k11_13,1,inner_validation,73
kernel_k11_13,1,inner_validation,74
kernel_k11_13,1,inner_validation,84
kernel_k11_13,1,inner_validation,90
kernel_k11_13,1,inner_validation,93
kernel_k11_13,1,inner_validation,99
kernel_k11_13,1,outer_test,3
kernel_k11_13,1,outer_test,4
kernel_k11_13,1,outer_test,9
kernel_k11_13,1,outer_test,21
kernel_k11_13,1,outer_test,24
kernel_k11_13,1,outer_test,25
kernel_k11_13,1,outer_test,33
kernel_k11_13,1,outer_test,61
kernel_k11_13,1,outer_test,67
kernel_k11_13,1,outer_test,96
kernel_k11_13,2,inner_train,1
kernel_k11_13,2,inner_train,2
kernel_k11_13,2,inner_train,3
kernel_k11_13,2,inner_train,4
kernel_k11_13,2,inner_train,5
kernel_k11_13,2,inner_train,6
kernel_k11_13,2,inner_train,7
kernel_k11_13,2,inner_train,9
kernel_k11_13,2,inner_train,11
kernel_k11_13,2,inner_train,12
kernel_k11_13,2,inner_train,13
kernel_k11_13,2,inner_train,14
kernel_k11_13,2,inner_train,15
kernel_k11_13,2,inner_train,17
kernel_k11_13,2,inner_train,18
kernel_k11_13,2,inner_train,20
kernel_k11_13,2,inner_train,21
kernel_k11_13,2,inner_train,22
kernel_k11_13,2,inner_train,24
kernel_k11_13,2,inner_train,25
kernel_k11_13,2,inner_train,26
kernel_k11_13,2,inner_train,27
kernel_k11_13,2,inner_train,29
kernel_k11_13,2,inner_train,30
kernel_k11_13,2,inner_train,31
kernel_k11_13,2,inner_train,32
kernel_k11_13,2,inner_train,33
kernel_k11_13,2,inner_train,34
kernel_k11_13,2,inner_train,36
kernel_k11_13,2,inner_train,37
kernel_k11_13,2,inner_train,39
kernel_k11_13,2,inner_train,40
kernel_k11_13,2,inner_train,41
kernel_k11_13,2,inner_train,42
kernel_k11_13,2,inner_train,44
kernel_k11_13,2,inner_train,47
kernel_k11_13,2,inner_train,48
kernel_k11_13,2,inner_train,50
kernel_k11_13,2,inner_train,52
kernel_k11_13,2,inner_train,53
kernel_k11_13,2,inner_train,55
kernel_k11_13,2,inner_train,56
kernel_k11_13,2,inner_train,57
kernel_k11_13,2,inner_train,58
kernel_k11_13,2,inner_train,59
kernel_k11_13,2,inner_train,60
kernel_k11_13,2,inner_train,62
kernel_k11_13,2,inner_train,64
kernel_k11_13,2,inner_train,65
kernel_k11_13,2,inner_train,66
kernel_k11_13,2,inner_train,68
kernel_k11_13,2,inner_train,69
kernel_k11_13,2,inner_train,70
kernel_k11_13,2,inner_train,71
kernel_k11_13,2,inner_train,72
kernel_k11_13,2,inner_train,75
kernel_k11_13,2,inner_train,76
kernel_k11_13,2,inner_train,77
kernel_k11_13,2,inner_train,78
kernel_k11_13,2,inner_train,80
kernel_k11_13,2,inner_train,81
kernel_k11_13,2,inner_train,83
kernel_k11_13,2,inner_train,85
kernel_k11_13,2,inner_train,86
kernel_k11_13,2,inner_train,87
kernel_k11_13,2,inner_train,90
kernel_k11_13,2,inner_train,91
kernel_k11_13,2,inner_train,93
kernel_k11_13,2,inner_train,94
kernel_k11_13,2,inner_train,95
kernel_k11_13,2,inner_train,96
kernel_k11_13,2,inner_train,97
kernel_k11_13,2,inner_train,98
kernel_k11_13,2,inner_train,99
kernel_k11_13,2,inner_train,102
kernel_k11_13,2,inner_train,103
kernel_k11_13,2,inner_train,105
kernel_k11_13,2,inner_train,106
kernel_k11_13,2,inner_train,107
kernel_k11_13,2,inner_validation,8
kernel_k11_13,2,inner_validation,23
kernel_k11_13,2,inner_validation,28
kernel_k11_13,2,inner_validation,38
kernel_k11_13,2,inner_validation,45
kernel_k11_13,2,inner_validation,49
kernel_k11_13,2,inner_validation,61
kernel_k11_13,2,inner_validation,63
kernel_k11_13,2,inner_validation,67
kernel_k11_13,2,inner_validation,73
kernel_k11_13,2,inner_validation,74
kernel_k11_13,2,inner_validation,84
kernel_k11_13,2,inner_validation,101
kernel_k11_13,2,inner_validation,109
kernel_k11_13,2,outer_test,10
kernel_k11_13,2,outer_test,16
kernel_k11_13,2,outer_test,19
kernel_k11_13,2,outer_test,35
kernel_k11_13,2,outer_test,46
kernel_k11_13,2,outer_test,51
kernel_k11_13,2,outer_test,54
kernel_k11_13,2,outer_test,79
kernel_k11_13,2,outer_test,82
kernel_k11_13,2,outer_test,108
kernel_k11_13,3,inner_train,4
kernel_k11_13,3,inner_train,6
kernel_k11_13,3,inner_train,7
kernel_k11_13,3,inner_train,8
kernel_k11_13,3,inner_train,9
kernel_k11_13,3,inner_train,10
kernel_k11_13,3,inner_train,11
kernel_k11_13,3,inner_train,12
kernel_k11_13,3,inner_train,13
kernel_k11_13,3,inner_train,14
kernel_k11_13,3,inner_train,15
kernel_k11_13,3,inner_train,16
kernel_k11_13,3,inner_train,17
kernel_k11_13,3,inner_train,19
kernel_k11_13,3,inner_train,20
kernel_k11_13,3,inner_train,21
kernel_k11_13,3,inner_train,22
kernel_k11_13,3,inner_train,23
kernel_k11_13,3,inner_train,24
kernel_k11_13,3,inner_train,25
kernel_k11_13,3,inner_train,26
kernel_k11_13,3,inner_train,27
kernel_k11_13,3,inner_train,29
kernel_k11_13,3,inner_train,30
kernel_k11_13,3,inner_train,31
kernel_k11_13,3,inner_train,34
kernel_k11_13,3,inner_train,35
kernel_k11_13,3,inner_train,37
kernel_k11_13,3,inner_train,39
kernel_k11_13,3,inner_train,40
kernel_k11_13,3,inner_train,42
kernel_k11_13,3,inner_train,44
kernel_k11_13,3,inner_train,47
kernel_k11_13,3,inner_train,48
kernel_k11_13,3,inner_train,50
kernel_k11_13,3,inner_train,51
kernel_k11_13,3,inner_train,52
kernel_k11_13,3,inner_train,53
kernel_k11_13,3,inner_train,55
kernel_k11_13,3,inner_train,56
kernel_k11_13,3,inner_train,57
kernel_k11_13,3,inner_train,58
kernel_k11_13,3,inner_train,59
kernel_k11_13,3,inner_train,60
kernel_k11_13,3,inner_train,63
kernel_k11_13,3,inner_train,65
kernel_k11_13,3,inner_train,66
kernel_k11_13,3,inner_train,67
kernel_k11_13,3,inner_train,69
kernel_k11_13,3,inner_train,70
kernel_k11_13,3,inner_train,71
kernel_k11_13,3,inner_train,72
kernel_k11_13,3,inner_train,73
kernel_k11_13,3,inner_train,76
kernel_k11_13,3,inner_train,77
kernel_k11_13,3,inner_train,78
kernel_k11_13,3,inner_train,79
kernel_k11_13,3,inner_train,81
kernel_k11_13,3,inner_train,82
kernel_k11_13,3,inner_train,83
kernel_k11_13,3,inner_train,84
kernel_k11_13,3,inner_train,85
kernel_k11_13,3,inner_train,86
kernel_k11_13,3,inner_train,87
kernel_k11_13,3,inner_train,90
kernel_k11_13,3,inner_train,91
kernel_k11_13,3,inner_train,94
kernel_k11_13,3,inner_train,95
kernel_k11_13,3,inner_train,96
kernel_k11_13,3,inner_train,97
kernel_k11_13,3,inner_train,98
kernel_k11_13,3,inner_train,99
kernel_k11_13,3,inner_train,101
kernel_k11_13,3,inner_train,102
kernel_k11_13,3,inner_train,103
kernel_k11_13,3,inner_train,106
kernel_k11_13,3,inner_train,107
kernel_k11_13,3,inner_train,108
kernel_k11_13,3,inner_train,109
kernel_k11_13,3,inner_validation,1
kernel_k11_13,3,inner_validation,2
kernel_k11_13,3,inner_validation,3
kernel_k11_13,3,inner_validation,5
kernel_k11_13,3,inner_validation,33
kernel_k11_13,3,inner_validation,38
kernel_k11_13,3,inner_validation,46
kernel_k11_13,3,inner_validation,54
kernel_k11_13,3,inner_validation,61
kernel_k11_13,3,inner_validation,64
kernel_k11_13,3,inner_validation,68
kernel_k11_13,3,inner_validation,74
kernel_k11_13,3,inner_validation,80
kernel_k11_13,3,inner_validation,93
kernel_k11_13,3,outer_test,18
kernel_k11_13,3,outer_test,28
kernel_k11_13,3,outer_test,32
kernel_k11_13,3,outer_test,36
kernel_k11_13,3,outer_test,41
kernel_k11_13,3,outer_test,45
kernel_k11_13,3,outer_test,49
kernel_k11_13,3,outer_test,62
kernel_k11_13,3,outer_test,75
kernel_k11_13,3,outer_test,105
kernel_k11_13,4,inner_train,1
kernel_k11_13,4,inner_train,2
kernel_k11_13,4,inner_train,3
kernel_k11_13,4,inner_train,4
kernel_k11_13,4,inner_train,5
kernel_k11_13,4,inner_train,6
kernel_k11_13,4,inner_train,7
kernel_k11_13,4,inner_train,9
kernel_k11_13,4,inner_train,10
kernel_k11_13,4,inner_train,11
kernel_k11_13,4,inner_train,14
kernel_k11_13,4,inner_train,16
kernel_k11_13,4,inner_train,17
kernel_k11_13,4,inner_train,18
kernel_k11_13,4,inner_train,19
kernel_k11_13,4,inner_train,20
kernel_k11_13,4,inner_train,21
kernel_k11_13,4,inner_train,23
kernel_k11_13,4,inner_train,24
kernel_k11_13,4,inner_train,25
kernel_k11_13,4,inner_train,26
kernel_k11_13,4,inner_train,28
kernel_k11_13,4,inner_train,29
kernel_k11_13,4,inner_train,30
kernel_k11_13,4,inner_train,32
kernel_k11_13,4,inner_train,34
kernel_k11_13,4,inner_train,35
kernel_k11_13,4,inner_train,36
kernel_k11_13,4,inner_train,38
kernel_k11_13,4,inner_train,39
kernel_k11_13,4,inner_train,41
kernel_k11_13,4,inner_train,45
kernel_k11_13,4,inner_train,46
kernel_k11_13,4,inner_train,47
kernel_k11_13,4,inner_train,49
kernel_k11_13,4,inner_train,50
kernel_k11_13,4,inner_train,51
kernel_k11_13,4,inner_train,52
kernel_k11_13,4,inner_train,54
kernel_k11_13,4,inner_train,57
kernel_k11_13,4,inner_train,58
kernel_k11_13,4,inner_train,59
kernel_k11_13,4,inner_train,60
kernel_k11_13,4,inner_train,61
kernel_k11_13,4,inner_train,62
kernel_k11_13,4,inner_train,63
kernel_k11_13,4,inner_train,64
kernel_k11_13,4,inner_train,65
kernel_k11_13,4,inner_train,67
kernel_k11_13,4,inner_train,68
kernel_k11_13,4,inner_train,69
kernel_k11_13,4,inner_train,70
kernel_k11_13,4,inner_train,71
kernel_k11_13,4,inner_train,72
kernel_k11_13,4,inner_train,73
kernel_k11_13,4,inner_train,75
kernel_k11_13,4,inner_train,76
kernel_k11_13,4,inner_train,79
kernel_k11_13,4,inner_train,80
kernel_k11_13,4,inner_train,81
kernel_k11_13,4,inner_train,82
kernel_k11_13,4,inner_train,83
kernel_k11_13,4,inner_train,84
kernel_k11_13,4,inner_train,85
kernel_k11_13,4,inner_train,87
kernel_k11_13,4,inner_train,90
kernel_k11_13,4,inner_train,91
kernel_k11_13,4,inner_train,93
kernel_k11_13,4,inner_train,94
kernel_k11_13,4,inner_train,95
kernel_k11_13,4,inner_train,96
kernel_k11_13,4,inner_train,97
kernel_k11_13,4,inner_train,99
kernel_k11_13,4,inner_train,101
kernel_k11_13,4,inner_train,102
kernel_k11_13,4,inner_train,105
kernel_k11_13,4,inner_train,106
kernel_k11_13,4,inner_train,108
kernel_k11_13,4,inner_train,109
kernel_k11_13,4,inner_validation,12
kernel_k11_13,4,inner_validation,13
kernel_k11_13,4,inner_validation,15
kernel_k11_13,4,inner_validation,22
kernel_k11_13,4,inner_validation,33
kernel_k11_13,4,inner_validation,37
kernel_k11_13,4,inner_validation,44
kernel_k11_13,4,inner_validation,53
kernel_k11_13,4,inner_validation,56
kernel_k11_13,4,inner_validation,74
kernel_k11_13,4,inner_validation,77
kernel_k11_13,4,inner_validation,78
kernel_k11_13,4,inner_validation,98
kernel_k11_13,4,inner_validation,103
kernel_k11_13,4,outer_test,8
kernel_k11_13,4,outer_test,27
kernel_k11_13,4,outer_test,31
kernel_k11_13,4,outer_test,40
kernel_k11_13,4,outer_test,42
kernel_k11_13,4,outer_test,48
kernel_k11_13,4,outer_test,55
kernel_k11_13,4,outer_test,66
kernel_k11_13,4,outer_test,86
kernel_k11_13,4,outer_test,107
kernel_k11_13,5,inner_train,2
kernel_k11_13,5,inner_train,3
kernel_k11_13,5,inner_train,4
kernel_k11_13,5,inner_train,5
kernel_k11_13,5,inner_train,6
kernel_k11_13,5,inner_train,7
kernel_k11_13,5,inner_train,8
kernel_k11_13,5,inner_train,9
kernel_k11_13,5,inner_train,10
kernel_k11_13,5,inner_train,11
kernel_k11_13,5,inner_train,12
kernel_k11_13,5,inner_train,13
kernel_k11_13,5,inner_train,14
kernel_k11_13,5,inner_train,17
kernel_k11_13,5,inner_train,18
kernel_k11_13,5,inner_train,20
kernel_k11_13,5,inner_train,21
kernel_k11_13,5,inner_train,22
kernel_k11_13,5,inner_train,24
kernel_k11_13,5,inner_train,25
kernel_k11_13,5,inner_train,26
kernel_k11_13,5,inner_train,27
kernel_k11_13,5,inner_train,29
kernel_k11_13,5,inner_train,30
kernel_k11_13,5,inner_train,31
kernel_k11_13,5,inner_train,33
kernel_k11_13,5,inner_train,34
kernel_k11_13,5,inner_train,35
kernel_k11_13,5,inner_train,36
kernel_k11_13,5,inner_train,37
kernel_k11_13,5,inner_train,38
kernel_k11_13,5,inner_train,39
kernel_k11_13,5,inner_train,42
kernel_k11_13,5,inner_train,44
kernel_k11_13,5,inner_train,45
kernel_k11_13,5,inner_train,46
kernel_k11_13,5,inner_train,47
kernel_k11_13,5,inner_train,48
kernel_k11_13,5,inner_train,49
kernel_k11_13,5,inner_train,52
kernel_k11_13,5,inner_train,54
kernel_k11_13,5,inner_train,55
kernel_k11_13,5,inner_train,56
kernel_k11_13,5,inner_train,57
kernel_k11_13,5,inner_train,60
kernel_k11_13,5,inner_train,61
kernel_k11_13,5,inner_train,63
kernel_k11_13,5,inner_train,64
kernel_k11_13,5,inner_train,65
kernel_k11_13,5,inner_train,66
kernel_k11_13,5,inner_train,67
kernel_k11_13,5,inner_train,68
kernel_k11_13,5,inner_train,69
kernel_k11_13,5,inner_train,70
kernel_k11_13,5,inner_train,71
kernel_k11_13,5,inner_train,72
kernel_k11_13,5,inner_train,73
kernel_k11_13,5,inner_train,74
kernel_k11_13,5,inner_train,75
kernel_k11_13,5,inner_train,76
kernel_k11_13,5,inner_train,77
kernel_k11_13,5,inner_train,78
kernel_k11_13,5,inner_train,79
kernel_k11_13,5,inner_train,81
kernel_k11_13,5,inner_train,82
kernel_k11_13,5,inner_train,83
kernel_k11_13,5,inner_train,84
kernel_k11_13,5,inner_train,85
kernel_k11_13,5,inner_train,86
kernel_k11_13,5,inner_train,91
kernel_k11_13,5,inner_train,93
kernel_k11_13,5,inner_train,98
kernel_k11_13,5,inner_train,101
kernel_k11_13,5,inner_train,102
kernel_k11_13,5,inner_train,105
kernel_k11_13,5,inner_train,106
kernel_k11_13,5,inner_train,107
kernel_k11_13,5,inner_train,108
kernel_k11_13,5,inner_train,109
kernel_k11_13,5,inner_validation,1
kernel_k11_13,5,inner_validation,16
kernel_k11_13,5,inner_validation,19
kernel_k11_13,5,inner_validation,28
kernel_k11_13,5,inner_validation,32
kernel_k11_13,5,inner_validation,40
kernel_k11_13,5,inner_validation,41
kernel_k11_13,5,inner_validation,51
kernel_k11_13,5,inner_validation,62
kernel_k11_13,5,inner_validation,87
kernel_k11_13,5,inner_validation,95
kernel_k11_13,5,inner_validation,96
kernel_k11_13,5,inner_validation,97
kernel_k11_13,5,inner_validation,103
kernel_k11_13,5,outer_test,15
kernel_k11_13,5,outer_test,23
kernel_k11_13,5,outer_test,50
kernel_k11_13,5,outer_test,53
kernel_k11_13,5,outer_test,58
kernel_k11_13,5,outer_test,59
kernel_k11_13,5,outer_test,80
kernel_k11_13,5,outer_test,90
kernel_k11_13,5,outer_test,94
kernel_k11_13,5,outer_test,99
kernel_k11_13,6,inner_train,1
kernel_k11_13,6,inner_train,3
kernel_k11_13,6,inner_train,4
kernel_k11_13,6,inner_train,5
kernel_k11_13,6,inner_train,6
kernel_k11_13,6,inner_train,8
kernel_k11_13,6,inner_train,9
kernel_k11_13,6,inner_train,12
kernel_k11_13,6,inner_train,15
kernel_k11_13,6,inner_train,16
kernel_k11_13,6,inner_train,17
kernel_k11_13,6,inner_train,18
kernel_k11_13,6,inner_train,19
kernel_k11_13,6,inner_train,22
kernel_k11_13,6,inner_train,23
kernel_k11_13,6,inner_train,24
kernel_k11_13,6,inner_train,25
kernel_k11_13,6,inner_train,26
kernel_k11_13,6,inner_train,27
kernel_k11_13,6,inner_train,30
kernel_k11_13,6,inner_train,31
kernel_k11_13,6,inner_train,32
kernel_k11_13,6,inner_train,33
kernel_k11_13,6,inner_train,34
kernel_k11_13,6,inner_train,35
kernel_k11_13,6,inner_train,36
kernel_k11_13,6,inner_train,37
kernel_k11_13,6,inner_train,38
kernel_k11_13,6,inner_train,39
kernel_k11_13,6,inner_train,40
kernel_k11_13,6,inner_train,41
kernel_k11_13,6,inner_train,42
kernel_k11_13,6,inner_train,44
kernel_k11_13,6,inner_train,45
kernel_k11_13,6,inner_train,46
kernel_k11_13,6,inner_train,49
kernel_k11_13,6,inner_train,51
kernel_k11_13,6,inner_train,52
kernel_k11_13,6,inner_train,53
kernel_k11_13,6,inner_train,54
kernel_k11_13,6,inner_train,55
kernel_k11_13,6,inner_train,56
kernel_k11_13,6,inner_train,57
kernel_k11_13,6,inner_train,58
kernel_k11_13,6,inner_train,59
kernel_k11_13,6,inner_train,60
kernel_k11_13,6,inner_train,61
kernel_k11_13,6,inner_train,62
kernel_k11_13,6,inner_train,64
kernel_k11_13,6,inner_train,65
kernel_k11_13,6,inner_train,66
kernel_k11_13,6,inner_train,67
kernel_k11_13,6,inner_train,68
kernel_k11_13,6,inner_train,69
kernel_k11_13,6,inner_train,70
kernel_k11_13,6,inner_train,72
kernel_k11_13,6,inner_train,73
kernel_k11_13,6,inner_train,74
kernel_k11_13,6,inner_train,75
kernel_k11_13,6,inner_train,76
kernel_k11_13,6,inner_train,77
kernel_k11_13,6,inner_train,78
kernel_k11_13,6,inner_train,79
kernel_k11_13,6,inner_train,80
kernel_k11_13,6,inner_train,81
kernel_k11_13,6,inner_train,82
kernel_k11_13,6,inner_train,85
kernel_k11_13,6,inner_train,87
kernel_k11_13,6,inner_train,90
kernel_k11_13,6,inner_train,93
kernel_k11_13,6,inner_train,94
kernel_k11_13,6,inner_train,96
kernel_k11_13,6,inner_train,97
kernel_k11_13,6,inner_train,102
kernel_k11_13,6,inner_train,105
kernel_k11_13,6,inner_train,106
kernel_k11_13,6,inner_train,107
kernel_k11_13,6,inner_train,108
kernel_k11_13,6,inner_train,109
kernel_k11_13,6,inner_validation,7
kernel_k11_13,6,inner_validation,10
kernel_k11_13,6,inner_validation,11
kernel_k11_13,6,inner_validation,14
kernel_k11_13,6,inner_validation,21
kernel_k11_13,6,inner_validation,28
kernel_k11_13,6,inner_validation,48
kernel_k11_13,6,inner_validation,50
kernel_k11_13,6,inner_validation,63
kernel_k11_13,6,inner_validation,86
kernel_k11_13,6,inner_validation,91
kernel_k11_13,6,inner_validation,95
kernel_k11_13,6,inner_validation,99
kernel_k11_13,6,inner_validation,103
kernel_k11_13,6,outer_test,2
kernel_k11_13,6,outer_test,13
kernel_k11_13,6,outer_test,20
kernel_k11_13,6,outer_test,29
kernel_k11_13,6,outer_test,47
kernel_k11_13,6,outer_test,71
kernel_k11_13,6,outer_test,83
kernel_k11_13,6,outer_test,84
kernel_k11_13,6,outer_test,98
kernel_k11_13,6,outer_test,101
kernel_k11_13,7,inner_train,3
kernel_k11_13,7,inner_train,4
kernel_k11_13,7,inner_train,7
kernel_k11_13,7,inner_train,8
kernel_k11_13,7,inner_train,9
kernel_k11_13,7,inner_train,10
kernel_k11_13,7,inner_train,11
kernel_k11_13,7,inner_train,12
kernel_k11_13,7,inner_train,13
kernel_k11_13,7,inner_train,14
kernel_k11_13,7,inner_train,15
kernel_k11_13,7,inner_train,16
kernel_k11_13,7,inner_train,17
kernel_k11_13,7,inner_train,18
kernel_k11_13,7,inner_train,19
kernel_k11_13,7,inner_train,20
kernel_k11_13,7,inner_train,21
kernel_k11_13,7,inner_train,22
kernel_k11_13,7,inner_train,23
kernel_k11_13,7,inner_train,24
kernel_k11_13,7,inner_train,26
kernel_k11_13,7,inner_train,27
kernel_k11_13,7,inner_train,29
kernel_k11_13,7,inner_train,30
kernel_k11_13,7,inner_train,32
kernel_k11_13,7,inner_train,33
kernel_k11_13,7,inner_train,34
kernel_k11_13,7,inner_train,35
kernel_k11_13,7,inner_train,36
kernel_k11_13,7,inner_train,38
kernel_k11_13,7,inner_train,39
kernel_k11_13,7,inner_train,40
kernel_k11_13,7,inner_train,41
kernel_k11_13,7,inner_train,42
kernel_k11_13,7,inner_train,45
kernel_k11_13,7,inner_train,46
kernel_k11_13,7,inner_train,47
kernel_k11_13,7,inner_train,48
kernel_k11_13,7,inner_train,49
kernel_k11_13,7,inner_train,50
kernel_k11_13,7,inner_train,51
kernel_k11_13,7,inner_train,52
kernel_k11_13,7,inner_train,53
kernel_k11_13,7,inner_train,55
kernel_k11_13,7,inner_train,57
kernel_k11_13,7,inner_train,58
kernel_k11_13,7,inner_train,59
kernel_k11_13,7,inner_train,61
kernel_k11_13,7,inner_train,62
kernel_k11_13,7,inner_train,63
kernel_k11_13,7,inner_train,67
kernel_k11_13,7,inner_train,69
kernel_k11_13,7,inner_train,70
kernel_k11_13,7,inner_train,71
kernel_k11_13,7,inner_train,72
kernel_k11_13,7,inner_train,73
kernel_k11_13,7,inner_train,77
kernel_k11_13,7,inner_train,78
kernel_k11_13,7,inner_train,79
kernel_k11_13,7,inner_train,80
kernel_k11_13,7,inner_train,81
kernel_k11_13,7,inner_train,82
kernel_k11_13,7,inner_train,84
kernel_k11_13,7,inner_train,85
kernel_k11_13,7,inner_train,87
kernel_k11_13,7,inner_train,90
kernel_k11_13,7,inner_train,93
kernel_k11_13,7,inner_train,94
kernel_k11_13,7,inner_train,95
kernel_k11_13,7,inner_train,96
kernel_k11_13,7,inner_train,98
kernel_k11_13,7,inner_train,99
kernel_k11_13,7,inner_train,101
kernel_k11_13,7,inner_train,105
kernel_k11_13,7,inner_train,106
kernel_k11_13,7,inner_train,107
kernel_k11_13,7,inner_train,108
kernel_k11_13,7,inner_train,109
kernel_k11_13,7,inner_validation,1
kernel_k11_13,7,inner_validation,2
kernel_k11_13,7,inner_validation,25
kernel_k11_13,7,inner_validation,28
kernel_k11_13,7,inner_validation,31
kernel_k11_13,7,inner_validation,54
kernel_k11_13,7,inner_validation,56
kernel_k11_13,7,inner_validation,66
kernel_k11_13,7,inner_validation,74
kernel_k11_13,7,inner_validation,75
kernel_k11_13,7,inner_validation,76
kernel_k11_13,7,inner_validation,83
kernel_k11_13,7,inner_validation,86
kernel_k11_13,7,inner_validation,103
kernel_k11_13,7,outer_test,5
kernel_k11_13,7,outer_test,6
kernel_k11_13,7,outer_test,37
kernel_k11_13,7,outer_test,44
kernel_k11_13,7,outer_test,60
kernel_k11_13,7,outer_test,64
kernel_k11_13,7,outer_test,65
kernel_k11_13,7,outer_test,68
kernel_k11_13,7,outer_test,91
kernel_k11_13,7,outer_test,97
kernel_k11_13,7,outer_test,102
kernel_k11_13,8,inner_train,1
kernel_k11_13,8,inner_train,2
kernel_k11_13,8,inner_train,3
kernel_k11_13,8,inner_train,4
kernel_k11_13,8,inner_train,5
kernel_k11_13,8,inner_train,6
kernel_k11_13,8,inner_train,8
kernel_k11_13,8,inner_train,9
kernel_k11_13,8,inner_train,11
kernel_k11_13,8,inner_train,12
kernel_k11_13,8,inner_train,13
kernel_k11_13,8,inner_train,14
kernel_k11_13,8,inner_train,15
kernel_k11_13,8,inner_train,16
kernel_k11_13,8,inner_train,18
kernel_k11_13,8,inner_train,22
kernel_k11_13,8,inner_train,23
kernel_k11_13,8,inner_train,25
kernel_k11_13,8,inner_train,27
kernel_k11_13,8,inner_train,28
kernel_k11_13,8,inner_train,29
kernel_k11_13,8,inner_train,30
kernel_k11_13,8,inner_train,31
kernel_k11_13,8,inner_train,32
kernel_k11_13,8,inner_train,33
kernel_k11_13,8,inner_train,34
kernel_k11_13,8,inner_train,35
kernel_k11_13,8,inner_train,36
kernel_k11_13,8,inner_train,37
kernel_k11_13,8,inner_train,38
kernel_k11_13,8,inner_train,39
kernel_k11_13,8,inner_train,40
kernel_k11_13,8,inner_train,41
kernel_k11_13,8,inner_train,42
kernel_k11_13,8,inner_train,44
kernel_k11_13,8,inner_train,46
kernel_k11_13,8,inner_train,48
kernel_k11_13,8,inner_train,49
kernel_k11_13,8,inner_train,50
kernel_k11_13,8,inner_train,51
kernel_k11_13,8,inner_train,52
kernel_k11_13,8,inner_train,53
kernel_k11_13,8,inner_train,54
kernel_k11_13,8,inner_train,55
kernel_k11_13,8,inner_train,57
kernel_k11_13,8,inner_train,58
kernel_k11_13,8,inner_train,59
kernel_k11_13,8,inner_train,60
kernel_k11_13,8,inner_train,62
kernel_k11_13,8,inner_train,67
kernel_k11_13,8,inner_train,68
kernel_k11_13,8,inner_train,71
kernel_k11_13,8,inner_train,72
kernel_k11_13,8,inner_train,75
kernel_k11_13,8,inner_train,76
kernel_k11_13,8,inner_train,77
kernel_k11_13,8,inner_train,78
kernel_k11_13,8,inner_train,79
kernel_k11_13,8,inner_train,80
kernel_k11_13,8,inner_train,81
kernel_k11_13,8,inner_train,82
kernel_k11_13,8,inner_train,84
kernel_k11_13,8,inner_train,85
kernel_k11_13,8,inner_train,90
kernel_k11_13,8,inner_train,91
kernel_k11_13,8,inner_train,93
kernel_k11_13,8,inner_train,94
kernel_k11_13,8,inner_train,96
kernel_k11_13,8,inner_train,97
kernel_k11_13,8,inner_train,99
kernel_k11_13,8,inner_train,101
kernel_k11_13,8,inner_train,102
kernel_k11_13,8,inner_train,103
kernel_k11_13,8,inner_train,105
kernel_k11_13,8,inner_train,106
kernel_k11_13,8,inner_train,107
kernel_k11_13,8,inner_train,108
kernel_k11_13,8,inner_train,109
kernel_k11_13,8,inner_validation,10
kernel_k11_13,8,inner_validation,19
kernel_k11_13,8,inner_validation,20
kernel_k11_13,8,inner_validation,21
kernel_k11_13,8,inner_validation,24
kernel_k11_13,8,inner_validation,45
kernel_k11_13,8,inner_validation,47
kernel_k11_13,8,inner_validation,61
kernel_k11_13,8,inner_validation,64
kernel_k11_13,8,inner_validation,65
kernel_k11_13,8,inner_validation,66
kernel_k11_13,8,inner_validation,83
kernel_k11_13,8,inner_validation,86
kernel_k11_13,8,inner_validation,98
kernel_k11_13,8,outer_test,7
kernel_k11_13,8,outer_test,17
kernel_k11_13,8,outer_test,26
kernel_k11_13,8,outer_test,56
kernel_k11_13,8,outer_test,63
kernel_k11_13,8,outer_test,69
kernel_k11_13,8,outer_test,70
kernel_k11_13,8,outer_test,73
kernel_k11_13,8,outer_test,74
kernel_k11_13,8,outer_test,87
kernel_k11_13,8,outer_test,95
kernel_k11_13,9,inner_train,2
kernel_k11_13,9,inner_train,4
kernel_k11_13,9,inner_train,6
kernel_k11_13,9,inner_train,7
kernel_k11_13,9,inner_train,8
kernel_k11_13,9,inner_train,9
kernel_k11_13,9,inner_train,10
kernel_k11_13,9,inner_train,12
kernel_k11_13,9,inner_train,13
kernel_k11_13,9,inner_train,16
kernel_k11_13,9,inner_train,17
kernel_k11_13,9,inner_train,18
kernel_k11_13,9,inner_train,19
kernel_k11_13,9,inner_train,20
kernel_k11_13,9,inner_train,21
kernel_k11_13,9,inner_train,24
kernel_k11_13,9,inner_train,25
kernel_k11_13,9,inner_train,26
kernel_k11_13,9,inner_train,27
kernel_k11_13,9,inner_train,28
kernel_k11_13,9,inner_train,29
kernel_k11_13,9,inner_train,30
kernel_k11_13,9,inner_train,31
kernel_k11_13,9,inner_train,32
kernel_k11_13,9,inner_train,33
kernel_k11_13,9,inner_train,34
kernel_k11_13,9,inner_train,35
kernel_k11_13,9,inner_train,36
kernel_k11_13,9,inner_train,37
kernel_k11_13,9,inner_train,38
kernel_k11_13,9,inner_train,40
kernel_k11_13,9,inner_train,41
kernel_k11_13,9,inner_train,42
kernel_k11_13,9,inner_train,44
kernel_k11_13,9,inner_train,45
kernel_k11_13,9,inner_train,46
kernel_k11_13,9,inner_train,47
kernel_k11_13,9,inner_train,48
kernel_k11_13,9,inner_train,49
kernel_k11_13,9,inner_train,51
kernel_k11_13,9,inner_train,53
kernel_k11_13,9,inner_train,55
kernel_k11_13,9,inner_train,57
kernel_k11_13,9,inner_train,58
kernel_k11_13,9,inner_train,59
kernel_k11_13,9,inner_train,60
kernel_k11_13,9,inner_train,61
kernel_k11_13,9,inner_train,62
kernel_k11_13,9,inner_train,63
kernel_k11_13,9,inner_train,64
kernel_k11_13,9,inner_train,65
kernel_k11_13,9,inner_train,66
kernel_k11_13,9,inner_train,67
kernel_k11_13,9,inner_train,68
kernel_k11_13,9,inner_train,69
kernel_k11_13,9,inner_train,70
kernel_k11_13,9,inner_train,74
kernel_k11_13,9,inner_train,75
kernel_k11_13,9,inner_train,78
kernel_k11_13,9,inner_train,79
kernel_k11_13,9,inner_train,83
kernel_k11_13,9,inner_train,84
kernel_k11_13,9,inner_train,86
kernel_k11_13,9,inner_train,87
kernel_k11_13,9,inner_train,90
kernel_k11_13,9,inner_train,91
kernel_k11_13,9,inner_train,93
kernel_k11_13,9,inner_train,94
kernel_k11_13,9,inner_train,95
kernel_k11_13,9,inner_train,97
kernel_k11_13,9,inner_train,98
kernel_k11_13,9,inner_train,99
kernel_k11_13,9,inner_train,101
kernel_k11_13,9,inner_train,103
kernel_k11_13,9,inner_train,105
kernel_k11_13,9,inner_train,106
kernel_k11_13,9,inner_train,107
kernel_k11_13,9,inner_train,108
kernel_k11_13,9,inner_validation,1
kernel_k11_13,9,inner_validation,3
kernel_k11_13,9,inner_validation,5
kernel_k11_13,9,inner_validation,15
kernel_k11_13,9,inner_validation,23
kernel_k11_13,9,inner_validation,50
kernel_k11_13,9,inner_validation,54
kernel_k11_13,9,inner_validation,56
kernel_k11_13,9,inner_validation,71
kernel_k11_13,9,inner_validation,73
kernel_k11_13,9,inner_validation,80
kernel_k11_13,9,inner_validation,82
kernel_k11_13,9,inner_validation,96
kernel_k11_13,9,inner_validation,102
kernel_k11_13,9,outer_test,11
kernel_k11_13,9,outer_test,14
kernel_k11_13,9,outer_test,22
kernel_k11_13,9,outer_test,39
kernel_k11_13,9,outer_test,52
kernel_k11_13,9,outer_test,72
kernel_k11_13,9,outer_test,76
kernel_k11_13,9,outer_test,77
kernel_k11_13,9,outer_test,81
kernel_k11_13,9,outer_test,85
kernel_k11_13,9,outer_test,109
kernel_k11_13,10,inner_train,2
kernel_k11_13,10,inner_train,3
kernel_k11_13,10,inner_train,5
kernel_k11_13,10,inner_train,6
kernel_k11_13,10,inner_train,7
kernel_k11_13,10,inner_train,8
kernel_k11_13,10,inner_train,9
kernel_k11_13,10,inner_train,11
kernel_k11_13,10,inner_train,13
kernel_k11_13,10,inner_train,14
kernel_k11_13,10,inner_train,15
kernel_k11_13,10,inner_train,16
kernel_k11_13,10,inner_train,17
kernel_k11_13,10,inner_train,18
kernel_k11_13,10,inner_train,19
kernel_k11_13,10,inner_train,20
kernel_k11_13,10,inner_train,21
kernel_k11_13,10,inner_train,23
kernel_k11_13,10,inner_train,24
kernel_k11_13,10,inner_train,25
kernel_k11_13,10,inner_train,26
kernel_k11_13,10,inner_train,28
kernel_k11_13,10,inner_train,29
kernel_k11_13,10,inner_train,32
kernel_k11_13,10,inner_train,33
kernel_k11_13,10,inner_train,35
kernel_k11_13,10,inner_train,36
kernel_k11_13,10,inner_train,37
kernel_k11_13,10,inner_train,39
kernel_k11_13,10,inner_train,40
kernel_k11_13,10,inner_train,41
kernel_k11_13,10,inner_train,42
kernel_k11_13,10,inner_train,44
kernel_k11_13,10,inner_train,45
kernel_k11_13,10,inner_train,46
kernel_k11_13,10,inner_train,47
kernel_k11_13,10,inner_train,48
kernel_k11_13,10,inner_train,49
kernel_k11_13,10,inner_train,50
kernel_k11_13,10,inner_train,52
kernel_k11_13,10,inner_train,53
kernel_k11_13,10,inner_train,54
kernel_k11_13,10,inner_train,55
kernel_k11_13,10,inner_train,58
kernel_k11_13,10,inner_train,60
kernel_k11_13,10,inner_train,61
kernel_k11_13,10,inner_train,62
kernel_k11_13,10,inner_train,64
kernel_k11_13,10,inner_train,65
kernel_k11_13,10,inner_train,66
kernel_k11_13,10,inner_train,67
kernel_k11_13,10,inner_train,68
kernel_k11_13,10,inner_train,69
kernel_k11_13,10,inner_train,70
kernel_k11_13,10,inner_train,71
kernel_k11_13,10,inner_train,72
kernel_k11_13,10,inner_train,74
kernel_k11_13,10,inner_train,76
kernel_k11_13,10,inner_train,77
kernel_k11_13,10,inner_train,79
kernel_k11_13,10,inner_train,80
kernel_k11_13,10,inner_train,81
kernel_k11_13,10,inner_train,84
kernel_k11_13,10,inner_train,85
kernel_k11_13,10,inner_train,86
kernel_k11_13,10,inner_train,87
kernel_k11_13,10,inner_train,90
kernel_k11_13,10,inner_train,91
kernel_k11_13,10,inner_train,94
kernel_k11_13,10,inner_train,95
kernel_k11_13,10,inner_train,96
kernel_k11_13,10,inner_train,97
kernel_k11_13,10,inner_train,98
kernel_k11_13,10,inner_train,99
kernel_k11_13,10,inner_train,101
kernel_k11_13,10,inner_train,105
kernel_k11_13,10,inner_train,107
kernel_k11_13,10,inner_train,108
kernel_k11_13,10,inner_train,109
kernel_k11_13,10,inner_validation,4
kernel_k11_13,10,inner_validation,10
kernel_k11_13,10,inner_validation,22
kernel_k11_13,10,inner_validation,27
kernel_k11_13,10,inner_validation,31
kernel_k11_13,10,inner_validation,51
kernel_k11_13,10,inner_validation,56
kernel_k11_13,10,inner_validation,59
kernel_k11_13,10,inner_validation,63
kernel_k11_13,10,inner_validation,73
kernel_k11_13,10,inner_validation,75
kernel_k11_13,10,inner_validation,82
kernel_k11_13,10,inner_validation,83
kernel_k11_13,10,inner_validation,102
kernel_k11_13,10,outer_test,1
kernel_k11_13,10,outer_test,12
kernel_k11_13,10,outer_test,30
kernel_k11_13,10,outer_test,34
kernel_k11_13,10,outer_test,38
kernel_k11_13,10,outer_test,57
kernel_k11_13,10,outer_test,78
kernel_k11_13,10,outer_test,93
kernel_k11_13,10,outer_test,103
kernel_k11_13,10,outer_test,106
kernel_k13,1,inner_train,2
kernel_k13,1,inner_train,6
kernel_k13,1,inner_train,7
kernel_k13,1,inner_train,8
kernel_k13,1,inner_train,10
kernel_k13,1,inner_train,11
kernel_k13,1,inner_train,12
kernel_k13,1,inner_train,14
kernel_k13,1,inner_train,16
kernel_k13,1,inner_train,17
kernel_k13,1,inner_train,18
kernel_k13,1,inner_train,20
kernel_k13,1,inner_train,22
kernel_k13,1,inner_train,23
kernel_k13,1,inner_train,26
kernel_k13,1,inner_train,27
kernel_k13,1,inner_train,28
kernel_k13,1,inner_train,29
kernel_k13,1,inner_train,30
kernel_k13,1,inner_train,31
kernel_k13,1,inner_train,32
kernel_k13,1,inner_train,34
kernel_k13,1,inner_train,35
kernel_k13,1,inner_train,36
kernel_k13,1,inner_train,37
kernel_k13,1,inner_train,38
kernel_k13,1,inner_train,39
kernel_k13,1,inner_train,40
kernel_k13,1,inner_train,41
kernel_k13,1,inner_train,42
kernel_k13,1,inner_train,44
kernel_k13,1,inner_train,45
kernel_k13,1,inner_train,46
kernel_k13,1,inner_train,48
kernel_k13,1,inner_train,49
kernel_k13,1,inner_train,50
kernel_k13,1,inner_train,51
kernel_k13,1,inner_train,52
kernel_k13,1,inner_train,53
kernel_k13,1,inner_train,55
kernel_k13,1,inner_train,56
kernel_k13,1,inner_train,57
kernel_k13,1,inner_train,58
kernel_k13,1,inner_train,59
kernel_k13,1,inner_train,60
kernel_k13,1,inner_train,62
kernel_k13,1,inner_train,63
kernel_k13,1,inner_train,64
kernel_k13,1,inner_train,66
kernel_k13,1,inner_train,68
kernel_k13,1,inner_train,69
kernel_k13,1,inner_train,70
kernel_k13,1,inner_train,71
kernel_k13,1,inner_train,72
kernel_k13,1,inner_train,75
kernel_k13,1,inner_train,76
kernel_k13,1,inner_train,77
kernel_k13,1,inner_train,78
kernel_k13,1,inner_train,79
kernel_k13,1,inner_train,80
kernel_k13,1,inner_train,81
kernel_k13,1,inner_train,82
kernel_k13,1,inner_train,83
kernel_k13,1,inner_train,85
kernel_k13,1,inner_train,86
kernel_k13,1,inner_train,87
kernel_k13,1,inner_train,91
kernel_k13,1,inner_train,94
kernel_k13,1,inner_train,95
kernel_k13,1,inner_train,97
kernel_k13,1,inner_train,98
kernel_k13,1,inner_train,101
kernel_k13,1,inner_train,102
kernel_k13,1,inner_train,103
kernel_k13,1,inner_train,105
kernel_k13,1,inner_train,106
kernel_k13,1,inner_train,107
kernel_k13,1,inner_train,108
kernel_k13,1,inner_train,109
kernel_k13,1,inner_validation,1
kernel_k13,1,inner_validation,5
kernel_k13,1,inner_validation,13
kernel_k13,1,inner_validation,15
kernel_k13,1,inner_validation,19
kernel_k13,1,inner_validation,47
kernel_k13,1,inner_validation,54
kernel_k13,1,inner_validation,65
kernel_k13,1,inner_validation,73
kernel_k13,1,inner_validation,74
kernel_k13,1,inner_validation,84
kernel_k13,1,inner_validation,90
kernel_k13,1,inner_validation,93
kernel_k13,1,inner_validation,99
kernel_k13,1,outer_test,3
kernel_k13,1,outer_test,4
kernel_k13,1,outer_test,9
kernel_k13,1,outer_test,21
kernel_k13,1,outer_test,24
kernel_k13,1,outer_test,25
kernel_k13,1,outer_test,33
kernel_k13,1,outer_test,61
kernel_k13,1,outer_test,67
kernel_k13,1,outer_test,96
kernel_k13,2,inner_train,1
kernel_k13,2,inner_train,2
kernel_k13,2,inner_train,3
kernel_k13,2,inner_train,4
kernel_k13,2,inner_train,5
kernel_k13,2,inner_train,6
kernel_k13,2,inner_train,7
kernel_k13,2,inner_train,9
kernel_k13,2,inner_train,11
kernel_k13,2,inner_train,12
kernel_k13,2,inner_train,13
kernel_k13,2,inner_train,14
kernel_k13,2,inner_train,15
kernel_k13,2,inner_train,17
kernel_k13,2,inner_train,18
kernel_k13,2,inner_train,20
kernel_k13,2,inner_train,21
kernel_k13,2,inner_train,22
kernel_k13,2,inner_train,24
kernel_k13,2,inner_train,25
kernel_k13,2,inner_train,26
kernel_k13,2,inner_train,27
kernel_k13,2,inner_train,29
kernel_k13,2,inner_train,30
kernel_k13,2,inner_train,31
kernel_k13,2,inner_train,32
kernel_k13,2,inner_train,33
kernel_k13,2,inner_train,34
kernel_k13,2,inner_train,36
kernel_k13,2,inner_train,37
kernel_k13,2,inner_train,39
kernel_k13,2,inner_train,40
kernel_k13,2,inner_train,41
kernel_k13,2,inner_train,42
kernel_k13,2,inner_train,44
kernel_k13,2,inner_train,47
kernel_k13,2,inner_train,48
kernel_k13,2,inner_train,50
kernel_k13,2,inner_train,52
kernel_k13,2,inner_train,53
kernel_k13,2,inner_train,55
kernel_k13,2,inner_train,56
kernel_k13,2,inner_train,57
kernel_k13,2,inner_train,58
kernel_k13,2,inner_train,59
kernel_k13,2,inner_train,60
kernel_k13,2,inner_train,62
kernel_k13,2,inner_train,64
kernel_k13,2,inner_train,65
kernel_k13,2,inner_train,66
kernel_k13,2,inner_train,68
kernel_k13,2,inner_train,69
kernel_k13,2,inner_train,70
kernel_k13,2,inner_train,71
kernel_k13,2,inner_train,72
kernel_k13,2,inner_train,75
kernel_k13,2,inner_train,76
kernel_k13,2,inner_train,77
kernel_k13,2,inner_train,78
kernel_k13,2,inner_train,80
kernel_k13,2,inner_train,81
kernel_k13,2,inner_train,83
kernel_k13,2,inner_train,85
kernel_k13,2,inner_train,86
kernel_k13,2,inner_train,87
kernel_k13,2,inner_train,90
kernel_k13,2,inner_train,91
kernel_k13,2,inner_train,93
kernel_k13,2,inner_train,94
kernel_k13,2,inner_train,95
kernel_k13,2,inner_train,96
kernel_k13,2,inner_train,97
kernel_k13,2,inner_train,98
kernel_k13,2,inner_train,99
kernel_k13,2,inner_train,102
kernel_k13,2,inner_train,103
kernel_k13,2,inner_train,105
kernel_k13,2,inner_train,106
kernel_k13,2,inner_train,107
kernel_k13,2,inner_validation,8
kernel_k13,2,inner_validation,23
kernel_k13,2,inner_validation,28
kernel_k13,2,inner_validation,38
kernel_k13,2,inner_validation,45
kernel_k13,2,inner_validation,49
kernel_k13,2,inner_validation,61
kernel_k13,2,inner_validation,63
kernel_k13,2,inner_validation,67
kernel_k13,2,inner_validation,73
kernel_k13,2,inner_validation,74
kernel_k13,2,inner_validation,84
kernel_k13,2,inner_validation,101
kernel_k13,2,inner_validation,109
kernel_k13,2,outer_test,10
kernel_k13,2,outer_test,16
kernel_k13,2,outer_test,19
kernel_k13,2,outer_test,35
kernel_k13,2,outer_test,46
kernel_k13,2,outer_test,51
kernel_k13,2,outer_test,54
kernel_k13,2,outer_test,79
kernel_k13,2,outer_test,82
kernel_k13,2,outer_test,108
kernel_k13,3,inner_train,4
kernel_k13,3,inner_train,6
kernel_k13,3,inner_train,7
kernel_k13,3,inner_train,8
kernel_k13,3,inner_train,9
kernel_k13,3,inner_train,10
kernel_k13,3,inner_train,11
kernel_k13,3,inner_train,12
kernel_k13,3,inner_train,13
kernel_k13,3,inner_train,14
kernel_k13,3,inner_train,15
kernel_k13,3,inner_train,16
kernel_k13,3,inner_train,17
kernel_k13,3,inner_train,19
kernel_k13,3,inner_train,20
kernel_k13,3,inner_train,21
kernel_k13,3,inner_train,22
kernel_k13,3,inner_train,23
kernel_k13,3,inner_train,24
kernel_k13,3,inner_train,25
kernel_k13,3,inner_train,26
kernel_k13,3,inner_train,27
kernel_k13,3,inner_train,29
kernel_k13,3,inner_train,30
kernel_k13,3,inner_train,31
kernel_k13,3,inner_train,34
kernel_k13,3,inner_train,35
kernel_k13,3,inner_train,37
kernel_k13,3,inner_train,39
kernel_k13,3,inner_train,40
kernel_k13,3,inner_train,42
kernel_k13,3,inner_train,44
kernel_k13,3,inner_train,47
kernel_k13,3,inner_train,48
kernel_k13,3,inner_train,50
kernel_k13,3,inner_train,51
kernel_k13,3,inner_train,52
kernel_k13,3,inner_train,53
kernel_k13,3,inner_train,55
kernel_k13,3,inner_train,56
kernel_k13,3,inner_train,57
kernel_k13,3,inner_train,58
kernel_k13,3,inner_train,59
kernel_k13,3,inner_train,60
kernel_k13,3,inner_train,63
kernel_k13,3,inner_train,65
kernel_k13,3,inner_train,66
kernel_k13,3,inner_train,67
kernel_k13,3,inner_train,69
kernel_k13,3,inner_train,70
kernel_k13,3,inner_train,71
kernel_k13,3,inner_train,72
kernel_k13,3,inner_train,73
kernel_k13,3,inner_train,76
kernel_k13,3,inner_train,77
kernel_k13,3,inner_train,78
kernel_k13,3,inner_train,79
kernel_k13,3,inner_train,81
kernel_k13,3,inner_train,82
kernel_k13,3,inner_train,83
kernel_k13,3,inner_train,84
kernel_k13,3,inner_train,85
kernel_k13,3,inner_train,86
kernel_k13,3,inner_train,87
kernel_k13,3,inner_train,90
kernel_k13,3,inner_train,91
kernel_k13,3,inner_train,94
kernel_k13,3,inner_train,95
kernel_k13,3,inner_train,96
kernel_k13,3,inner_train,97
kernel_k13,3,inner_train,98
kernel_k13,3,inner_train,99
kernel_k13,3,inner_train,101
kernel_k13,3,inner_train,102
kernel_k13,3,inner_train,103
kernel_k13,3,inner_train,106
kernel_k13,3,inner_train,107
kernel_k13,3,inner_train,108
kernel_k13,3,inner_train,109
kernel_k13,3,inner_validation,1
kernel_k13,3,inner_validation,2
kernel_k13,3,inner_validation,3
kernel_k13,3,inner_validation,5
kernel_k13,3,inner_validation,33
kernel_k13,3,inner_validation,38
kernel_k13,3,inner_validation,46
kernel_k13,3,inner_validation,54
kernel_k13,3,inner_validation,61
kernel_k13,3,inner_validation,64
kernel_k13,3,inner_validation,68
kernel_k13,3,inner_validation,74
kernel_k13,3,inner_validation,80
kernel_k13,3,inner_validation,93
kernel_k13,3,outer_test,18
kernel_k13,3,outer_test,28
kernel_k13,3,outer_test,32
kernel_k13,3,outer_test,36
kernel_k13,3,outer_test,41
kernel_k13,3,outer_test,45
kernel_k13,3,outer_test,49
kernel_k13,3,outer_test,62
kernel_k13,3,outer_test,75
kernel_k13,3,outer_test,105
kernel_k13,4,inner_train,1
kernel_k13,4,inner_train,2
kernel_k13,4,inner_train,3
kernel_k13,4,inner_train,4
kernel_k13,4,inner_train,5
kernel_k13,4,inner_train,6
kernel_k13,4,inner_train,7
kernel_k13,4,inner_train,9
kernel_k13,4,inner_train,10
kernel_k13,4,inner_train,11
kernel_k13,4,inner_train,14
kernel_k13,4,inner_train,16
kernel_k13,4,inner_train,17
kernel_k13,4,inner_train,18
kernel_k13,4,inner_train,19
kernel_k13,4,inner_train,20
kernel_k13,4,inner_train,21
kernel_k13,4,inner_train,23
kernel_k13,4,inner_train,24
kernel_k13,4,inner_train,25
kernel_k13,4,inner_train,26
kernel_k13,4,inner_train,28
kernel_k13,4,inner_train,29
kernel_k13,4,inner_train,30
kernel_k13,4,inner_train,32
kernel_k13,4,inner_train,34
kernel_k13,4,inner_train,35
kernel_k13,4,inner_train,36
kernel_k13,4,inner_train,38
kernel_k13,4,inner_train,39
kernel_k13,4,inner_train,41
kernel_k13,4,inner_train,45
kernel_k13,4,inner_train,46
kernel_k13,4,inner_train,47
kernel_k13,4,inner_train,49
kernel_k13,4,inner_train,50
kernel_k13,4,inner_train,51
kernel_k13,4,inner_train,52
kernel_k13,4,inner_train,54
kernel_k13,4,inner_train,57
kernel_k13,4,inner_train,58
kernel_k13,4,inner_train,59
kernel_k13,4,inner_train,60
kernel_k13,4,inner_train,61
kernel_k13,4,inner_train,62
kernel_k13,4,inner_train,63
kernel_k13,4,inner_train,64
kernel_k13,4,inner_train,65
kernel_k13,4,inner_train,67
kernel_k13,4,inner_train,68
kernel_k13,4,inner_train,69
kernel_k13,4,inner_train,70
kernel_k13,4,inner_train,71
kernel_k13,4,inner_train,72
kernel_k13,4,inner_train,73
kernel_k13,4,inner_train,75
kernel_k13,4,inner_train,76
kernel_k13,4,inner_train,79
kernel_k13,4,inner_train,80
kernel_k13,4,inner_train,81
kernel_k13,4,inner_train,82
kernel_k13,4,inner_train,83
kernel_k13,4,inner_train,84
kernel_k13,4,inner_train,85
kernel_k13,4,inner_train,87
kernel_k13,4,inner_train,90
kernel_k13,4,inner_train,91
kernel_k13,4,inner_train,93
kernel_k13,4,inner_train,94
kernel_k13,4,inner_train,95
kernel_k13,4,inner_train,96
kernel_k13,4,inner_train,97
kernel_k13,4,inner_train,99
kernel_k13,4,inner_train,101
kernel_k13,4,inner_train,102
kernel_k13,4,inner_train,105
kernel_k13,4,inner_train,106
kernel_k13,4,inner_train,108
kernel_k13,4,inner_train,109
kernel_k13,4,inner_validation,12
kernel_k13,4,inner_validation,13
kernel_k13,4,inner_validation,15
kernel_k13,4,inner_validation,22
kernel_k13,4,inner_validation,33
kernel_k13,4,inner_validation,37
kernel_k13,4,inner_validation,44
kernel_k13,4,inner_validation,53
kernel_k13,4,inner_validation,56
kernel_k13,4,inner_validation,74
kernel_k13,4,inner_validation,77
kernel_k13,4,inner_validation,78
kernel_k13,4,inner_validation,98
kernel_k13,4,inner_validation,103
kernel_k13,4,outer_test,8
kernel_k13,4,outer_test,27
kernel_k13,4,outer_test,31
kernel_k13,4,outer_test,40
kernel_k13,4,outer_test,42
kernel_k13,4,outer_test,48
kernel_k13,4,outer_test,55
kernel_k13,4,outer_test,66
kernel_k13,4,outer_test,86
kernel_k13,4,outer_test,107
kernel_k13,5,inner_train,2
kernel_k13,5,inner_train,3
kernel_k13,5,inner_train,4
kernel_k13,5,inner_train,5
kernel_k13,5,inner_train,6
kernel_k13,5,inner_train,7
kernel_k13,5,inner_train,8
kernel_k13,5,inner_train,9
kernel_k13,5,inner_train,10
kernel_k13,5,inner_train,11
kernel_k13,5,inner_train,12
kernel_k13,5,inner_train,13
kernel_k13,5,inner_train,14
kernel_k13,5,inner_train,17
kernel_k13,5,inner_train,18
kernel_k13,5,inner_train,20
kernel_k13,5,inner_train,21
kernel_k13,5,inner_train,22
kernel_k13,5,inner_train,24
kernel_k13,5,inner_train,25
kernel_k13,5,inner_train,26
kernel_k13,5,inner_train,27
kernel_k13,5,inner_train,29
kernel_k13,5,inner_train,30
kernel_k13,5,inner_train,31
kernel_k13,5,inner_train,33
kernel_k13,5,inner_train,34
kernel_k13,5,inner_train,35
kernel_k13,5,inner_train,36
kernel_k13,5,inner_train,37
kernel_k13,5,inner_train,38
kernel_k13,5,inner_train,39
kernel_k13,5,inner_train,42
kernel_k13,5,inner_train,44
kernel_k13,5,inner_train,45
kernel_k13,5,inner_train,46
kernel_k13,5,inner_train,47
kernel_k13,5,inner_train,48
kernel_k13,5,inner_train,49
kernel_k13,5,inner_train,52
kernel_k13,5,inner_train,54
kernel_k13,5,inner_train,55
kernel_k13,5,inner_train,56
kernel_k13,5,inner_train,57
kernel_k13,5,inner_train,60
kernel_k13,5,inner_train,61
kernel_k13,5,inner_train,63
kernel_k13,5,inner_train,64
kernel_k13,5,inner_train,65
kernel_k13,5,inner_train,66
kernel_k13,5,inner_train,67
kernel_k13,5,inner_train,68
kernel_k13,5,inner_train,69
kernel_k13,5,inner_train,70
kernel_k13,5,inner_train,71
kernel_k13,5,inner_train,72
kernel_k13,5,inner_train,73
kernel_k13,5,inner_train,74
kernel_k13,5,inner_train,75
kernel_k13,5,inner_train,76
kernel_k13,5,inner_train,77
kernel_k13,5,inner_train,78
kernel_k13,5,inner_train,79
kernel_k13,5,inner_train,81
kernel_k13,5,inner_train,82
kernel_k13,5,inner_train,83
kernel_k13,5,inner_train,84
kernel_k13,5,inner_train,85
kernel_k13,5,inner_train,86
kernel_k13,5,inner_train,91
kernel_k13,5,inner_train,93
kernel_k13,5,inner_train,98
kernel_k13,5,inner_train,101
kernel_k13,5,inner_train,102
kernel_k13,5,inner_train,105
kernel_k13,5,inner_train,106
kernel_k13,5,inner_train,107
kernel_k13,5,inner_train,108
kernel_k13,5,inner_train,109
kernel_k13,5,inner_validation,1
kernel_k13,5,inner_validation,16
kernel_k13,5,inner_validation,19
kernel_k13,5,inner_validation,28
kernel_k13,5,inner_validation,32
kernel_k13,5,inner_validation,40
kernel_k13,5,inner_validation,41
kernel_k13,5,inner_validation,51
kernel_k13,5,inner_validation,62
kernel_k13,5,inner_validation,87
kernel_k13,5,inner_validation,95
kernel_k13,5,inner_validation,96
kernel_k13,5,inner_validation,97
kernel_k13,5,inner_validation,103
kernel_k13,5,outer_test,15
kernel_k13,5,outer_test,23
kernel_k13,5,outer_test,50
kernel_k13,5,outer_test,53
kernel_k13,5,outer_test,58
kernel_k13,5,outer_test,59
kernel_k13,5,outer_test,80
kernel_k13,5,outer_test,90
kernel_k13,5,outer_test,94
kernel_k13,5,outer_test,99
kernel_k13,6,inner_train,1
kernel_k13,6,inner_train,3
kernel_k13,6,inner_train,4
kernel_k13,6,inner_train,5
kernel_k13,6,inner_train,6
kernel_k13,6,inner_train,8
kernel_k13,6,inner_train,9
kernel_k13,6,inner_train,12
kernel_k13,6,inner_train,15
kernel_k13,6,inner_train,16
kernel_k13,6,inner_train,17
kernel_k13,6,inner_train,18
kernel_k13,6,inner_train,19
kernel_k13,6,inner_train,22
kernel_k13,6,inner_train,23
kernel_k13,6,inner_train,24
kernel_k13,6,inner_train,25
kernel_k13,6,inner_train,26
kernel_k13,6,inner_train,27
kernel_k13,6,inner_train,30
kernel_k13,6,inner_train,31
kernel_k13,6,inner_train,32
kernel_k13,6,inner_train,33
kernel_k13,6,inner_train,34
kernel_k13,6,inner_train,35
kernel_k13,6,inner_train,36
kernel_k13,6,inner_train,37
kernel_k13,6,inner_train,38
kernel_k13,6,inner_train,39
kernel_k13,6,inner_train,40
kernel_k13,6,inner_train,41
kernel_k13,6,inner_train,42
kernel_k13,6,inner_train,44
kernel_k13,6,inner_train,45
kernel_k13,6,inner_train,46
kernel_k13,6,inner_train,49
kernel_k13,6,inner_train,51
kernel_k13,6,inner_train,52
kernel_k13,6,inner_train,53
kernel_k13,6,inner_train,54
kernel_k13,6,inner_train,55
kernel_k13,6,inner_train,56
kernel_k13,6,inner_train,57
kernel_k13,6,inner_train,58
kernel_k13,6,inner_train,59
kernel_k13,6,inner_train,60
kernel_k13,6,inner_train,61
kernel_k13,6,inner_train,62
kernel_k13,6,inner_train,64
kernel_k13,6,inner_train,65
kernel_k13,6,inner_train,66
kernel_k13,6,inner_train,67
kernel_k13,6,inner_train,68
kernel_k13,6,inner_train,69
kernel_k13,6,inner_train,70
kernel_k13,6,inner_train,72
kernel_k13,6,inner_train,73
kernel_k13,6,inner_train,74
kernel_k13,6,inner_train,75
kernel_k13,6,inner_train,76
kernel_k13,6,inner_train,77
kernel_k13,6,inner_train,78
kernel_k13,6,inner_train,79
kernel_k13,6,inner_train,80
kernel_k13,6,inner_train,81
kernel_k13,6,inner_train,82
kernel_k13,6,inner_train,85
kernel_k13,6,inner_train,87
kernel_k13,6,inner_train,90
kernel_k13,6,inner_train,93
kernel_k13,6,inner_train,94
kernel_k13,6,inner_train,96
kernel_k13,6,inner_train,97
kernel_k13,6,inner_train,102
kernel_k13,6,inner_train,105
kernel_k13,6,inner_train,106
kernel_k13,6,inner_train,107
kernel_k13,6,inner_train,108
kernel_k13,6,inner_train,109
kernel_k13,6,inner_validation,7
kernel_k13,6,inner_validation,10
kernel_k13,6,inner_validation,11
kernel_k13,6,inner_validation,14
kernel_k13,6,inner_validation,21
kernel_k13,6,inner_validation,28
kernel_k13,6,inner_validation,48
kernel_k13,6,inner_validation,50
kernel_k13,6,inner_validation,63
kernel_k13,6,inner_validation,86
kernel_k13,6,inner_validation,91
kernel_k13,6,inner_validation,95
kernel_k13,6,inner_validation,99
kernel_k13,6,inner_validation,103
kernel_k13,6,outer_test,2
kernel_k13,6,outer_test,13
kernel_k13,6,outer_test,20
kernel_k13,6,outer_test,29
kernel_k13,6,outer_test,47
kernel_k13,6,outer_test,71
kernel_k13,6,outer_test,83
kernel_k13,6,outer_test,84
kernel_k13,6,outer_test,98
kernel_k13,6,outer_test,101
kernel_k13,7,inner_train,3
kernel_k13,7,inner_train,4
kernel_k13,7,inner_train,7
kernel_k13,7,inner_train,8
kernel_k13,7,inner_train,9
kernel_k13,7,inner_train,10
kernel_k13,7,inner_train,11
kernel_k13,7,inner_train,12
kernel_k13,7,inner_train,13
kernel_k13,7,inner_train,14
kernel_k13,7,inner_train,15
kernel_k13,7,inner_train,16
kernel_k13,7,inner_train,17
kernel_k13,7,inner_train,18
kernel_k13,7,inner_train,19
kernel_k13,7,inner_train,20
kernel_k13,7,inner_train,21
kernel_k13,7,inner_train,22
kernel_k13,7,inner_train,23
kernel_k13,7,inner_train,24
kernel_k13,7,inner_train,26
kernel_k13,7,inner_train,27
kernel_k13,7,inner_train,29
kernel_k13,7,inner_train,30
kernel_k13,7,inner_train,32
kernel_k13,7,inner_train,33
kernel_k13,7,inner_train,34
kernel_k13,7,inner_train,35
kernel_k13,7,inner_train,36
kernel_k13,7,inner_train,38
kernel_k13,7,inner_train,39
kernel_k13,7,inner_train,40
kernel_k13,7,inner_train,41
kernel_k13,7,inner_train,42
kernel_k13,7,inner_train,45
kernel_k13,7,inner_train,46
kernel_k13,7,inner_train,47
kernel_k13,7,inner_train,48
kernel_k13,7,inner_train,49
kernel_k13,7,inner_train,50
kernel_k13,7,inner_train,51
kernel_k13,7,inner_train,52
kernel_k13,7,inner_train,53
kernel_k13,7,inner_train,55
kernel_k13,7,inner_train,57
kernel_k13,7,inner_train,58
kernel_k13,7,inner_train,59
kernel_k13,7,inner_train,61
kernel_k13,7,inner_train,62
kernel_k13,7,inner_train,63
kernel_k13,7,inner_train,67
kernel_k13,7,inner_train,69
kernel_k13,7,inner_train,70
kernel_k13,7,inner_train,71
kernel_k13,7,inner_train,72
kernel_k13,7,inner_train,73
kernel_k13,7,inner_train,77
kernel_k13,7,inner_train,78
kernel_k13,7,inner_train,79
kernel_k13,7,inner_train,80
kernel_k13,7,inner_train,81
kernel_k13,7,inner_train,82
kernel_k13,7,inner_train,84
kernel_k13,7,inner_train,85
kernel_k13,7,inner_train,87
kernel_k13,7,inner_train,90
kernel_k13,7,inner_train,93
kernel_k13,7,inner_train,94
kernel_k13,7,inner_train,95
kernel_k13,7,inner_train,96
kernel_k13,7,inner_train,98
kernel_k13,7,inner_train,99
kernel_k13,7,inner_train,101
kernel_k13,7,inner_train,105
kernel_k13,7,inner_train,106
kernel_k13,7,inner_train,107
kernel_k13,7,inner_train,108
kernel_k13,7,inner_train,109
kernel_k13,7,inner_validation,1
kernel_k13,7,inner_validation,2
kernel_k13,7,inner_validation,25
kernel_k13,7,inner_validation,28
kernel_k13,7,inner_validation,31
kernel_k13,7,inner_validation,54
kernel_k13,7,inner_validation,56
kernel_k13,7,inner_validation,66
kernel_k13,7,inner_validation,74
kernel_k13,7,inner_validation,75
kernel_k13,7,inner_validation,76
kernel_k13,7,inner_validation,83
kernel_k13,7,inner_validation,86
kernel_k13,7,inner_validation,103
kernel_k13,7,outer_test,5
kernel_k13,7,outer_test,6
kernel_k13,7,outer_test,37
kernel_k13,7,outer_test,44
kernel_k13,7,outer_test,60
kernel_k13,7,outer_test,64
kernel_k13,7,outer_test,65
kernel_k13,7,outer_test,68
kernel_k13,7,outer_test,91
kernel_k13,7,outer_test,97
kernel_k13,7,outer_test,102
kernel_k13,8,inner_train,1
kernel_k13,8,inner_train,2
kernel_k13,8,inner_train,3
kernel_k13,8,inner_train,4
kernel_k13,8,inner_train,5
kernel_k13,8,inner_train,6
kernel_k13,8,inner_train,8
kernel_k13,8,inner_train,9
kernel_k13,8,inner_train,11
kernel_k13,8,inner_train,12
kernel_k13,8,inner_train,13
kernel_k13,8,inner_train,14
kernel_k13,8,inner_train,15
kernel_k13,8,inner_train,16
kernel_k13,8,inner_train,18
kernel_k13,8,inner_train,22
kernel_k13,8,inner_train,23
kernel_k13,8,inner_train,25
kernel_k13,8,inner_train,27
kernel_k13,8,inner_train,28
kernel_k13,8,inner_train,29
kernel_k13,8,inner_train,30
kernel_k13,8,inner_train,31
kernel_k13,8,inner_train,32
kernel_k13,8,inner_train,33
kernel_k13,8,inner_train,34
kernel_k13,8,inner_train,35
kernel_k13,8,inner_train,36
kernel_k13,8,inner_train,37
kernel_k13,8,inner_train,38
kernel_k13,8,inner_train,39
kernel_k13,8,inner_train,40
kernel_k13,8,inner_train,41
kernel_k13,8,inner_train,42
kernel_k13,8,inner_train,44
kernel_k13,8,inner_train,46
kernel_k13,8,inner_train,48
kernel_k13,8,inner_train,49
kernel_k13,8,inner_train,50
kernel_k13,8,inner_train,51
kernel_k13,8,inner_train,52
kernel_k13,8,inner_train,53
kernel_k13,8,inner_train,54
kernel_k13,8,inner_train,55
kernel_k13,8,inner_train,57
kernel_k13,8,inner_train,58
kernel_k13,8,inner_train,59
kernel_k13,8,inner_train,60
kernel_k13,8,inner_train,62
kernel_k13,8,inner_train,67
kernel_k13,8,inner_train,68
kernel_k13,8,inner_train,71
kernel_k13,8,inner_train,72
kernel_k13,8,inner_train,75
kernel_k13,8,inner_train,76
kernel_k13,8,inner_train,77
kernel_k13,8,inner_train,78
kernel_k13,8,inner_train,79
kernel_k13,8,inner_train,80
kernel_k13,8,inner_train,81
kernel_k13,8,inner_train,82
kernel_k13,8,inner_train,84
kernel_k13,8,inner_train,85
kernel_k13,8,inner_train,90
kernel_k13,8,inner_train,91
kernel_k13,8,inner_train,93
kernel_k13,8,inner_train,94
kernel_k13,8,inner_train,96
kernel_k13,8,inner_train,97
kernel_k13,8,inner_train,99
kernel_k13,8,inner_train,101
kernel_k13,8,inner_train,102
kernel_k13,8,inner_train,103
kernel_k13,8,inner_train,105
kernel_k13,8,inner_train,106
kernel_k13,8,inner_train,107
kernel_k13,8,inner_train,108
kernel_k13,8,inner_train,109
kernel_k13,8,inner_validation,10
kernel_k13,8,inner_validation,19
kernel_k13,8,inner_validation,20
kernel_k13,8,inner_validation,21
kernel_k13,8,inner_validation,24
kernel_k13,8,inner_validation,45
kernel_k13,8,inner_validation,47
kernel_k13,8,inner_validation,61
kernel_k13,8,inner_validation,64
kernel_k13,8,inner_validation,65
kernel_k13,8,inner_validation,66
kernel_k13,8,inner_validation,83
kernel_k13,8,inner_validation,86
kernel_k13,8,inner_validation,98
kernel_k13,8,outer_test,7
kernel_k13,8,outer_test,17
kernel_k13,8,outer_test,26
kernel_k13,8,outer_test,56
kernel_k13,8,outer_test,63
kernel_k13,8,outer_test,69
kernel_k13,8,outer_test,70
kernel_k13,8,outer_test,73
kernel_k13,8,outer_test,74
kernel_k13,8,outer_test,87
kernel_k13,8,outer_test,95
kernel_k13,9,inner_train,2
kernel_k13,9,inner_train,4
kernel_k13,9,inner_train,6
kernel_k13,9,inner_train,7
kernel_k13,9,inner_train,8
kernel_k13,9,inner_train,9
kernel_k13,9,inner_train,10
kernel_k13,9,inner_train,12
kernel_k13,9,inner_train,13
kernel_k13,9,inner_train,16
kernel_k13,9,inner_train,17
kernel_k13,9,inner_train,18
kernel_k13,9,inner_train,19
kernel_k13,9,inner_train,20
kernel_k13,9,inner_train,21
kernel_k13,9,inner_train,24
kernel_k13,9,inner_train,25
kernel_k13,9,inner_train,26
kernel_k13,9,inner_train,27
kernel_k13,9,inner_train,28
kernel_k13,9,inner_train,29
kernel_k13,9,inner_train,30
kernel_k13,9,inner_train,31
kernel_k13,9,inner_train,32
kernel_k13,9,inner_train,33
kernel_k13,9,inner_train,34
kernel_k13,9,inner_train,35
kernel_k13,9,inner_train,36
kernel_k13,9,inner_train,37
kernel_k13,9,inner_train,38
kernel_k13,9,inner_train,40
kernel_k13,9,inner_train,41
kernel_k13,9,inner_train,42
kernel_k13,9,inner_train,44
kernel_k13,9,inner_train,45
kernel_k13,9,inner_train,46
kernel_k13,9,inner_train,47
kernel_k13,9,inner_train,48
kernel_k13,9,inner_train,49
kernel_k13,9,inner_train,51
kernel_k13,9,inner_train,53
kernel_k13,9,inner_train,55
kernel_k13,9,inner_train,57
kernel_k13,9,inner_train,58
kernel_k13,9,inner_train,59
kernel_k13,9,inner_train,60
kernel_k13,9,inner_train,61
kernel_k13,9,inner_train,62
kernel_k13,9,inner_train,63
kernel_k13,9,inner_train,64
kernel_k13,9,inner_train,65
kernel_k13,9,inner_train,66
kernel_k13,9,inner_train,67
kernel_k13,9,inner_train,68
kernel_k13,9,inner_train,69
kernel_k13,9,inner_train,70
kernel_k13,9,inner_train,74
kernel_k13,9,inner_train,75
kernel_k13,9,inner_train,78
kernel_k13,9,inner_train,79
kernel_k13,9,inner_train,83
kernel_k13,9,inner_train,84
kernel_k13,9,inner_train,86
kernel_k13,9,inner_train,87
kernel_k13,9,inner_train,90
kernel_k13,9,inner_train,91
kernel_k13,9,inner_train,93
kernel_k13,9,inner_train,94
kernel_k13,9,inner_train,95
kernel_k13,9,inner_train,97
kernel_k13,9,inner_train,98
kernel_k13,9,inner_train,99
kernel_k13,9,inner_train,101
kernel_k13,9,inner_train,103
kernel_k13,9,inner_train,105
kernel_k13,9,inner_train,106
kernel_k13,9,inner_train,107
kernel_k13,9,inner_train,108
kernel_k13,9,inner_validation,1
kernel_k13,9,inner_validation,3
kernel_k13,9,inner_validation,5
kernel_k13,9,inner_validation,15
kernel_k13,9,inner_validation,23
kernel_k13,9,inner_validation,50
kernel_k13,9,inner_validation,54
kernel_k13,9,inner_validation,56
kernel_k13,9,inner_validation,71
kernel_k13,9,inner_validation,73
kernel_k13,9,inner_validation,80
kernel_k13,9,inner_validation,82
kernel_k13,9,inner_validation,96
kernel_k13,9,inner_validation,102
kernel_k13,9,outer_test,11
kernel_k13,9,outer_test,14
kernel_k13,9,outer_test,22
kernel_k13,9,outer_test,39
kernel_k13,9,outer_test,52
kernel_k13,9,outer_test,72
kernel_k13,9,outer_test,76
kernel_k13,9,outer_test,77
kernel_k13,9,outer_test,81
kernel_k13,9,outer_test,85
kernel_k13,9,outer_test,109
kernel_k13,10,inner_train,2
kernel_k13,10,inner_train,3
kernel_k13,10,inner_train,5
kernel_k13,10,inner_train,6
kernel_k13,10,inner_train,7
kernel_k13,10,inner_train,8
kernel_k13,10,inner_train,9
kernel_k13,10,inner_train,11
kernel_k13,10,inner_train,13
kernel_k13,10,inner_train,14
kernel_k13,10,inner_train,15
kernel_k13,10,inner_train,16
kernel_k13,10,inner_train,17
kernel_k13,10,inner_train,18
kernel_k13,10,inner_train,19
kernel_k13,10,inner_train,20
kernel_k13,10,inner_train,21
kernel_k13,10,inner_train,23
kernel_k13,10,inner_train,24
kernel_k13,10,inner_train,25
kernel_k13,10,inner_train,26
kernel_k13,10,inner_train,28
kernel_k13,10,inner_train,29
kernel_k13,10,inner_train,32
kernel_k13,10,inner_train,33
kernel_k13,10,inner_train,35
kernel_k13,10,inner_train,36
kernel_k13,10,inner_train,37
kernel_k13,10,inner_train,39
kernel_k13,10,inner_train,40
kernel_k13,10,inner_train,41
kernel_k13,10,inner_train,42
kernel_k13,10,inner_train,44
kernel_k13,10,inner_train,45
kernel_k13,10,inner_train,46
kernel_k13,10,inner_train,47
kernel_k13,10,inner_train,48
kernel_k13,10,inner_train,49
kernel_k13,10,inner_train,50
kernel_k13,10,inner_train,52
kernel_k13,10,inner_train,53
kernel_k13,10,inner_train,54
kernel_k13,10,inner_train,55
kernel_k13,10,inner_train,58
kernel_k13,10,inner_train,60
kernel_k13,10,inner_train,61
kernel_k13,10,inner_train,62
kernel_k13,10,inner_train,64
kernel_k13,10,inner_train,65
kernel_k13,10,inner_train,66
kernel_k13,10,inner_train,67
kernel_k13,10,inner_train,68
kernel_k13,10,inner_train,69
kernel_k13,10,inner_train,70
kernel_k13,10,inner_train,71
kernel_k13,10,inner_train,72
kernel_k13,10,inner_train,74
kernel_k13,10,inner_train,76
kernel_k13,10,inner_train,77
kernel_k13,10,inner_train,79
kernel_k13,10,inner_train,80
kernel_k13,10,inner_train,81
kernel_k13,10,inner_train,84
kernel_k13,10,inner_train,85
kernel_k13,10,inner_train,86
kernel_k13,10,inner_train,87
kernel_k13,10,inner_train,90
kernel_k13,10,inner_train,91
kernel_k13,10,inner_train,94
kernel_k13,10,inner_train,95
kernel_k13,10,inner_train,96
kernel_k13,10,inner_train,97
kernel_k13,10,inner_train,98
kernel_k13,10,inner_train,99
kernel_k13,10,inner_train,101
kernel_k13,10,inner_train,105
kernel_k13,10,inner_train,107
kernel_k13,10,inner_train,108
kernel_k13,10,inner_train,109
kernel_k13,10,inner_validation,4
kernel_k13,10,inner_validation,10
kernel_k13,10,inner_validation,22
kernel_k13,10,inner_validation,27
kernel_k13,10,inner_validation,31
kernel_k13,10,inner_validation,51
kernel_k13,10,inner_validation,56
kernel_k13,10,inner_validation,59
kernel_k13,10,inner_validation,63
kernel_k13,10,inner_validation,73
kernel_k13,10,inner_validation,75
kernel_k13,10,inner_validation,82
kernel_k13,10,inner_validation,83
kernel_k13,10,inner_validation,102
kernel_k13,10,outer_test,1
kernel_k13,10,outer_test,12
kernel_k13,10,outer_test,30
kernel_k13,10,outer_test,34
kernel_k13,10,outer_test,38
kernel_k13,10,outer_test,57
kernel_k13,10,outer_test,78
kernel_k13,10,outer_test,93
kernel_k13,10,outer_test,103
kernel_k13,10,outer_test,106
kernel_k7,1,inner_train,2
kernel_k7,1,inner_train,6
kernel_k7,1,inner_train,7
kernel_k7,1,inner_train,8
kernel_k7,1,inner_train,10
kernel_k7,1,inner_train,11
kernel_k7,1,inner_train,12
kernel_k7,1,inner_train,14
kernel_k7,1,inner_train,16
kernel_k7,1,inner_train,17
kernel_k7,1,inner_train,18
kernel_k7,1,inner_train,20
kernel_k7,1,inner_train,22
kernel_k7,1,inner_train,23
kernel_k7,1,inner_train,26
kernel_k7,1,inner_train,27
kernel_k7,1,inner_train,28
kernel_k7,1,inner_train,29
kernel_k7,1,inner_train,30
kernel_k7,1,inner_train,31
kernel_k7,1,inner_train,32
kernel_k7,1,inner_train,34
kernel_k7,1,inner_train,35
kernel_k7,1,inner_train,36
kernel_k7,1,inner_train,37
kernel_k7,1,inner_train,38
kernel_k7,1,inner_train,39
kernel_k7,1,inner_train,40
kernel_k7,1,inner_train,41
kernel_k7,1,inner_train,42
kernel_k7,1,inner_train,44
kernel_k7,1,inner_train,45
kernel_k7,1,inner_train,46
kernel_k7,1,inner_train,48
kernel_k7,1,inner_train,49
kernel_k7,1,inner_train,50
kernel_k7,1,inner_train,51
kernel_k7,1,inner_train,52
kernel_k7,1,inner_train,53
kernel_k7,1,inner_train,55
kernel_k7,1,inner_train,56
kernel_k7,1,inner_train,57
kernel_k7,1,inner_train,58
kernel_k7,1,inner_train,59
kernel_k7,1,inner_train,60
kernel_k7,1,inner_train,62
kernel_k7,1,inner_train,63
kernel_k7,1,inner_train,64
kernel_k7,1,inner_train,66
kernel_k7,1,inner_train,68
kernel_k7,1,inner_train,69
kernel_k7,1,inner_train,70
kernel_k7,1,inner_train,71
kernel_k7,1,inner_train,72
kernel_k7,1,inner_train,75
kernel_k7,1,inner_train,76
kernel_k7,1,inner_train,77
kernel_k7,1,inner_train,78
kernel_k7,1,inner_train,79
kernel_k7,1,inner_train,80
kernel_k7,1,inner_train,81
kernel_k7,1,inner_train,82
kernel_k7,1,inner_train,83
kernel_k7,1,inner_train,85
kernel_k7,1,inner_train,86
kernel_k7,1,inner_train,87
kernel_k7,1,inner_train,91
kernel_k7,1,inner_train,94
kernel_k7,1,inner_train,95
kernel_k7,1,inner_train,97
kernel_k7,1,inner_train,98
kernel_k7,1,inner_train,101
kernel_k7,1,inner_train,102
kernel_k7,1,inner_train,103
kernel_k7,1,inner_train,105
kernel_k7,1,inner_train,106
kernel_k7,1,inner_train,107
kernel_k7,1,inner_train,108
kernel_k7,1,inner_train,109
kernel_k7,1,inner_validation,1
kernel_k7,1,inner_validation,5
kernel_k7,1,inner_validation,13
kernel_k7,1,inner_validation,15
kernel_k7,1,inner_validation,19
kernel_k7,1,inner_validation,47
kernel_k7,1,inner_validation,54
kernel_k7,1,inner_validation,65
kernel_k7,1,inner_validation,73
kernel_k7,1,inner_validation,74
kernel_k7,1,inner_validation,84
kernel_k7,1,inner_validation,90
kernel_k7,1,inner_validation,93
kernel_k7,1,inner_validation,99
kernel_k7,1,outer_test,3
kernel_k7,1,outer_test,4
kernel_k7,1,outer_test,9
kernel_k7,1,outer_test,21
kernel_k7,1,outer_test,24
kernel_k7,1,outer_test,25
kernel_k7,1,outer_test,33
kernel_k7,1,outer_test,61
kernel_k7,1,outer_test,67
kernel_k7,1,outer_test,96
kernel_k7,2,inner_train,1
kernel_k7,2,inner_train,2
kernel_k7,2,inner_train,3
kernel_k7,2,inner_train,4
kernel_k7,2,inner_train,5
kernel_k7,2,inner_train,6
kernel_k7,2,inner_train,7
kernel_k7,2,inner_train,9
kernel_k7,2,inner_train,11
kernel_k7,2,inner_train,12
kernel_k7,2,inner_train,13
kernel_k7,2,inner_train,14
kernel_k7,2,inner_train,15
kernel_k7,2,inner_train,17
kernel_k7,2,inner_train,18
kernel_k7,2,inner_train,20
kernel_k7,2,inner_train,21
kernel_k7,2,inner_train,22
kernel_k7,2,inner_train,24
kernel_k7,2,inner_train,25
kernel_k7,2,inner_train,26
kernel_k7,2,inner_train,27
kernel_k7,2,inner_train,29
kernel_k7,2,inner_train,30
kernel_k7,2,inner_train,31
kernel_k7,2,inner_train,32
kernel_k7,2,inner_train,33
kernel_k7,2,inner_train,34
kernel_k7,2,inner_train,36
kernel_k7,2,inner_train,37
kernel_k7,2,inner_train,39
kernel_k7,2,inner_train,40
kernel_k7,2,inner_train,41
kernel_k7,2,inner_train,42
kernel_k7,2,inner_train,44
kernel_k7,2,inner_train,47
kernel_k7,2,inner_train,48
kernel_k7,2,inner_train,50
kernel_k7,2,inner_train,52
kernel_k7,2,inner_train,53
kernel_k7,2,inner_train,55
kernel_k7,2,inner_train,56
kernel_k7,2,inner_train,57
kernel_k7,2,inner_train,58
kernel_k7,2,inner_train,59
kernel_k7,2,inner_train,60
kernel_k7,2,inner_train,62
kernel_k7,2,inner_train,64
kernel_k7,2,inner_train,65
kernel_k7,2,inner_train,66
kernel_k7,2,inner_train,68
kernel_k7,2,inner_train,69
kernel_k7,2,inner_train,70
kernel_k7,2,inner_train,71
kernel_k7,2,inner_train,72
kernel_k7,2,inner_train,75
kernel_k7,2,inner_train,76
kernel_k7,2,inner_train,77
kernel_k7,2,inner_train,78
kernel_k7,2,inner_train,80
kernel_k7,2,inner_train,81
kernel_k7,2,inner_train,83
kernel_k7,2,inner_train,85
kernel_k7,2,inner_train,86
kernel_k7,2,inner_train,87
kernel_k7,2,inner_train,90
kernel_k7,2,inner_train,91
kernel_k7,2,inner_train,93
kernel_k7,2,inner_train,94
kernel_k7,2,inner_train,95
kernel_k7,2,inner_train,96
kernel_k7,2,inner_train,97
kernel_k7,2,inner_train,98
kernel_k7,2,inner_train,99
kernel_k7,2,inner_train,102
kernel_k7,2,inner_train,103
kernel_k7,2,inner_train,105
kernel_k7,2,inner_train,106
kernel_k7,2,inner_train,107
kernel_k7,2,inner_validation,8
kernel_k7,2,inner_validation,23
kernel_k7,2,inner_validation,28
kernel_k7,2,inner_validation,38
kernel_k7,2,inner_validation,45
kernel_k7,2,inner_validation,49
kernel_k7,2,inner_validation,61
kernel_k7,2,inner_validation,63
kernel_k7,2,inner_validation,67
kernel_k7,2,inner_validation,73
kernel_k7,2,inner_validation,74
kernel_k7,2,inner_validation,84
kernel_k7,2,inner_validation,101
kernel_k7,2,inner_validation,109
kernel_k7,2,outer_test,10
kernel_k7,2,outer_test,16
kernel_k7,2,outer_test,19
kernel_k7,2,outer_test,35
kernel_k7,2,outer_test,46
kernel_k7,2,outer_test,51
kernel_k7,2,outer_test,54
kernel_k7,2,outer_test,79
kernel_k7,2,outer_test,82
kernel_k7,2,outer_test,108
kernel_k7,3,inner_train,4
kernel_k7,3,inner_train,6
kernel_k7,3,inner_train,7
kernel_k7,3,inner_train,8
kernel_k7,3,inner_train,9
kernel_k7,3,inner_train,10
kernel_k7,3,inner_train,11
kernel_k7,3,inner_train,12
kernel_k7,3,inner_train,13
kernel_k7,3,inner_train,14
kernel_k7,3,inner_train,15
kernel_k7,3,inner_train,16
kernel_k7,3,inner_train,17
kernel_k7,3,inner_train,19
kernel_k7,3,inner_train,20
kernel_k7,3,inner_train,21
kernel_k7,3,inner_train,22
kernel_k7,3,inner_train,23
kernel_k7,3,inner_train,24
kernel_k7,3,inner_train,25
kernel_k7,3,inner_train,26
kernel_k7,3,inner_train,27
kernel_k7,3,inner_train,29
kernel_k7,3,inner_train,30
kernel_k7,3,inner_train,31
kernel_k7,3,inner_train,34
kernel_k7,3,inner_train,35
kernel_k7,3,inner_train,37
kernel_k7,3,inner_train,39
kernel_k7,3,inner_train,40
kernel_k7,3,inner_train,42
kernel_k7,3,inner_train,44
kernel_k7,3,inner_train,47
kernel_k7,3,inner_train,48
kernel_k7,3,inner_train,50
kernel_k7,3,inner_train,51
kernel_k7,3,inner_train,52
kernel_k7,3,inner_train,53
kernel_k7,3,inner_train,55
kernel_k7,3,inner_train,56
kernel_k7,3,inner_train,57
kernel_k7,3,inner_train,58
kernel_k7,3,inner_train,59
kernel_k7,3,inner_train,60
kernel_k7,3,inner_train,63
kernel_k7,3,inner_train,65
kernel_k7,3,inner_train,66
kernel_k7,3,inner_train,67
kernel_k7,3,inner_train,69
kernel_k7,3,inner_train,70
kernel_k7,3,inner_train,71
kernel_k7,3,inner_train,72
kernel_k7,3,inner_train,73
kernel_k7,3,inner_train,76
kernel_k7,3,inner_train,77
kernel_k7,3,inner_train,78
kernel_k7,3,inner_train,79
kernel_k7,3,inner_train,81
kernel_k7,3,inner_train,82
kernel_k7,3,inner_train,83
kernel_k7,3,inner_train,84
kernel_k7,3,inner_train,85
kernel_k7,3,inner_train,86
kernel_k7,3,inner_train,87
kernel_k7,3,inner_train,90
kernel_k7,3,inner_train,91
kernel_k7,3,inner_train,94
kernel_k7,3,inner_train,95
kernel_k7,3,inner_train,96
kernel_k7,3,inner_train,97
kernel_k7,3,inner_train,98
kernel_k7,3,inner_train,99
kernel_k7,3,inner_train,101
kernel_k7,3,inner_train,102
kernel_k7,3,inner_train,103
kernel_k7,3,inner_train,106
kernel_k7,3,inner_train,107
kernel_k7,3,inner_train,108
kernel_k7,3,inner_train,109
kernel_k7,3,inner_validation,1
kernel_k7,3,inner_validation,2
kernel_k7,3,inner_validation,3
kernel_k7,3,inner_validation,5
kernel_k7,3,inner_validation,33
kernel_k7,3,inner_validation,38
kernel_k7,3,inner_validation,46
kernel_k7,3,inner_validation,54
kernel_k7,3,inner_validation,61
kernel_k7,3,inner_validation,64
kernel_k7,3,inner_validation,68
kernel_k7,3,inner_validation,74
kernel_k7,3,inner_validation,80
kernel_k7,3,inner_validation,93
kernel_k7,3,outer_test,18
kernel_k7,3,outer_test,28
kernel_k7,3,outer_test,32
kernel_k7,3,outer_test,36
kernel_k7,3,outer_test,41
kernel_k7,3,outer_test,45
kernel_k7,3,outer_test,49
kernel_k7,3,outer_test,62
kernel_k7,3,outer_test,75
kernel_k7,3,outer_test,105
kernel_k7,4,inner_train,1
kernel_k7,4,inner_train,2
kernel_k7,4,inner_train,3
kernel_k7,4,inner_train,4
kernel_k7,4,inner_train,5
kernel_k7,4,inner_train,6
kernel_k7,4,inner_train,7
kernel_k7,4,inner_train,9
kernel_k7,4,inner_train,10
kernel_k7,4,inner_train,11
kernel_k7,4,inner_train,14
kernel_k7,4,inner_train,16
kernel_k7,4,inner_train,17
kernel_k7,4,inner_train,18
kernel_k7,4,inner_train,19
kernel_k7,4,inner_train,20
kernel_k7,4,inner_train,21
kernel_k7,4,inner_train,23
kernel_k7,4,inner_train,24
kernel_k7,4,inner_train,25
kernel_k7,4,inner_train,26
kernel_k7,4,inner_train,28
kernel_k7,4,inner_train,29
kernel_k7,4,inner_train,30
kernel_k7,4,inner_train,32
kernel_k7,4,inner_train,34
kernel_k7,4,inner_train,35
kernel_k7,4,inner_train,36
kernel_k7,4,inner_train,38
kernel_k7,4,inner_train,39
kernel_k7,4,inner_train,41
kernel_k7,4,inner_train,45
kernel_k7,4,inner_train,46
kernel_k7,4,inner_train,47
kernel_k7,4,inner_train,49
kernel_k7,4,inner_train,50
kernel_k7,4,inner_train,51
kernel_k7,4,inner_train,52
kernel_k7,4,inner_train,54
kernel_k7,4,inner_train,57
kernel_k7,4,inner_train,58
kernel_k7,4,inner_train,59
kernel_k7,4,inner_train,60
kernel_k7,4,inner_train,61
kernel_k7,4,inner_train,62
kernel_k7,4,inner_train,63
kernel_k7,4,inner_train,64
kernel_k7,4,inner_train,65
kernel_k7,4,inner_train,67
kernel_k7,4,inner_train,68
kernel_k7,4,inner_train,69
kernel_k7,4,inner_train,70
kernel_k7,4,inner_train,71
kernel_k7,4,inner_train,72
kernel_k7,4,inner_train,73
kernel_k7,4,inner_train,75
kernel_k7,4,inner_train,76
kernel_k7,4,inner_train,79
kernel_k7,4,inner_train,80
kernel_k7,4,inner_train,81
kernel_k7,4,inner_train,82
kernel_k7,4,inner_train,83
kernel_k7,4,inner_train,84
kernel_k7,4,inner_train,85
kernel_k7,4,inner_train,87
kernel_k7,4,inner_train,90
kernel_k7,4,inner_train,91
kernel_k7,4,inner_train,93
kernel_k7,4,inner_train,94
kernel_k7,4,inner_train,95
kernel_k7,4,inner_train,96
kernel_k7,4,inner_train,97
kernel_k7,4,inner_train,99
kernel_k7,4,inner_train,101
kernel_k7,4,inner_train,102
kernel_k7,4,inner_train,105
kernel_k7,4,inner_train,106
kernel_k7,4,inner_train,108
kernel_k7,4,inner_train,109
kernel_k7,4,inner_validation,12
kernel_k7,4,inner_validation,13
kernel_k7,4,inner_validation,15
kernel_k7,4,inner_validation,22
kernel_k7,4,inner_validation,33
kernel_k7,4,inner_validation,37
kernel_k7,4,inner_validation,44
kernel_k7,4,inner_validation,53
kernel_k7,4,inner_validation,56
kernel_k7,4,inner_validation,74
kernel_k7,4,inner_validation,77
kernel_k7,4,inner_validation,78
kernel_k7,4,inner_validation,98
kernel_k7,4,inner_validation,103
kernel_k7,4,outer_test,8
kernel_k7,4,outer_test,27
kernel_k7,4,outer_test,31
kernel_k7,4,outer_test,40
kernel_k7,4,outer_test,42
kernel_k7,4,outer_test,48
kernel_k7,4,outer_test,55
kernel_k7,4,outer_test,66
kernel_k7,4,outer_test,86
kernel_k7,4,outer_test,107
kernel_k7,5,inner_train,2
kernel_k7,5,inner_train,3
kernel_k7,5,inner_train,4
kernel_k7,5,inner_train,5
kernel_k7,5,inner_train,6
kernel_k7,5,inner_train,7
kernel_k7,5,inner_train,8
kernel_k7,5,inner_train,9
kernel_k7,5,inner_train,10
kernel_k7,5,inner_train,11
kernel_k7,5,inner_train,12
kernel_k7,5,inner_train,13
kernel_k7,5,inner_train,14
kernel_k7,5,inner_train,17
kernel_k7,5,inner_train,18
kernel_k7,5,inner_train,20
kernel_k7,5,inner_train,21
kernel_k7,5,inner_train,22
kernel_k7,5,inner_train,24
kernel_k7,5,inner_train,25
kernel_k7,5,inner_train,26
kernel_k7,5,inner_train,27
kernel_k7,5,inner_train,29
kernel_k7,5,inner_train,30
kernel_k7,5,inner_train,31
kernel_k7,5,inner_train,33
kernel_k7,5,inner_train,34
kernel_k7,5,inner_train,35
kernel_k7,5,inner_train,36
kernel_k7,5,inner_train,37
kernel_k7,5,inner_train,38
kernel_k7,5,inner_train,39
kernel_k7,5,inner_train,42
kernel_k7,5,inner_train,44
kernel_k7,5,inner_train,45
kernel_k7,5,inner_train,46
kernel_k7,5,inner_train,47
kernel_k7,5,inner_train,48
kernel_k7,5,inner_train,49
kernel_k7,5,inner_train,52
kernel_k7,5,inner_train,54
kernel_k7,5,inner_train,55
kernel_k7,5,inner_train,56
kernel_k7,5,inner_train,57
kernel_k7,5,inner_train,60
kernel_k7,5,inner_train,61
kernel_k7,5,inner_train,63
kernel_k7,5,inner_train,64
kernel_k7,5,inner_train,65
kernel_k7,5,inner_train,66
kernel_k7,5,inner_train,67
kernel_k7,5,inner_train,68
kernel_k7,5,inner_train,69
kernel_k7,5,inner_train,70
kernel_k7,5,inner_train,71
kernel_k7,5,inner_train,72
kernel_k7,5,inner_train,73
kernel_k7,5,inner_train,74
kernel_k7,5,inner_train,75
kernel_k7,5,inner_train,76
kernel_k7,5,inner_train,77
kernel_k7,5,inner_train,78
kernel_k7,5,inner_train,79
kernel_k7,5,inner_train,81
kernel_k7,5,inner_train,82
kernel_k7,5,inner_train,83
kernel_k7,5,inner_train,84
kernel_k7,5,inner_train,85
kernel_k7,5,inner_train,86
kernel_k7,5,inner_train,91
kernel_k7,5,inner_train,93
kernel_k7,5,inner_train,98
kernel_k7,5,inner_train,101
kernel_k7,5,inner_train,102
kernel_k7,5,inner_train,105
kernel_k7,5,inner_train,106
kernel_k7,5,inner_train,107
kernel_k7,5,inner_train,108
kernel_k7,5,inner_train,109
kernel_k7,5,inner_validation,1
kernel_k7,5,inner_validation,16
kernel_k7,5,inner_validation,19
kernel_k7,5,inner_validation,28
kernel_k7,5,inner_validation,32
kernel_k7,5,inner_validation,40
kernel_k7,5,inner_validation,41
kernel_k7,5,inner_validation,51
kernel_k7,5,inner_validation,62
kernel_k7,5,inner_validation,87
kernel_k7,5,inner_validation,95
kernel_k7,5,inner_validation,96
kernel_k7,5,inner_validation,97
kernel_k7,5,inner_validation,103
kernel_k7,5,outer_test,15
kernel_k7,5,outer_test,23
kernel_k7,5,outer_test,50
kernel_k7,5,outer_test,53
kernel_k7,5,outer_test,58
kernel_k7,5,outer_test,59
kernel_k7,5,outer_test,80
kernel_k7,5,outer_test,90
kernel_k7,5,outer_test,94
kernel_k7,5,outer_test,99
kernel_k7,6,inner_train,1
kernel_k7,6,inner_train,3
kernel_k7,6,inner_train,4
kernel_k7,6,inner_train,5
kernel_k7,6,inner_train,6
kernel_k7,6,inner_train,8
kernel_k7,6,inner_train,9
kernel_k7,6,inner_train,12
kernel_k7,6,inner_train,15
kernel_k7,6,inner_train,16
kernel_k7,6,inner_train,17
kernel_k7,6,inner_train,18
kernel_k7,6,inner_train,19
kernel_k7,6,inner_train,22
kernel_k7,6,inner_train,23
kernel_k7,6,inner_train,24
kernel_k7,6,inner_train,25
kernel_k7,6,inner_train,26
kernel_k7,6,inner_train,27
kernel_k7,6,inner_train,30
kernel_k7,6,inner_train,31
kernel_k7,6,inner_train,32
kernel_k7,6,inner_train,33
kernel_k7,6,inner_train,34
kernel_k7,6,inner_train,35
kernel_k7,6,inner_train,36
kernel_k7,6,inner_train,37
kernel_k7,6,inner_train,38
kernel_k7,6,inner_train,39
kernel_k7,6,inner_train,40
kernel_k7,6,inner_train,41
kernel_k7,6,inner_train,42
kernel_k7,6,inner_train,44
kernel_k7,6,inner_train,45
kernel_k7,6,inner_train,46
kernel_k7,6,inner_train,49
kernel_k7,6,inner_train,51
kernel_k7,6,inner_train,52
kernel_k7,6,inner_train,53
kernel_k7,6,inner_train,54
kernel_k7,6,inner_train,55
kernel_k7,6,inner_train,56
kernel_k7,6,inner_train,57
kernel_k7,6,inner_train,58
kernel_k7,6,inner_train,59
kernel_k7,6,inner_train,60
kernel_k7,6,inner_train,61
kernel_k7,6,inner_train,62
kernel_k7,6,inner_train,64
kernel_k7,6,inner_train,65
kernel_k7,6,inner_train,66
kernel_k7,6,inner_train,67
kernel_k7,6,inner_train,68
kernel_k7,6,inner_train,69
kernel_k7,6,inner_train,70
kernel_k7,6,inner_train,72
kernel_k7,6,inner_train,73
kernel_k7,6,inner_train,74
kernel_k7,6,inner_train,75
kernel_k7,6,inner_train,76
kernel_k7,6,inner_train,77
kernel_k7,6,inner_train,78
kernel_k7,6,inner_train,79
kernel_k7,6,inner_train,80
kernel_k7,6,inner_train,81
kernel_k7,6,inner_train,82
kernel_k7,6,inner_train,85
kernel_k7,6,inner_train,87
kernel_k7,6,inner_train,90
kernel_k7,6,inner_train,93
kernel_k7,6,inner_train,94
kernel_k7,6,inner_train,96
kernel_k7,6,inner_train,97
kernel_k7,6,inner_train,102
kernel_k7,6,inner_train,105
kernel_k7,6,inner_train,106
kernel_k7,6,inner_train,107
kernel_k7,6,inner_train,108
kernel_k7,6,inner_train,109
kernel_k7,6,inner_validation,7
kernel_k7,6,inner_validation,10
kernel_k7,6,inner_validation,11
kernel_k7,6,inner_validation,14
kernel_k7,6,inner_validation,21
kernel_k7,6,inner_validation,28
kernel_k7,6,inner_validation,48
kernel_k7,6,inner_validation,50
kernel_k7,6,inner_validation,63
kernel_k7,6,inner_validation,86
kernel_k7,6,inner_validation,91
kernel_k7,6,inner_validation,95
kernel_k7,6,inner_validation,99
kernel_k7,6,inner_validation,103
kernel_k7,6,outer_test,2
kernel_k7,6,outer_test,13
kernel_k7,6,outer_test,20
kernel_k7,6,outer_test,29
kernel_k7,6,outer_test,47
kernel_k7,6,outer_test,71
kernel_k7,6,outer_test,83
kernel_k7,6,outer_test,84
kernel_k7,6,outer_test,98
kernel_k7,6,outer_test,101
kernel_k7,7,inner_train,3
kernel_k7,7,inner_train,4
kernel_k7,7,inner_train,7
kernel_k7,7,inner_train,8
kernel_k7,7,inner_train,9
kernel_k7,7,inner_train,10
kernel_k7,7,inner_train,11
kernel_k7,7,inner_train,12
kernel_k7,7,inner_train,13
kernel_k7,7,inner_train,14
kernel_k7,7,inner_train,15
kernel_k7,7,inner_train,16
kernel_k7,7,inner_train,17
kernel_k7,7,inner_train,18
kernel_k7,7,inner_train,19
kernel_k7,7,inner_train,20
kernel_k7,7,inner_train,21
kernel_k7,7,inner_train,22
kernel_k7,7,inner_train,23
kernel_k7,7,inner_train,24
kernel_k7,7,inner_train,26
kernel_k7,7,inner_train,27
kernel_k7,7,inner_train,29
kernel_k7,7,inner_train,30
kernel_k7,7,inner_train,32
kernel_k7,7,inner_train,33
kernel_k7,7,inner_train,34
kernel_k7,7,inner_train,35
kernel_k7,7,inner_train,36
kernel_k7,7,inner_train,38
kernel_k7,7,inner_train,39
kernel_k7,7,inner_train,40
kernel_k7,7,inner_train,41
kernel_k7,7,inner_train,42
kernel_k7,7,inner_train,45
kernel_k7,7,inner_train,46
kernel_k7,7,inner_train,47
kernel_k7,7,inner_train,48
kernel_k7,7,inner_train,49
kernel_k7,7,inner_train,50
kernel_k7,7,inner_train,51
kernel_k7,7,inner_train,52
kernel_k7,7,inner_train,53
kernel_k7,7,inner_train,55
kernel_k7,7,inner_train,57
kernel_k7,7,inner_train,58
kernel_k7,7,inner_train,59
kernel_k7,7,inner_train,61
kernel_k7,7,inner_train,62
kernel_k7,7,inner_train,63
kernel_k7,7,inner_train,67
kernel_k7,7,inner_train,69
kernel_k7,7,inner_train,70
kernel_k7,7,inner_train,71
kernel_k7,7,inner_train,72
kernel_k7,7,inner_train,73
kernel_k7,7,inner_train,77
kernel_k7,7,inner_train,78
kernel_k7,7,inner_train,79
kernel_k7,7,inner_train,80
kernel_k7,7,inner_train,81
kernel_k7,7,inner_train,82
kernel_k7,7,inner_train,84
kernel_k7,7,inner_train,85
kernel_k7,7,inner_train,87
kernel_k7,7,inner_train,90
kernel_k7,7,inner_train,93
kernel_k7,7,inner_train,94
kernel_k7,7,inner_train,95
kernel_k7,7,inner_train,96
kernel_k7,7,inner_train,98
kernel_k7,7,inner_train,99
kernel_k7,7,inner_train,101
kernel_k7,7,inner_train,105
kernel_k7,7,inner_train,106
kernel_k7,7,inner_train,107
kernel_k7,7,inner_train,108
kernel_k7,7,inner_train,109
kernel_k7,7,inner_validation,1
kernel_k7,7,inner_validation,2
kernel_k7,7,inner_validation,25
kernel_k7,7,inner_validation,28
kernel_k7,7,inner_validation,31
kernel_k7,7,inner_validation,54
kernel_k7,7,inner_validation,56
kernel_k7,7,inner_validation,66
kernel_k7,7,inner_validation,74
kernel_k7,7,inner_validation,75
kernel_k7,7,inner_validation,76
kernel_k7,7,inner_validation,83
kernel_k7,7,inner_validation,86
kernel_k7,7,inner_validation,103
kernel_k7,7,outer_test,5
kernel_k7,7,outer_test,6
kernel_k7,7,outer_test,37
kernel_k7,7,outer_test,44
kernel_k7,7,outer_test,60
kernel_k7,7,outer_test,64
kernel_k7,7,outer_test,65
kernel_k7,7,outer_test,68
kernel_k7,7,outer_test,91
kernel_k7,7,outer_test,97
kernel_k7,7,outer_test,102
kernel_k7,8,inner_train,1
kernel_k7,8,inner_train,2
kernel_k7,8,inner_train,3
kernel_k7,8,inner_train,4
kernel_k7,8,inner_train,5
kernel_k7,8,inner_train,6
kernel_k7,8,inner_train,8
kernel_k7,8,inner_train,9
kernel_k7,8,inner_train,11
kernel_k7,8,inner_train,12
kernel_k7,8,inner_train,13
kernel_k7,8,inner_train,14
kernel_k7,8,inner_train,15
kernel_k7,8,inner_train,16
kernel_k7,8,inner_train,18
kernel_k7,8,inner_train,22
kernel_k7,8,inner_train,23
kernel_k7,8,inner_train,25
kernel_k7,8,inner_train,27
kernel_k7,8,inner_train,28
kernel_k7,8,inner_train,29
kernel_k7,8,inner_train,30
kernel_k7,8,inner_train,31
kernel_k7,8,inner_train,32
kernel_k7,8,inner_train,33
kernel_k7,8,inner_train,34
kernel_k7,8,inner_train,35
kernel_k7,8,inner_train,36
kernel_k7,8,inner_train,37
kernel_k7,8,inner_train,38
kernel_k7,8,inner_train,39
kernel_k7,8,inner_train,40
kernel_k7,8,inner_train,41
kernel_k7,8,inner_train,42
kernel_k7,8,inner_train,44
kernel_k7,8,inner_train,46
kernel_k7,8,inner_train,48
kernel_k7,8,inner_train,49
kernel_k7,8,inner_train,50
kernel_k7,8,inner_train,51
kernel_k7,8,inner_train,52
kernel_k7,8,inner_train,53
kernel_k7,8,inner_train,54
kernel_k7,8,inner_train,55
kernel_k7,8,inner_train,57
kernel_k7,8,inner_train,58
kernel_k7,8,inner_train,59
kernel_k7,8,inner_train,60
kernel_k7,8,inner_train,62
kernel_k7,8,inner_train,67
kernel_k7,8,inner_train,68
kernel_k7,8,inner_train,71
kernel_k7,8,inner_train,72
kernel_k7,8,inner_train,75
kernel_k7,8,inner_train,76
kernel_k7,8,inner_train,77
kernel_k7,8,inner_train,78
kernel_k7,8,inner_train,79
kernel_k7,8,inner_train,80
kernel_k7,8,inner_train,81
kernel_k7,8,inner_train,82
kernel_k7,8,inner_train,84
kernel_k7,8,inner_train,85
kernel_k7,8,inner_train,90
kernel_k7,8,inner_train,91
kernel_k7,8,inner_train,93
kernel_k7,8,inner_train,94
kernel_k7,8,inner_train,96
kernel_k7,8,inner_train,97
kernel_k7,8,inner_train,99
kernel_k7,8,inner_train,101
kernel_k7,8,inner_train,102
kernel_k7,8,inner_train,103
kernel_k7,8,inner_train,105
kernel_k7,8,inner_train,106
kernel_k7,8,inner_train,107
kernel_k7,8,inner_train,108
kernel_k7,8,inner_train,109
kernel_k7,8,inner_validation,10
kernel_k7,8,inner_validation,19
kernel_k7,8,inner_validation,20
kernel_k7,8,inner_validation,21
kernel_k7,8,inner_validation,24
kernel_k7,8,inner_validation,45
kernel_k7,8,inner_validation,47
kernel_k7,8,inner_validation,61
kernel_k7,8,inner_validation,64
kernel_k7,8,inner_validation,65
kernel_k7,8,inner_validation,66
kernel_k7,8,inner_validation,83
kernel_k7,8,inner_validation,86
kernel_k7,8,inner_validation,98
kernel_k7,8,outer_test,7
kernel_k7,8,outer_test,17
kernel_k7,8,outer_test,26
kernel_k7,8,outer_test,56
kernel_k7,8,outer_test,63
kernel_k7,8,outer_test,69
kernel_k7,8,outer_test,70
kernel_k7,8,outer_test,73
kernel_k7,8,outer_test,74
kernel_k7,8,outer_test,87
kernel_k7,8,outer_test,95
kernel_k7,9,inner_train,2
kernel_k7,9,inner_train,4
kernel_k7,9,inner_train,6
kernel_k7,9,inner_train,7
kernel_k7,9,inner_train,8
kernel_k7,9,inner_train,9
kernel_k7,9,inner_train,10
kernel_k7,9,inner_train,12
kernel_k7,9,inner_train,13
kernel_k7,9,inner_train,16
kernel_k7,9,inner_train,17
kernel_k7,9,inner_train,18
kernel_k7,9,inner_train,19
kernel_k7,9,inner_train,20
kernel_k7,9,inner_train,21
kernel_k7,9,inner_train,24
kernel_k7,9,inner_train,25
kernel_k7,9,inner_train,26
kernel_k7,9,inner_train,27
kernel_k7,9,inner_train,28
kernel_k7,9,inner_train,29
kernel_k7,9,inner_train,30
kernel_k7,9,inner_train,31
kernel_k7,9,inner_train,32
kernel_k7,9,inner_train,33
kernel_k7,9,inner_train,34
kernel_k7,9,inner_train,35
kernel_k7,9,inner_train,36
kernel_k7,9,inner_train,37
kernel_k7,9,inner_train,38
kernel_k7,9,inner_train,40
kernel_k7,9,inner_train,41
kernel_k7,9,inner_train,42
kernel_k7,9,inner_train,44
kernel_k7,9,inner_train,45
kernel_k7,9,inner_train,46
kernel_k7,9,inner_train,47
kernel_k7,9,inner_train,48
kernel_k7,9,inner_train,49
kernel_k7,9,inner_train,51
kernel_k7,9,inner_train,53
kernel_k7,9,inner_train,55
kernel_k7,9,inner_train,57
kernel_k7,9,inner_train,58
kernel_k7,9,inner_train,59
kernel_k7,9,inner_train,60
kernel_k7,9,inner_train,61
kernel_k7,9,inner_train,62
kernel_k7,9,inner_train,63
kernel_k7,9,inner_train,64
kernel_k7,9,inner_train,65
kernel_k7,9,inner_train,66
kernel_k7,9,inner_train,67
kernel_k7,9,inner_train,68
kernel_k7,9,inner_train,69
kernel_k7,9,inner_train,70
kernel_k7,9,inner_train,74
kernel_k7,9,inner_train,75
kernel_k7,9,inner_train,78
kernel_k7,9,inner_train,79
kernel_k7,9,inner_train,83
kernel_k7,9,inner_train,84
kernel_k7,9,inner_train,86
kernel_k7,9,inner_train,87
kernel_k7,9,inner_train,90
kernel_k7,9,inner_train,91
kernel_k7,9,inner_train,93
kernel_k7,9,inner_train,94
kernel_k7,9,inner_train,95
kernel_k7,9,inner_train,97
kernel_k7,9,inner_train,98
kernel_k7,9,inner_train,99
kernel_k7,9,inner_train,101
kernel_k7,9,inner_train,103
kernel_k7,9,inner_train,105
kernel_k7,9,inner_train,106
kernel_k7,9,inner_train,107
kernel_k7,9,inner_train,108
kernel_k7,9,inner_validation,1
kernel_k7,9,inner_validation,3
kernel_k7,9,inner_validation,5
kernel_k7,9,inner_validation,15
kernel_k7,9,inner_validation,23
kernel_k7,9,inner_validation,50
kernel_k7,9,inner_validation,54
kernel_k7,9,inner_validation,56
kernel_k7,9,inner_validation,71
kernel_k7,9,inner_validation,73
kernel_k7,9,inner_validation,80
kernel_k7,9,inner_validation,82
kernel_k7,9,inner_validation,96
kernel_k7,9,inner_validation,102
kernel_k7,9,outer_test,11
kernel_k7,9,outer_test,14
kernel_k7,9,outer_test,22
kernel_k7,9,outer_test,39
kernel_k7,9,outer_test,52
kernel_k7,9,outer_test,72
kernel_k7,9,outer_test,76
kernel_k7,9,outer_test,77
kernel_k7,9,outer_test,81
kernel_k7,9,outer_test,85
kernel_k7,9,outer_test,109
kernel_k7,10,inner_train,2
kernel_k7,10,inner_train,3
kernel_k7,10,inner_train,5
kernel_k7,10,inner_train,6
kernel_k7,10,inner_train,7
kernel_k7,10,inner_train,8
kernel_k7,10,inner_train,9
kernel_k7,10,inner_train,11
kernel_k7,10,inner_train,13
kernel_k7,10,inner_train,14
kernel_k7,10,inner_train,15
kernel_k7,10,inner_train,16
kernel_k7,10,inner_train,17
kernel_k7,10,inner_train,18
kernel_k7,10,inner_train,19
kernel_k7,10,inner_train,20
kernel_k7,10,inner_train,21
kernel_k7,10,inner_train,23
kernel_k7,10,inner_train,24
kernel_k7,10,inner_train,25
kernel_k7,10,inner_train,26
kernel_k7,10,inner_train,28
kernel_k7,10,inner_train,29
kernel_k7,10,inner_train,32
kernel_k7,10,inner_train,33
kernel_k7,10,inner_train,35
kernel_k7,10,inner_train,36
kernel_k7,10,inner_train,37
kernel_k7,10,inner_train,39
kernel_k7,10,inner_train,40
kernel_k7,10,inner_train,41
kernel_k7,10,inner_train,42
kernel_k7,10,inner_train,44
kernel_k7,10,inner_train,45
kernel_k7,10,inner_train,46
kernel_k7,10,inner_train,47
kernel_k7,10,inner_train,48
kernel_k7,10,inner_train,49
kernel_k7,10,inner_train,50
kernel_k7,10,inner_train,52
kernel_k7,10,inner_train,53
kernel_k7,10,inner_train,54
kernel_k7,10,inner_train,55
kernel_k7,10,inner_train,58
kernel_k7,10,inner_train,60
kernel_k7,10,inner_train,61
kernel_k7,10,inner_train,62
kernel_k7,10,inner_train,64
kernel_k7,10,inner_train,65
kernel_k7,10,inner_train,66
kernel_k7,10,inner_train,67
kernel_k7,10,inner_train,68
kernel_k7,10,inner_train,69
kernel_k7,10,inner_train,70
kernel_k7,10,inner_train,71
kernel_k7,10,inner_train,72
kernel_k7,10,inner_train,74
kernel_k7,10,inner_train,76
kernel_k7,10,inner_train,77
kernel_k7,10,inner_train,79
kernel_k7,10,inner_train,80
kernel_k7,10,inner_train,81
kernel_k7,10,inner_train,84
kernel_k7,10,inner_train,85
kernel_k7,10,inner_train,86
kernel_k7,10,inner_train,87
kernel_k7,10,inner_train,90
kernel_k7,10,inner_train,91
kernel_k7,10,inner_train,94
kernel_k7,10,inner_train,95
kernel_k7,10,inner_train,96
kernel_k7,10,inner_train,97
kernel_k7,10,inner_train,98
kernel_k7,10,inner_train,99
kernel_k7,10,inner_train,101
kernel_k7,10,inner_train,105
kernel_k7,10,inner_train,107
kernel_k7,10,inner_train,108
kernel_k7,10,inner_train,109
kernel_k7,10,inner_validation,4
kernel_k7,10,inner_validation,10
kernel_k7,10,inner_validation,22
kernel_k7,10,inner_validation,27
kernel_k7,10,inner_validation,31
kernel_k7,10,inner_validation,51
kernel_k7,10,inner_validation,56
kernel_k7,10,inner_validation,59
kernel_k7,10,inner_validation,63
kernel_k7,10,inner_validation,73
kernel_k7,10,inner_validation,75
kernel_k7,10,inner_validation,82
kernel_k7,10,inner_validation,83
kernel_k7,10,inner_validation,102
kernel_k7,10,outer_test,1
kernel_k7,10,outer_test,12
kernel_k7,10,outer_test,30
kernel_k7,10,outer_test,34
kernel_k7,10,outer_test,38
kernel_k7,10,outer_test,57
kernel_k7,10,outer_test,78
kernel_k7,10,outer_test,93
kernel_k7,10,outer_test,103
kernel_k7,10,outer_test,106
kernel_k7_13,1,inner_train,2
kernel_k7_13,1,inner_train,6
kernel_k7_13,1,inner_train,7
kernel_k7_13,1,inner_train,8
kernel_k7_13,1,inner_train,10
kernel_k7_13,1,inner_train,11
kernel_k7_13,1,inner_train,12
kernel_k7_13,1,inner_train,14
kernel_k7_13,1,inner_train,16
kernel_k7_13,1,inner_train,17
kernel_k7_13,1,inner_train,18
kernel_k7_13,1,inner_train,20
kernel_k7_13,1,inner_train,22
kernel_k7_13,1,inner_train,23
kernel_k7_13,1,inner_train,26
kernel_k7_13,1,inner_train,27
kernel_k7_13,1,inner_train,28
kernel_k7_13,1,inner_train,29
kernel_k7_13,1,inner_train,30
kernel_k7_13,1,inner_train,31
kernel_k7_13,1,inner_train,32
kernel_k7_13,1,inner_train,34
kernel_k7_13,1,inner_train,35
kernel_k7_13,1,inner_train,36
kernel_k7_13,1,inner_train,37
kernel_k7_13,1,inner_train,38
kernel_k7_13,1,inner_train,39
kernel_k7_13,1,inner_train,40
kernel_k7_13,1,inner_train,41
kernel_k7_13,1,inner_train,42
kernel_k7_13,1,inner_train,44
kernel_k7_13,1,inner_train,45
kernel_k7_13,1,inner_train,46
kernel_k7_13,1,inner_train,48
kernel_k7_13,1,inner_train,49
kernel_k7_13,1,inner_train,50
kernel_k7_13,1,inner_train,51
kernel_k7_13,1,inner_train,52
kernel_k7_13,1,inner_train,53
kernel_k7_13,1,inner_train,55
kernel_k7_13,1,inner_train,56
kernel_k7_13,1,inner_train,57
kernel_k7_13,1,inner_train,58
kernel_k7_13,1,inner_train,59
kernel_k7_13,1,inner_train,60
kernel_k7_13,1,inner_train,62
kernel_k7_13,1,inner_train,63
kernel_k7_13,1,inner_train,64
kernel_k7_13,1,inner_train,66
kernel_k7_13,1,inner_train,68
kernel_k7_13,1,inner_train,69
kernel_k7_13,1,inner_train,70
kernel_k7_13,1,inner_train,71
kernel_k7_13,1,inner_train,72
kernel_k7_13,1,inner_train,75
kernel_k7_13,1,inner_train,76
kernel_k7_13,1,inner_train,77
kernel_k7_13,1,inner_train,78
kernel_k7_13,1,inner_train,79
kernel_k7_13,1,inner_train,80
kernel_k7_13,1,inner_train,81
kernel_k7_13,1,inner_train,82
kernel_k7_13,1,inner_train,83
kernel_k7_13,1,inner_train,85
kernel_k7_13,1,inner_train,86
kernel_k7_13,1,inner_train,87
kernel_k7_13,1,inner_train,91
kernel_k7_13,1,inner_train,94
kernel_k7_13,1,inner_train,95
kernel_k7_13,1,inner_train,97
kernel_k7_13,1,inner_train,98
kernel_k7_13,1,inner_train,101
kernel_k7_13,1,inner_train,102
kernel_k7_13,1,inner_train,103
kernel_k7_13,1,inner_train,105
kernel_k7_13,1,inner_train,106
kernel_k7_13,1,inner_train,107
kernel_k7_13,1,inner_train,108
kernel_k7_13,1,inner_train,109
kernel_k7_13,1,inner_validation,1
kernel_k7_13,1,inner_validation,5
kernel_k7_13,1,inner_validation,13
kernel_k7_13,1,inner_validation,15
kernel_k7_13,1,inner_validation,19
kernel_k7_13,1,inner_validation,47
kernel_k7_13,1,inner_validation,54
kernel_k7_13,1,inner_validation,65
kernel_k7_13,1,inner_validation,73
kernel_k7_13,1,inner_validation,74
kernel_k7_13,1,inner_validation,84
kernel_k7_13,1,inner_validation,90
kernel_k7_13,1,inner_validation,93
kernel_k7_13,1,inner_validation,99
kernel_k7_13,1,outer_test,3
kernel_k7_13,1,outer_test,4
kernel_k7_13,1,outer_test,9
kernel_k7_13,1,outer_test,21
kernel_k7_13,1,outer_test,24
kernel_k7_13,1,outer_test,25
kernel_k7_13,1,outer_test,33
kernel_k7_13,1,outer_test,61
kernel_k7_13,1,outer_test,67
kernel_k7_13,1,outer_test,96
kernel_k7_13,2,inner_train,1
kernel_k7_13,2,inner_train,2
kernel_k7_13,2,inner_train,3
kernel_k7_13,2,inner_train,4
kernel_k7_13,2,inner_train,5
kernel_k7_13,2,inner_train,6
kernel_k7_13,2,inner_train,7
kernel_k7_13,2,inner_train,9
kernel_k7_13,2,inner_train,11
kernel_k7_13,2,inner_train,12
kernel_k7_13,2,inner_train,13
kernel_k7_13,2,inner_train,14
kernel_k7_13,2,inner_train,15
kernel_k7_13,2,inner_train,17
kernel_k7_13,2,inner_train,18
kernel_k7_13,2,inner_train,20
kernel_k7_13,2,inner_train,21
kernel_k7_13,2,inner_train,22
kernel_k7_13,2,inner_train,24
kernel_k7_13,2,inner_train,25
kernel_k7_13,2,inner_train,26
kernel_k7_13,2,inner_train,27
kernel_k7_13,2,inner_train,29
kernel_k7_13,2,inner_train,30
kernel_k7_13,2,inner_train,31
kernel_k7_13,2,inner_train,32
kernel_k7_13,2,inner_train,33
kernel_k7_13,2,inner_train,34
kernel_k7_13,2,inner_train,36
kernel_k7_13,2,inner_train,37
kernel_k7_13,2,inner_train,39
kernel_k7_13,2,inner_train,40
kernel_k7_13,2,inner_train,41
kernel_k7_13,2,inner_train,42
kernel_k7_13,2,inner_train,44
kernel_k7_13,2,inner_train,47
kernel_k7_13,2,inner_train,48
kernel_k7_13,2,inner_train,50
kernel_k7_13,2,inner_train,52
kernel_k7_13,2,inner_train,53
kernel_k7_13,2,inner_train,55
kernel_k7_13,2,inner_train,56
kernel_k7_13,2,inner_train,57
kernel_k7_13,2,inner_train,58
kernel_k7_13,2,inner_train,59
kernel_k7_13,2,inner_train,60
kernel_k7_13,2,inner_train,62
kernel_k7_13,2,inner_train,64
kernel_k7_13,2,inner_train,65
kernel_k7_13,2,inner_train,66
kernel_k7_13,2,inner_train,68
kernel_k7_13,2,inner_train,69
kernel_k7_13,2,inner_train,70
kernel_k7_13,2,inner_train,71
kernel_k7_13,2,inner_train,72
kernel_k7_13,2,inner_train,75
kernel_k7_13,2,inner_train,76
kernel_k7_13,2,inner_train,77
kernel_k7_13,2,inner_train,78
kernel_k7_13,2,inner_train,80
kernel_k7_13,2,inner_train,81
kernel_k7_13,2,inner_train,83
kernel_k7_13,2,inner_train,85
kernel_k7_13,2,inner_train,86
kernel_k7_13,2,inner_train,87
kernel_k7_13,2,inner_train,90
kernel_k7_13,2,inner_train,91
kernel_k7_13,2,inner_train,93
kernel_k7_13,2,inner_train,94
kernel_k7_13,2,inner_train,95
kernel_k7_13,2,inner_train,96
kernel_k7_13,2,inner_train,97
kernel_k7_13,2,inner_train,98
kernel_k7_13,2,inner_train,99
kernel_k7_13,2,inner_train,102
kernel_k7_13,2,inner_train,103
kernel_k7_13,2,inner_train,105
kernel_k7_13,2,inner_train,106
kernel_k7_13,2,inner_train,107
kernel_k7_13,2,inner_validation,8
kernel_k7_13,2,inner_validation,23
kernel_k7_13,2,inner_validation,28
kernel_k7_13,2,inner_validation,38
kernel_k7_13,2,inner_validation,45
kernel_k7_13,2,inner_validation,49
kernel_k7_13,2,inner_validation,61
kernel_k7_13,2,inner_validation,63
kernel_k7_13,2,inner_validation,67
kernel_k7_13,2,inner_validation,73
kernel_k7_13,2,inner_validation,74
kernel_k7_13,2,inner_validation,84
kernel_k7_13,2,inner_validation,101
kernel_k7_13,2,inner_validation,109
kernel_k7_13,2,outer_test,10
kernel_k7_13,2,outer_test,16
kernel_k7_13,2,outer_test,19
kernel_k7_13,2,outer_test,35
kernel_k7_13,2,outer_test,46
kernel_k7_13,2,outer_test,51
kernel_k7_13,2,outer_test,54
kernel_k7_13,2,outer_test,79
kernel_k7_13,2,outer_test,82
kernel_k7_13,2,outer_test,108
kernel_k7_13,3,inner_train,4
kernel_k7_13,3,inner_train,6
kernel_k7_13,3,inner_train,7
kernel_k7_13,3,inner_train,8
kernel_k7_13,3,inner_train,9
kernel_k7_13,3,inner_train,10
kernel_k7_13,3,inner_train,11
kernel_k7_13,3,inner_train,12
kernel_k7_13,3,inner_train,13
kernel_k7_13,3,inner_train,14
kernel_k7_13,3,inner_train,15
kernel_k7_13,3,inner_train,16
kernel_k7_13,3,inner_train,17
kernel_k7_13,3,inner_train,19
kernel_k7_13,3,inner_train,20
kernel_k7_13,3,inner_train,21
kernel_k7_13,3,inner_train,22
kernel_k7_13,3,inner_train,23
kernel_k7_13,3,inner_train,24
kernel_k7_13,3,inner_train,25
kernel_k7_13,3,inner_train,26
kernel_k7_13,3,inner_train,27
kernel_k7_13,3,inner_train,29
kernel_k7_13,3,inner_train,30
kernel_k7_13,3,inner_train,31
kernel_k7_13,3,inner_train,34
kernel_k7_13,3,inner_train,35
kernel_k7_13,3,inner_train,37
kernel_k7_13,3,inner_train,39
kernel_k7_13,3,inner_train,40
kernel_k7_13,3,inner_train,42
kernel_k7_13,3,inner_train,44
kernel_k7_13,3,inner_train,47
kernel_k7_13,3,inner_train,48
kernel_k7_13,3,inner_train,50
kernel_k7_13,3,inner_train,51
kernel_k7_13,3,inner_train,52
kernel_k7_13,3,inner_train,53
kernel_k7_13,3,inner_train,55
kernel_k7_13,3,inner_train,56
kernel_k7_13,3,inner_train,57
kernel_k7_13,3,inner_train,58
kernel_k7_13,3,inner_train,59
kernel_k7_13,3,inner_train,60
kernel_k7_13,3,inner_train,63
kernel_k7_13,3,inner_train,65
kernel_k7_13,3,inner_train,66
kernel_k7_13,3,inner_train,67
kernel_k7_13,3,inner_train,69
kernel_k7_13,3,inner_train,70
kernel_k7_13,3,inner_train,71
kernel_k7_13,3,inner_train,72
kernel_k7_13,3,inner_train,73
kernel_k7_13,3,inner_train,76
kernel_k7_13,3,inner_train,77
kernel_k7_13,3,inner_train,78
kernel_k7_13,3,inner_train,79
kernel_k7_13,3,inner_train,81
kernel_k7_13,3,inner_train,82
kernel_k7_13,3,inner_train,83
kernel_k7_13,3,inner_train,84
kernel_k7_13,3,inner_train,85
kernel_k7_13,3,inner_train,86
kernel_k7_13,3,inner_train,87
kernel_k7_13,3,inner_train,90
kernel_k7_13,3,inner_train,91
kernel_k7_13,3,inner_train,94
kernel_k7_13,3,inner_train,95
kernel_k7_13,3,inner_train,96
kernel_k7_13,3,inner_train,97
kernel_k7_13,3,inner_train,98
kernel_k7_13,3,inner_train,99
kernel_k7_13,3,inner_train,101
kernel_k7_13,3,inner_train,102
kernel_k7_13,3,inner_train,103
kernel_k7_13,3,inner_train,106
kernel_k7_13,3,inner_train,107
kernel_k7_13,3,inner_train,108
kernel_k7_13,3,inner_train,109
kernel_k7_13,3,inner_validation,1
kernel_k7_13,3,inner_validation,2
kernel_k7_13,3,inner_validation,3
kernel_k7_13,3,inner_validation,5
kernel_k7_13,3,inner_validation,33
kernel_k7_13,3,inner_validation,38
kernel_k7_13,3,inner_validation,46
kernel_k7_13,3,inner_validation,54
kernel_k7_13,3,inner_validation,61
kernel_k7_13,3,inner_validation,64
kernel_k7_13,3,inner_validation,68
kernel_k7_13,3,inner_validation,74
kernel_k7_13,3,inner_validation,80
kernel_k7_13,3,inner_validation,93
kernel_k7_13,3,outer_test,18
kernel_k7_13,3,outer_test,28
kernel_k7_13,3,outer_test,32
kernel_k7_13,3,outer_test,36
kernel_k7_13,3,outer_test,41
kernel_k7_13,3,outer_test,45
kernel_k7_13,3,outer_test,49
kernel_k7_13,3,outer_test,62
kernel_k7_13,3,outer_test,75
kernel_k7_13,3,outer_test,105
kernel_k7_13,4,inner_train,1
kernel_k7_13,4,inner_train,2
kernel_k7_13,4,inner_train,3
kernel_k7_13,4,inner_train,4
kernel_k7_13,4,inner_train,5
kernel_k7_13,4,inner_train,6
kernel_k7_13,4,inner_train,7
kernel_k7_13,4,inner_train,9
kernel_k7_13,4,inner_train,10
kernel_k7_13,4,inner_train,11
kernel_k7_13,4,inner_train,14
kernel_k7_13,4,inner_train,16
kernel_k7_13,4,inner_train,17
kernel_k7_13,4,inner_train,18
kernel_k7_13,4,inner_train,19
kernel_k7_13,4,inner_train,20
kernel_k7_13,4,inner_train,21
kernel_k7_13,4,inner_train,23
kernel_k7_13,4,inner_train,24
kernel_k7_13,4,inner_train,25
kernel_k7_13,4,inner_train,26
kernel_k7_13,4,inner_train,28
kernel_k7_13,4,inner_train,29
kernel_k7_13,4,inner_train,30
kernel_k7_13,4,inner_train,32
kernel_k7_13,4,inner_train,34
kernel_k7_13,4,inner_train,35
kernel_k7_13,4,inner_train,36
kernel_k7_13,4,inner_train,38
kernel_k7_13,4,inner_train,39
kernel_k7_13,4,inner_train,41
kernel_k7_13,4,inner_train,45
kernel_k7_13,4,inner_train,46
kernel_k7_13,4,inner_train,47
kernel_k7_13,4,inner_train,49
kernel_k7_13,4,inner_train,50
kernel_k7_13,4,inner_train,51
kernel_k7_13,4,inner_train,52
kernel_k7_13,4,inner_train,54
kernel_k7_13,4,inner_train,57
kernel_k7_13,4,inner_train,58
kernel_k7_13,4,inner_train,59
kernel_k7_13,4,inner_train,60
kernel_k7_13,4,inner_train,61
kernel_k7_13,4,inner_train,62
kernel_k7_13,4,inner_train,63
kernel_k7_13,4,inner_train,64
kernel_k7_13,4,inner_train,65
kernel_k7_13,4,inner_train,67
kernel_k7_13,4,inner_train,68
kernel_k7_13,4,inner_train,69
kernel_k7_13,4,inner_train,70
kernel_k7_13,4,inner_train,71
kernel_k7_13,4,inner_train,72
kernel_k7_13,4,inner_train,73
kernel_k7_13,4,inner_train,75
kernel_k7_13,4,inner_train,76
kernel_k7_13,4,inner_train,79
kernel_k7_13,4,inner_train,80
kernel_k7_13,4,inner_train,81
kernel_k7_13,4,inner_train,82
kernel_k7_13,4,inner_train,83
kernel_k7_13,4,inner_train,84
kernel_k7_13,4,inner_train,85
kernel_k7_13,4,inner_train,87
kernel_k7_13,4,inner_train,90
kernel_k7_13,4,inner_train,91
kernel_k7_13,4,inner_train,93
kernel_k7_13,4,inner_train,94
kernel_k7_13,4,inner_train,95
kernel_k7_13,4,inner_train,96
kernel_k7_13,4,inner_train,97
kernel_k7_13,4,inner_train,99
kernel_k7_13,4,inner_train,101
kernel_k7_13,4,inner_train,102
kernel_k7_13,4,inner_train,105
kernel_k7_13,4,inner_train,106
kernel_k7_13,4,inner_train,108
kernel_k7_13,4,inner_train,109
kernel_k7_13,4,inner_validation,12
kernel_k7_13,4,inner_validation,13
kernel_k7_13,4,inner_validation,15
kernel_k7_13,4,inner_validation,22
kernel_k7_13,4,inner_validation,33
kernel_k7_13,4,inner_validation,37
kernel_k7_13,4,inner_validation,44
kernel_k7_13,4,inner_validation,53
kernel_k7_13,4,inner_validation,56
kernel_k7_13,4,inner_validation,74
kernel_k7_13,4,inner_validation,77
kernel_k7_13,4,inner_validation,78
kernel_k7_13,4,inner_validation,98
kernel_k7_13,4,inner_validation,103
kernel_k7_13,4,outer_test,8
kernel_k7_13,4,outer_test,27
kernel_k7_13,4,outer_test,31
kernel_k7_13,4,outer_test,40
kernel_k7_13,4,outer_test,42
kernel_k7_13,4,outer_test,48
kernel_k7_13,4,outer_test,55
kernel_k7_13,4,outer_test,66
kernel_k7_13,4,outer_test,86
kernel_k7_13,4,outer_test,107
kernel_k7_13,5,inner_train,2
kernel_k7_13,5,inner_train,3
kernel_k7_13,5,inner_train,4
kernel_k7_13,5,inner_train,5
kernel_k7_13,5,inner_train,6
kernel_k7_13,5,inner_train,7
kernel_k7_13,5,inner_train,8
kernel_k7_13,5,inner_train,9
kernel_k7_13,5,inner_train,10
kernel_k7_13,5,inner_train,11
kernel_k7_13,5,inner_train,12
kernel_k7_13,5,inner_train,13
kernel_k7_13,5,inner_train,14
kernel_k7_13,5,inner_train,17
kernel_k7_13,5,inner_train,18
kernel_k7_13,5,inner_train,20
kernel_k7_13,5,inner_train,21
kernel_k7_13,5,inner_train,22
kernel_k7_13,5,inner_train,24
kernel_k7_13,5,inner_train,25
kernel_k7_13,5,inner_train,26
kernel_k7_13,5,inner_train,27
kernel_k7_13,5,inner_train,29
kernel_k7_13,5,inner_train,30
kernel_k7_13,5,inner_train,31
kernel_k7_13,5,inner_train,33
kernel_k7_13,5,inner_train,34
kernel_k7_13,5,inner_train,35
kernel_k7_13,5,inner_train,36
kernel_k7_13,5,inner_train,37
kernel_k7_13,5,inner_train,38
kernel_k7_13,5,inner_train,39
kernel_k7_13,5,inner_train,42
kernel_k7_13,5,inner_train,44
kernel_k7_13,5,inner_train,45
kernel_k7_13,5,inner_train,46
kernel_k7_13,5,inner_train,47
kernel_k7_13,5,inner_train,48
kernel_k7_13,5,inner_train,49
kernel_k7_13,5,inner_train,52
kernel_k7_13,5,inner_train,54
kernel_k7_13,5,inner_train,55
kernel_k7_13,5,inner_train,56
kernel_k7_13,5,inner_train,57
kernel_k7_13,5,inner_train,60
kernel_k7_13,5,inner_train,61
kernel_k7_13,5,inner_train,63
kernel_k7_13,5,inner_train,64
kernel_k7_13,5,inner_train,65
kernel_k7_13,5,inner_train,66
kernel_k7_13,5,inner_train,67
kernel_k7_13,5,inner_train,68
kernel_k7_13,5,inner_train,69
kernel_k7_13,5,inner_train,70
kernel_k7_13,5,inner_train,71
kernel_k7_13,5,inner_train,72
kernel_k7_13,5,inner_train,73
kernel_k7_13,5,inner_train,74
kernel_k7_13,5,inner_train,75
kernel_k7_13,5,inner_train,76
kernel_k7_13,5,inner_train,77
kernel_k7_13,5,inner_train,78
kernel_k7_13,5,inner_train,79
kernel_k7_13,5,inner_train,81
kernel_k7_13,5,inner_train,82
kernel_k7_13,5,inner_train,83
kernel_k7_13,5,inner_train,84
kernel_k7_13,5,inner_train,85
kernel_k7_13,5,inner_train,86
kernel_k7_13,5,inner_train,91
kernel_k7_13,5,inner_train,93
kernel_k7_13,5,inner_train,98
kernel_k7_13,5,inner_train,101
kernel_k7_13,5,inner_train,102
kernel_k7_13,5,inner_train,105
kernel_k7_13,5,inner_train,106
kernel_k7_13,5,inner_train,107
kernel_k7_13,5,inner_train,108
kernel_k7_13,5,inner_train,109
kernel_k7_13,5,inner_validation,1
kernel_k7_13,5,inner_validation,16
kernel_k7_13,5,inner_validation,19
kernel_k7_13,5,inner_validation,28
kernel_k7_13,5,inner_validation,32
kernel_k7_13,5,inner_validation,40
kernel_k7_13,5,inner_validation,41
kernel_k7_13,5,inner_validation,51
kernel_k7_13,5,inner_validation,62
kernel_k7_13,5,inner_validation,87
kernel_k7_13,5,inner_validation,95
kernel_k7_13,5,inner_validation,96
kernel_k7_13,5,inner_validation,97
kernel_k7_13,5,inner_validation,103
kernel_k7_13,5,outer_test,15
kernel_k7_13,5,outer_test,23
kernel_k7_13,5,outer_test,50
kernel_k7_13,5,outer_test,53
kernel_k7_13,5,outer_test,58
kernel_k7_13,5,outer_test,59
kernel_k7_13,5,outer_test,80
kernel_k7_13,5,outer_test,90
kernel_k7_13,5,outer_test,94
kernel_k7_13,5,outer_test,99
kernel_k7_13,6,inner_train,1
kernel_k7_13,6,inner_train,3
kernel_k7_13,6,inner_train,4
kernel_k7_13,6,inner_train,5
kernel_k7_13,6,inner_train,6
kernel_k7_13,6,inner_train,8
kernel_k7_13,6,inner_train,9
kernel_k7_13,6,inner_train,12
kernel_k7_13,6,inner_train,15
kernel_k7_13,6,inner_train,16
kernel_k7_13,6,inner_train,17
kernel_k7_13,6,inner_train,18
kernel_k7_13,6,inner_train,19
kernel_k7_13,6,inner_train,22
kernel_k7_13,6,inner_train,23
kernel_k7_13,6,inner_train,24
kernel_k7_13,6,inner_train,25
kernel_k7_13,6,inner_train,26
kernel_k7_13,6,inner_train,27
kernel_k7_13,6,inner_train,30
kernel_k7_13,6,inner_train,31
kernel_k7_13,6,inner_train,32
kernel_k7_13,6,inner_train,33
kernel_k7_13,6,inner_train,34
kernel_k7_13,6,inner_train,35
kernel_k7_13,6,inner_train,36
kernel_k7_13,6,inner_train,37
kernel_k7_13,6,inner_train,38
kernel_k7_13,6,inner_train,39
kernel_k7_13,6,inner_train,40
kernel_k7_13,6,inner_train,41
kernel_k7_13,6,inner_train,42
kernel_k7_13,6,inner_train,44
kernel_k7_13,6,inner_train,45
kernel_k7_13,6,inner_train,46
kernel_k7_13,6,inner_train,49
kernel_k7_13,6,inner_train,51
kernel_k7_13,6,inner_train,52
kernel_k7_13,6,inner_train,53
kernel_k7_13,6,inner_train,54
kernel_k7_13,6,inner_train,55
kernel_k7_13,6,inner_train,56
kernel_k7_13,6,inner_train,57
kernel_k7_13,6,inner_train,58
kernel_k7_13,6,inner_train,59
kernel_k7_13,6,inner_train,60
kernel_k7_13,6,inner_train,61
kernel_k7_13,6,inner_train,62
kernel_k7_13,6,inner_train,64
kernel_k7_13,6,inner_train,65
kernel_k7_13,6,inner_train,66
kernel_k7_13,6,inner_train,67
kernel_k7_13,6,inner_train,68
kernel_k7_13,6,inner_train,69
kernel_k7_13,6,inner_train,70
kernel_k7_13,6,inner_train,72
kernel_k7_13,6,inner_train,73
kernel_k7_13,6,inner_train,74
kernel_k7_13,6,inner_train,75
kernel_k7_13,6,inner_train,76
kernel_k7_13,6,inner_train,77
kernel_k7_13,6,inner_train,78
kernel_k7_13,6,inner_train,79
kernel_k7_13,6,inner_train,80
kernel_k7_13,6,inner_train,81
kernel_k7_13,6,inner_train,82
kernel_k7_13,6,inner_train,85
kernel_k7_13,6,inner_train,87
kernel_k7_13,6,inner_train,90
kernel_k7_13,6,inner_train,93
kernel_k7_13,6,inner_train,94
kernel_k7_13,6,inner_train,96
kernel_k7_13,6,inner_train,97
kernel_k7_13,6,inner_train,102
kernel_k7_13,6,inner_train,105
kernel_k7_13,6,inner_train,106
kernel_k7_13,6,inner_train,107
kernel_k7_13,6,inner_train,108
kernel_k7_13,6,inner_train,109
kernel_k7_13,6,inner_validation,7
kernel_k7_13,6,inner_validation,10
kernel_k7_13,6,inner_validation,11
kernel_k7_13,6,inner_validation,14
kernel_k7_13,6,inner_validation,21
kernel_k7_13,6,inner_validation,28
kernel_k7_13,6,inner_validation,48
kernel_k7_13,6,inner_validation,50
kernel_k7_13,6,inner_validation,63
kernel_k7_13,6,inner_validation,86
kernel_k7_13,6,inner_validation,91
kernel_k7_13,6,inner_validation,95
kernel_k7_13,6,inner_validation,99
kernel_k7_13,6,inner_validation,103
kernel_k7_13,6,outer_test,2
kernel_k7_13,6,outer_test,13
kernel_k7_13,6,outer_test,20
kernel_k7_13,6,outer_test,29
kernel_k7_13,6,outer_test,47
kernel_k7_13,6,outer_test,71
kernel_k7_13,6,outer_test,83
kernel_k7_13,6,outer_test,84
kernel_k7_13,6,outer_test,98
kernel_k7_13,6,outer_test,101
kernel_k7_13,7,inner_train,3
kernel_k7_13,7,inner_train,4
kernel_k7_13,7,inner_train,7
kernel_k7_13,7,inner_train,8
kernel_k7_13,7,inner_train,9
kernel_k7_13,7,inner_train,10
kernel_k7_13,7,inner_train,11
kernel_k7_13,7,inner_train,12
kernel_k7_13,7,inner_train,13
kernel_k7_13,7,inner_train,14
kernel_k7_13,7,inner_train,15
kernel_k7_13,7,inner_train,16
kernel_k7_13,7,inner_train,17
kernel_k7_13,7,inner_train,18
kernel_k7_13,7,inner_train,19
kernel_k7_13,7,inner_train,20
kernel_k7_13,7,inner_train,21
kernel_k7_13,7,inner_train,22
kernel_k7_13,7,inner_train,23
kernel_k7_13,7,inner_train,24
kernel_k7_13,7,inner_train,26
kernel_k7_13,7,inner_train,27
kernel_k7_13,7,inner_train,29
kernel_k7_13,7,inner_train,30
kernel_k7_13,7,inner_train,32
kernel_k7_13,7,inner_train,33
kernel_k7_13,7,inner_train,34
kernel_k7_13,7,inner_train,35
kernel_k7_13,7,inner_train,36
kernel_k7_13,7,inner_train,38
kernel_k7_13,7,inner_train,39
kernel_k7_13,7,inner_train,40
kernel_k7_13,7,inner_train,41
kernel_k7_13,7,inner_train,42
kernel_k7_13,7,inner_train,45
kernel_k7_13,7,inner_train,46
kernel_k7_13,7,inner_train,47
kernel_k7_13,7,inner_train,48
kernel_k7_13,7,inner_train,49
kernel_k7_13,7,inner_train,50
kernel_k7_13,7,inner_train,51
kernel_k7_13,7,inner_train,52
kernel_k7_13,7,inner_train,53
kernel_k7_13,7,inner_train,55
kernel_k7_13,7,inner_train,57
kernel_k7_13,7,inner_train,58
kernel_k7_13,7,inner_train,59
kernel_k7_13,7,inner_train,61
kernel_k7_13,7,inner_train,62
kernel_k7_13,7,inner_train,63
kernel_k7_13,7,inner_train,67
kernel_k7_13,7,inner_train,69
kernel_k7_13,7,inner_train,70
kernel_k7_13,7,inner_train,71
kernel_k7_13,7,inner_train,72
kernel_k7_13,7,inner_train,73
kernel_k7_13,7,inner_train,77
kernel_k7_13,7,inner_train,78
kernel_k7_13,7,inner_train,79
kernel_k7_13,7,inner_train,80
kernel_k7_13,7,inner_train,81
kernel_k7_13,7,inner_train,82
kernel_k7_13,7,inner_train,84
kernel_k7_13,7,inner_train,85
kernel_k7_13,7,inner_train,87
kernel_k7_13,7,inner_train,90
kernel_k7_13,7,inner_train,93
kernel_k7_13,7,inner_train,94
kernel_k7_13,7,inner_train,95
kernel_k7_13,7,inner_train,96
kernel_k7_13,7,inner_train,98
kernel_k7_13,7,inner_train,99
kernel_k7_13,7,inner_train,101
kernel_k7_13,7,inner_train,105
kernel_k7_13,7,inner_train,106
kernel_k7_13,7,inner_train,107
kernel_k7_13,7,inner_train,108
kernel_k7_13,7,inner_train,109
kernel_k7_13,7,inner_validation,1
kernel_k7_13,7,inner_validation,2
kernel_k7_13,7,inner_validation,25
kernel_k7_13,7,inner_validation,28
kernel_k7_13,7,inner_validation,31
kernel_k7_13,7,inner_validation,54
kernel_k7_13,7,inner_validation,56
kernel_k7_13,7,inner_validation,66
kernel_k7_13,7,inner_validation,74
kernel_k7_13,7,inner_validation,75
kernel_k7_13,7,inner_validation,76
kernel_k7_13,7,inner_validation,83
kernel_k7_13,7,inner_validation,86
kernel_k7_13,7,inner_validation,103
kernel_k7_13,7,outer_test,5
kernel_k7_13,7,outer_test,6
kernel_k7_13,7,outer_test,37
kernel_k7_13,7,outer_test,44
kernel_k7_13,7,outer_test,60
kernel_k7_13,7,outer_test,64
kernel_k7_13,7,outer_test,65
kernel_k7_13,7,outer_test,68
kernel_k7_13,7,outer_test,91
kernel_k7_13,7,outer_test,97
kernel_k7_13,7,outer_test,102
kernel_k7_13,8,inner_train,1
kernel_k7_13,8,inner_train,2
kernel_k7_13,8,inner_train,3
kernel_k7_13,8,inner_train,4
kernel_k7_13,8,inner_train,5
kernel_k7_13,8,inner_train,6
kernel_k7_13,8,inner_train,8
kernel_k7_13,8,inner_train,9
kernel_k7_13,8,inner_train,11
kernel_k7_13,8,inner_train,12
kernel_k7_13,8,inner_train,13
kernel_k7_13,8,inner_train,14
kernel_k7_13,8,inner_train,15
kernel_k7_13,8,inner_train,16
kernel_k7_13,8,inner_train,18
kernel_k7_13,8,inner_train,22
kernel_k7_13,8,inner_train,23
kernel_k7_13,8,inner_train,25
kernel_k7_13,8,inner_train,27
kernel_k7_13,8,inner_train,28
kernel_k7_13,8,inner_train,29
kernel_k7_13,8,inner_train,30
kernel_k7_13,8,inner_train,31
kernel_k7_13,8,inner_train,32
kernel_k7_13,8,inner_train,33
kernel_k7_13,8,inner_train,34
kernel_k7_13,8,inner_train,35
kernel_k7_13,8,inner_train,36
kernel_k7_13,8,inner_train,37
kernel_k7_13,8,inner_train,38
kernel_k7_13,8,inner_train,39
kernel_k7_13,8,inner_train,40
kernel_k7_13,8,inner_train,41
kernel_k7_13,8,inner_train,42
kernel_k7_13,8,inner_train,44
kernel_k7_13,8,inner_train,46
kernel_k7_13,8,inner_train,48
kernel_k7_13,8,inner_train,49
kernel_k7_13,8,inner_train,50
kernel_k7_13,8,inner_train,51
kernel_k7_13,8,inner_train,52
kernel_k7_13,8,inner_train,53
kernel_k7_13,8,inner_train,54
kernel_k7_13,8,inner_train,55
kernel_k7_13,8,inner_train,57
kernel_k7_13,8,inner_train,58
kernel_k7_13,8,inner_train,59
kernel_k7_13,8,inner_train,60
kernel_k7_13,8,inner_train,62
kernel_k7_13,8,inner_train,67
kernel_k7_13,8,inner_train,68
kernel_k7_13,8,inner_train,71
kernel_k7_13,8,inner_train,72
kernel_k7_13,8,inner_train,75
kernel_k7_13,8,inner_train,76
kernel_k7_13,8,inner_train,77
kernel_k7_13,8,inner_train,78
kernel_k7_13,8,inner_train,79
kernel_k7_13,8,inner_train,80
kernel_k7_13,8,inner_train,81
kernel_k7_13,8,inner_train,82
kernel_k7_13,8,inner_train,84
kernel_k7_13,8,inner_train,85
kernel_k7_13,8,inner_train,90
kernel_k7_13,8,inner_train,91
kernel_k7_13,8,inner_train,93
kernel_k7_13,8,inner_train,94
kernel_k7_13,8,inner_train,96
kernel_k7_13,8,inner_train,97
kernel_k7_13,8,inner_train,99
kernel_k7_13,8,inner_train,101
kernel_k7_13,8,inner_train,102
kernel_k7_13,8,inner_train,103
kernel_k7_13,8,inner_train,105
kernel_k7_13,8,inner_train,106
kernel_k7_13,8,inner_train,107
kernel_k7_13,8,inner_train,108
kernel_k7_13,8,inner_train,109
kernel_k7_13,8,inner_validation,10
kernel_k7_13,8,inner_validation,19
kernel_k7_13,8,inner_validation,20
kernel_k7_13,8,inner_validation,21
kernel_k7_13,8,inner_validation,24
kernel_k7_13,8,inner_validation,45
kernel_k7_13,8,inner_validation,47
kernel_k7_13,8,inner_validation,61
kernel_k7_13,8,inner_validation,64
kernel_k7_13,8,inner_validation,65
kernel_k7_13,8,inner_validation,66
kernel_k7_13,8,inner_validation,83
kernel_k7_13,8,inner_validation,86
kernel_k7_13,8,inner_validation,98
kernel_k7_13,8,outer_test,7
kernel_k7_13,8,outer_test,17
kernel_k7_13,8,outer_test,26
kernel_k7_13,8,outer_test,56
kernel_k7_13,8,outer_test,63
kernel_k7_13,8,outer_test,69
kernel_k7_13,8,outer_test,70
kernel_k7_13,8,outer_test,73
kernel_k7_13,8,outer_test,74
kernel_k7_13,8,outer_test,87
kernel_k7_13,8,outer_test,95
kernel_k7_13,9,inner_train,2
kernel_k7_13,9,inner_train,4
kernel_k7_13,9,inner_train,6
kernel_k7_13,9,inner_train,7
kernel_k7_13,9,inner_train,8
kernel_k7_13,9,inner_train,9
kernel_k7_13,9,inner_train,10
kernel_k7_13,9,inner_train,12
kernel_k7_13,9,inner_train,13
kernel_k7_13,9,inner_train,16
kernel_k7_13,9,inner_train,17
kernel_k7_13,9,inner_train,18
kernel_k7_13,9,inner_train,19
kernel_k7_13,9,inner_train,20
kernel_k7_13,9,inner_train,21
kernel_k7_13,9,inner_train,24
kernel_k7_13,9,inner_train,25
kernel_k7_13,9,inner_train,26
kernel_k7_13,9,inner_train,27
kernel_k7_13,9,inner_train,28
kernel_k7_13,9,inner_train,29
kernel_k7_13,9,inner_train,30
kernel_k7_13,9,inner_train,31
kernel_k7_13,9,inner_train,32
kernel_k7_13,9,inner_train,33
kernel_k7_13,9,inner_train,34
kernel_k7_13,9,inner_train,35
kernel_k7_13,9,inner_train,36
kernel_k7_13,9,inner_train,37
kernel_k7_13,9,inner_train,38
kernel_k7_13,9,inner_train,40
kernel_k7_13,9,inner_train,41
kernel_k7_13,9,inner_train,42
kernel_k7_13,9,inner_train,44
kernel_k7_13,9,inner_train,45
kernel_k7_13,9,inner_train,46
kernel_k7_13,9,inner_train,47
kernel_k7_13,9,inner_train,48
kernel_k7_13,9,inner_train,49
kernel_k7_13,9,inner_train,51
kernel_k7_13,9,inner_train,53
kernel_k7_13,9,inner_train,55
kernel_k7_13,9,inner_train,57
kernel_k7_13,9,inner_train,58
kernel_k7_13,9,inner_train,59
kernel_k7_13,9,inner_train,60
kernel_k7_13,9,inner_train,61
kernel_k7_13,9,inner_train,62
kernel_k7_13,9,inner_train,63
kernel_k7_13,9,inner_train,64
kernel_k7_13,9,inner_train,65
kernel_k7_13,9,inner_train,66
kernel_k7_13,9,inner_train,67
kernel_k7_13,9,inner_train,68
kernel_k7_13,9,inner_train,69
kernel_k7_13,9,inner_train,70
kernel_k7_13,9,inner_train,74
kernel_k7_13,9,inner_train,75
kernel_k7_13,9,inner_train,78
kernel_k7_13,9,inner_train,79
kernel_k7_13,9,inner_train,83
kernel_k7_13,9,inner_train,84
kernel_k7_13,9,inner_train,86
kernel_k7_13,9,inner_train,87
kernel_k7_13,9,inner_train,90
kernel_k7_13,9,inner_train,91
kernel_k7_13,9,inner_train,93
kernel_k7_13,9,inner_train,94
kernel_k7_13,9,inner_train,95
kernel_k7_13,9,inner_train,97
kernel_k7_13,9,inner_train,98
kernel_k7_13,9,inner_train,99
kernel_k7_13,9,inner_train,101
kernel_k7_13,9,inner_train,103
kernel_k7_13,9,inner_train,105
kernel_k7_13,9,inner_train,106
kernel_k7_13,9,inner_train,107
kernel_k7_13,9,inner_train,108
kernel_k7_13,9,inner_validation,1
kernel_k7_13,9,inner_validation,3
kernel_k7_13,9,inner_validation,5
kernel_k7_13,9,inner_validation,15
kernel_k7_13,9,inner_validation,23
kernel_k7_13,9,inner_validation,50
kernel_k7_13,9,inner_validation,54
kernel_k7_13,9,inner_validation,56
kernel_k7_13,9,inner_validation,71
kernel_k7_13,9,inner_validation,73
kernel_k7_13,9,inner_validation,80
kernel_k7_13,9,inner_validation,82
kernel_k7_13,9,inner_validation,96
kernel_k7_13,9,inner_validation,102
kernel_k7_13,9,outer_test,11
kernel_k7_13,9,outer_test,14
kernel_k7_13,9,outer_test,22
kernel_k7_13,9,outer_test,39
kernel_k7_13,9,outer_test,52
kernel_k7_13,9,outer_test,72
kernel_k7_13,9,outer_test,76
kernel_k7_13,9,outer_test,77
kernel_k7_13,9,outer_test,81
kernel_k7_13,9,outer_test,85
kernel_k7_13,9,outer_test,109
kernel_k7_13,10,inner_train,2
kernel_k7_13,10,inner_train,3
kernel_k7_13,10,inner_train,5
kernel_k7_13,10,inner_train,6
kernel_k7_13,10,inner_train,7
kernel_k7_13,10,inner_train,8
kernel_k7_13,10,inner_train,9
kernel_k7_13,10,inner_train,11
kernel_k7_13,10,inner_train,13
kernel_k7_13,10,inner_train,14
kernel_k7_13,10,inner_train,15
kernel_k7_13,10,inner_train,16
kernel_k7_13,10,inner_train,17
kernel_k7_13,10,inner_train,18
kernel_k7_13,10,inner_train,19
kernel_k7_13,10,inner_train,20
kernel_k7_13,10,inner_train,21
kernel_k7_13,10,inner_train,23
kernel_k7_13,10,inner_train,24
kernel_k7_13,10,inner_train,25
kernel_k7_13,10,inner_train,26
kernel_k7_13,10,inner_train,28
kernel_k7_13,10,inner_train,29
kernel_k7_13,10,inner_train,32
kernel_k7_13,10,inner_train,33
kernel_k7_13,10,inner_train,35
kernel_k7_13,10,inner_train,36
kernel_k7_13,10,inner_train,37
kernel_k7_13,10,inner_train,39
kernel_k7_13,10,inner_train,40
kernel_k7_13,10,inner_train,41
kernel_k7_13,10,inner_train,42
kernel_k7_13,10,inner_train,44
kernel_k7_13,10,inner_train,45
kernel_k7_13,10,inner_train,46
kernel_k7_13,10,inner_train,47
kernel_k7_13,10,inner_train,48
kernel_k7_13,10,inner_train,49
kernel_k7_13,10,inner_train,50
kernel_k7_13,10,inner_train,52
kernel_k7_13,10,inner_train,53
kernel_k7_13,10,inner_train,54
kernel_k7_13,10,inner_train,55
kernel_k7_13,10,inner_train,58
kernel_k7_13,10,inner_train,60
kernel_k7_13,10,inner_train,61
kernel_k7_13,10,inner_train,62
kernel_k7_13,10,inner_train,64
kernel_k7_13,10,inner_train,65
kernel_k7_13,10,inner_train,66
kernel_k7_13,10,inner_train,67
kernel_k7_13,10,inner_train,68
kernel_k7_13,10,inner_train,69
kernel_k7_13,10,inner_train,70
kernel_k7_13,10,inner_train,71
kernel_k7_13,10,inner_train,72
kernel_k7_13,10,inner_train,74
kernel_k7_13,10,inner_train,76
kernel_k7_13,10,inner_train,77
kernel_k7_13,10,inner_train,79
kernel_k7_13,10,inner_train,80
kernel_k7_13,10,inner_train,81
kernel_k7_13,10,inner_train,84
kernel_k7_13,10,inner_train,85
kernel_k7_13,10,inner_train,86
kernel_k7_13,10,inner_train,87
kernel_k7_13,10,inner_train,90
kernel_k7_13,10,inner_train,91
kernel_k7_13,10,inner_train,94
kernel_k7_13,10,inner_train,95
kernel_k7_13,10,inner_train,96
kernel_k7_13,10,inner_train,97
kernel_k7_13,10,inner_train,98
kernel_k7_13,10,inner_train,99
kernel_k7_13,10,inner_train,101
kernel_k7_13,10,inner_train,105
kernel_k7_13,10,inner_train,107
kernel_k7_13,10,inner_train,108
kernel_k7_13,10,inner_train,109
kernel_k7_13,10,inner_validation,4
kernel_k7_13,10,inner_validation,10
kernel_k7_13,10,inner_validation,22
kernel_k7_13,10,inner_validation,27
kernel_k7_13,10,inner_validation,31
kernel_k7_13,10,inner_validation,51
kernel_k7_13,10,inner_validation,56
kernel_k7_13,10,inner_validation,59
kernel_k7_13,10,inner_validation,63
kernel_k7_13,10,inner_validation,73
kernel_k7_13,10,inner_validation,75
kernel_k7_13,10,inner_validation,82
kernel_k7_13,10,inner_validation,83
kernel_k7_13,10,inner_validation,102
kernel_k7_13,10,outer_test,1
kernel_k7_13,10,outer_test,12
kernel_k7_13,10,outer_test,30
kernel_k7_13,10,outer_test,34
kernel_k7_13,10,outer_test,38
kernel_k7_13,10,outer_test,57
kernel_k7_13,10,outer_test,78
kernel_k7_13,10,outer_test,93
kernel_k7_13,10,outer_test,103
kernel_k7_13,10,outer_test,106
kernel_k7_9,1,inner_train,2
kernel_k7_9,1,inner_train,6
kernel_k7_9,1,inner_train,7
kernel_k7_9,1,inner_train,8
kernel_k7_9,1,inner_train,10
kernel_k7_9,1,inner_train,11
kernel_k7_9,1,inner_train,12
kernel_k7_9,1,inner_train,14
kernel_k7_9,1,inner_train,16
kernel_k7_9,1,inner_train,17
kernel_k7_9,1,inner_train,18
kernel_k7_9,1,inner_train,20
kernel_k7_9,1,inner_train,22
kernel_k7_9,1,inner_train,23
kernel_k7_9,1,inner_train,26
kernel_k7_9,1,inner_train,27
kernel_k7_9,1,inner_train,28
kernel_k7_9,1,inner_train,29
kernel_k7_9,1,inner_train,30
kernel_k7_9,1,inner_train,31
kernel_k7_9,1,inner_train,32
kernel_k7_9,1,inner_train,34
kernel_k7_9,1,inner_train,35
kernel_k7_9,1,inner_train,36
kernel_k7_9,1,inner_train,37
kernel_k7_9,1,inner_train,38
kernel_k7_9,1,inner_train,39
kernel_k7_9,1,inner_train,40
kernel_k7_9,1,inner_train,41
kernel_k7_9,1,inner_train,42
kernel_k7_9,1,inner_train,44
kernel_k7_9,1,inner_train,45
kernel_k7_9,1,inner_train,46
kernel_k7_9,1,inner_train,48
kernel_k7_9,1,inner_train,49
kernel_k7_9,1,inner_train,50
kernel_k7_9,1,inner_train,51
kernel_k7_9,1,inner_train,52
kernel_k7_9,1,inner_train,53
kernel_k7_9,1,inner_train,55
kernel_k7_9,1,inner_train,56
kernel_k7_9,1,inner_train,57
kernel_k7_9,1,inner_train,58
kernel_k7_9,1,inner_train,59
kernel_k7_9,1,inner_train,60
kernel_k7_9,1,inner_train,62
kernel_k7_9,1,inner_train,63
kernel_k7_9,1,inner_train,64
kernel_k7_9,1,inner_train,66
kernel_k7_9,1,inner_train,68
kernel_k7_9,1,inner_train,69
kernel_k7_9,1,inner_train,70
kernel_k7_9,1,inner_train,71
kernel_k7_9,1,inner_train,72
kernel_k7_9,1,inner_train,75
kernel_k7_9,1,inner_train,76
kernel_k7_9,1,inner_train,77
kernel_k7_9,1,inner_train,78
kernel_k7_9,1,inner_train,79
kernel_k7_9,1,inner_train,80
kernel_k7_9,1,inner_train,81
kernel_k7_9,1,inner_train,82
kernel_k7_9,1,inner_train,83
kernel_k7_9,1,inner_train,85
kernel_k7_9,1,inner_train,86
kernel_k7_9,1,inner_train,87
kernel_k7_9,1,inner_train,91
kernel_k7_9,1,inner_train,94
kernel_k7_9,1,inner_train,95
kernel_k7_9,1,inner_train,97
kernel_k7_9,1,inner_train,98
kernel_k7_9,1,inner_train,101
kernel_k7_9,1,inner_train,102
kernel_k7_9,1,inner_train,103
kernel_k7_9,1,inner_train,105
kernel_k7_9,1,inner_train,106
kernel_k7_9,1,inner_train,107
kernel_k7_9,1,inner_train,108
kernel_k7_9,1,inner_train,109
kernel_k7_9,1,inner_validation,1
kernel_k7_9,1,inner_validation,5
kernel_k7_9,1,inner_validation,13
kernel_k7_9,1,inner_validation,15
kernel_k7_9,1,inner_validation,19
kernel_k7_9,1,inner_validation,47
kernel_k7_9,1,inner_validation,54
kernel_k7_9,1,inner_validation,65
kernel_k7_9,1,inner_validation,73
kernel_k7_9,1,inner_validation,74
kernel_k7_9,1,inner_validation,84
kernel_k7_9,1,inner_validation,90
kernel_k7_9,1,inner_validation,93
kernel_k7_9,1,inner_validation,99
kernel_k7_9,1,outer_test,3
kernel_k7_9,1,outer_test,4
kernel_k7_9,1,outer_test,9
kernel_k7_9,1,outer_test,21
kernel_k7_9,1,outer_test,24
kernel_k7_9,1,outer_test,25
kernel_k7_9,1,outer_test,33
kernel_k7_9,1,outer_test,61
kernel_k7_9,1,outer_test,67
kernel_k7_9,1,outer_test,96
kernel_k7_9,2,inner_train,1
kernel_k7_9,2,inner_train,2
kernel_k7_9,2,inner_train,3
kernel_k7_9,2,inner_train,4
kernel_k7_9,2,inner_train,5
kernel_k7_9,2,inner_train,6
kernel_k7_9,2,inner_train,7
kernel_k7_9,2,inner_train,9
kernel_k7_9,2,inner_train,11
kernel_k7_9,2,inner_train,12
kernel_k7_9,2,inner_train,13
kernel_k7_9,2,inner_train,14
kernel_k7_9,2,inner_train,15
kernel_k7_9,2,inner_train,17
kernel_k7_9,2,inner_train,18
kernel_k7_9,2,inner_train,20
kernel_k7_9,2,inner_train,21
kernel_k7_9,2,inner_train,22
kernel_k7_9,2,inner_train,24
kernel_k7_9,2,inner_train,25
kernel_k7_9,2,inner_train,26
kernel_k7_9,2,inner_train,27
kernel_k7_9,2,inner_train,29
kernel_k7_9,2,inner_train,30
kernel_k7_9,2,inner_train,31
kernel_k7_9,2,inner_train,32
kernel_k7_9,2,inner_train,33
kernel_k7_9,2,inner_train,34
kernel_k7_9,2,inner_train,36
kernel_k7_9,2,inner_train,37
kernel_k7_9,2,inner_train,39
kernel_k7_9,2,inner_train,40
kernel_k7_9,2,inner_train,41
kernel_k7_9,2,inner_train,42
kernel_k7_9,2,inner_train,44
kernel_k7_9,2,inner_train,47
kernel_k7_9,2,inner_train,48
kernel_k7_9,2,inner_train,50
kernel_k7_9,2,inner_train,52
kernel_k7_9,2,inner_train,53
kernel_k7_9,2,inner_train,55
kernel_k7_9,2,inner_train,56
kernel_k7_9,2,inner_train,57
kernel_k7_9,2,inner_train,58
kernel_k7_9,2,inner_train,59
kernel_k7_9,2,inner_train,60
kernel_k7_9,2,inner_train,62
kernel_k7_9,2,inner_train,64
kernel_k7_9,2,inner_train,65
kernel_k7_9,2,inner_train,66
kernel_k7_9,2,inner_train,68
kernel_k7_9,2,inner_train,69
kernel_k7_9,2,inner_train,70
kernel_k7_9,2,inner_train,71
kernel_k7_9,2,inner_train,72
kernel_k7_9,2,inner_train,75
kernel_k7_9,2,inner_train,76
kernel_k7_9,2,inner_train,77
kernel_k7_9,2,inner_train,78
kernel_k7_9,2,inner_train,80
kernel_k7_9,2,inner_train,81
kernel_k7_9,2,inner_train,83
kernel_k7_9,2,inner_train,85
kernel_k7_9,2,inner_train,86
kernel_k7_9,2,inner_train,87
kernel_k7_9,2,inner_train,90
kernel_k7_9,2,inner_train,91
kernel_k7_9,2,inner_train,93
kernel_k7_9,2,inner_train,94
kernel_k7_9,2,inner_train,95
kernel_k7_9,2,inner_train,96
kernel_k7_9,2,inner_train,97
kernel_k7_9,2,inner_train,98
kernel_k7_9,2,inner_train,99
kernel_k7_9,2,inner_train,102
kernel_k7_9,2,inner_train,103
kernel_k7_9,2,inner_train,105
kernel_k7_9,2,inner_train,106
kernel_k7_9,2,inner_train,107
kernel_k7_9,2,inner_validation,8
kernel_k7_9,2,inner_validation,23
kernel_k7_9,2,inner_validation,28
kernel_k7_9,2,inner_validation,38
kernel_k7_9,2,inner_validation,45
kernel_k7_9,2,inner_validation,49
kernel_k7_9,2,inner_validation,61
kernel_k7_9,2,inner_validation,63
kernel_k7_9,2,inner_validation,67
kernel_k7_9,2,inner_validation,73
kernel_k7_9,2,inner_validation,74
kernel_k7_9,2,inner_validation,84
kernel_k7_9,2,inner_validation,101
kernel_k7_9,2,inner_validation,109
kernel_k7_9,2,outer_test,10
kernel_k7_9,2,outer_test,16
kernel_k7_9,2,outer_test,19
kernel_k7_9,2,outer_test,35
kernel_k7_9,2,outer_test,46
kernel_k7_9,2,outer_test,51
kernel_k7_9,2,outer_test,54
kernel_k7_9,2,outer_test,79
kernel_k7_9,2,outer_test,82
kernel_k7_9,2,outer_test,108
kernel_k7_9,3,inner_train,4
kernel_k7_9,3,inner_train,6
kernel_k7_9,3,inner_train,7
kernel_k7_9,3,inner_train,8
kernel_k7_9,3,inner_train,9
kernel_k7_9,3,inner_train,10
kernel_k7_9,3,inner_train,11
kernel_k7_9,3,inner_train,12
kernel_k7_9,3,inner_train,13
kernel_k7_9,3,inner_train,14
kernel_k7_9,3,inner_train,15
kernel_k7_9,3,inner_train,16
kernel_k7_9,3,inner_train,17
kernel_k7_9,3,inner_train,19
kernel_k7_9,3,inner_train,20
kernel_k7_9,3,inner_train,21
kernel_k7_9,3,inner_train,22
kernel_k7_9,3,inner_train,23
kernel_k7_9,3,inner_train,24
kernel_k7_9,3,inner_train,25
kernel_k7_9,3,inner_train,26
kernel_k7_9,3,inner_train,27
kernel_k7_9,3,inner_train,29
kernel_k7_9,3,inner_train,30
kernel_k7_9,3,inner_train,31
kernel_k7_9,3,inner_train,34
kernel_k7_9,3,inner_train,35
kernel_k7_9,3,inner_train,37
kernel_k7_9,3,inner_train,39
kernel_k7_9,3,inner_train,40
kernel_k7_9,3,inner_train,42
kernel_k7_9,3,inner_train,44
kernel_k7_9,3,inner_train,47
kernel_k7_9,3,inner_train,48
kernel_k7_9,3,inner_train,50
kernel_k7_9,3,inner_train,51
kernel_k7_9,3,inner_train,52
kernel_k7_9,3,inner_train,53
kernel_k7_9,3,inner_train,55
kernel_k7_9,3,inner_train,56
kernel_k7_9,3,inner_train,57
kernel_k7_9,3,inner_train,58
kernel_k7_9,3,inner_train,59
kernel_k7_9,3,inner_train,60
kernel_k7_9,3,inner_train,63
kernel_k7_9,3,inner_train,65
kernel_k7_9,3,inner_train,66
kernel_k7_9,3,inner_train,67
kernel_k7_9,3,inner_train,69
kernel_k7_9,3,inner_train,70
kernel_k7_9,3,inner_train,71
kernel_k7_9,3,inner_train,72
kernel_k7_9,3,inner_train,73
kernel_k7_9,3,inner_train,76
kernel_k7_9,3,inner_train,77
kernel_k7_9,3,inner_train,78
kernel_k7_9,3,inner_train,79
kernel_k7_9,3,inner_train,81
kernel_k7_9,3,inner_train,82
kernel_k7_9,3,inner_train,83
kernel_k7_9,3,inner_train,84
kernel_k7_9,3,inner_train,85
kernel_k7_9,3,inner_train,86
kernel_k7_9,3,inner_train,87
kernel_k7_9,3,inner_train,90
kernel_k7_9,3,inner_train,91
kernel_k7_9,3,inner_train,94
kernel_k7_9,3,inner_train,95
kernel_k7_9,3,inner_train,96
kernel_k7_9,3,inner_train,97
kernel_k7_9,3,inner_train,98
kernel_k7_9,3,inner_train,99
kernel_k7_9,3,inner_train,101
kernel_k7_9,3,inner_train,102
kernel_k7_9,3,inner_train,103
kernel_k7_9,3,inner_train,106
kernel_k7_9,3,inner_train,107
kernel_k7_9,3,inner_train,108
kernel_k7_9,3,inner_train,109
kernel_k7_9,3,inner_validation,1
kernel_k7_9,3,inner_validation,2
kernel_k7_9,3,inner_validation,3
kernel_k7_9,3,inner_validation,5
kernel_k7_9,3,inner_validation,33
kernel_k7_9,3,inner_validation,38
kernel_k7_9,3,inner_validation,46
kernel_k7_9,3,inner_validation,54
kernel_k7_9,3,inner_validation,61
kernel_k7_9,3,inner_validation,64
kernel_k7_9,3,inner_validation,68
kernel_k7_9,3,inner_validation,74
kernel_k7_9,3,inner_validation,80
kernel_k7_9,3,inner_validation,93
kernel_k7_9,3,outer_test,18
kernel_k7_9,3,outer_test,28
kernel_k7_9,3,outer_test,32
kernel_k7_9,3,outer_test,36
kernel_k7_9,3,outer_test,41
kernel_k7_9,3,outer_test,45
kernel_k7_9,3,outer_test,49
kernel_k7_9,3,outer_test,62
kernel_k7_9,3,outer_test,75
kernel_k7_9,3,outer_test,105
kernel_k7_9,4,inner_train,1
kernel_k7_9,4,inner_train,2
kernel_k7_9,4,inner_train,3
kernel_k7_9,4,inner_train,4
kernel_k7_9,4,inner_train,5
kernel_k7_9,4,inner_train,6
kernel_k7_9,4,inner_train,7
kernel_k7_9,4,inner_train,9
kernel_k7_9,4,inner_train,10
kernel_k7_9,4,inner_train,11
kernel_k7_9,4,inner_train,14
kernel_k7_9,4,inner_train,16
kernel_k7_9,4,inner_train,17
kernel_k7_9,4,inner_train,18
kernel_k7_9,4,inner_train,19
kernel_k7_9,4,inner_train,20
kernel_k7_9,4,inner_train,21
kernel_k7_9,4,inner_train,23
kernel_k7_9,4,inner_train,24
kernel_k7_9,4,inner_train,25
kernel_k7_9,4,inner_train,26
kernel_k7_9,4,inner_train,28
kernel_k7_9,4,inner_train,29
kernel_k7_9,4,inner_train,30
kernel_k7_9,4,inner_train,32
kernel_k7_9,4,inner_train,34
kernel_k7_9,4,inner_train,35
kernel_k7_9,4,inner_train,36
kernel_k7_9,4,inner_train,38
kernel_k7_9,4,inner_train,39
kernel_k7_9,4,inner_train,41
kernel_k7_9,4,inner_train,45
kernel_k7_9,4,inner_train,46
kernel_k7_9,4,inner_train,47
kernel_k7_9,4,inner_train,49
kernel_k7_9,4,inner_train,50
kernel_k7_9,4,inner_train,51
kernel_k7_9,4,inner_train,52
kernel_k7_9,4,inner_train,54
kernel_k7_9,4,inner_train,57
kernel_k7_9,4,inner_train,58
kernel_k7_9,4,inner_train,59
kernel_k7_9,4,inner_train,60
kernel_k7_9,4,inner_train,61
kernel_k7_9,4,inner_train,62
kernel_k7_9,4,inner_train,63
kernel_k7_9,4,inner_train,64
kernel_k7_9,4,inner_train,65
kernel_k7_9,4,inner_train,67
kernel_k7_9,4,inner_train,68
kernel_k7_9,4,inner_train,69
kernel_k7_9,4,inner_train,70
kernel_k7_9,4,inner_train,71
kernel_k7_9,4,inner_train,72
kernel_k7_9,4,inner_train,73
kernel_k7_9,4,inner_train,75
kernel_k7_9,4,inner_train,76
kernel_k7_9,4,inner_train,79
kernel_k7_9,4,inner_train,80
kernel_k7_9,4,inner_train,81
kernel_k7_9,4,inner_train,82
kernel_k7_9,4,inner_train,83
kernel_k7_9,4,inner_train,84
kernel_k7_9,4,inner_train,85
kernel_k7_9,4,inner_train,87
kernel_k7_9,4,inner_train,90
kernel_k7_9,4,inner_train,91
kernel_k7_9,4,inner_train,93
kernel_k7_9,4,inner_train,94
kernel_k7_9,4,inner_train,95
kernel_k7_9,4,inner_train,96
kernel_k7_9,4,inner_train,97
kernel_k7_9,4,inner_train,99
kernel_k7_9,4,inner_train,101
kernel_k7_9,4,inner_train,102
kernel_k7_9,4,inner_train,105
kernel_k7_9,4,inner_train,106
kernel_k7_9,4,inner_train,108
kernel_k7_9,4,inner_train,109
kernel_k7_9,4,inner_validation,12
kernel_k7_9,4,inner_validation,13
kernel_k7_9,4,inner_validation,15
kernel_k7_9,4,inner_validation,22
kernel_k7_9,4,inner_validation,33
kernel_k7_9,4,inner_validation,37
kernel_k7_9,4,inner_validation,44
kernel_k7_9,4,inner_validation,53
kernel_k7_9,4,inner_validation,56
kernel_k7_9,4,inner_validation,74
kernel_k7_9,4,inner_validation,77
kernel_k7_9,4,inner_validation,78
kernel_k7_9,4,inner_validation,98
kernel_k7_9,4,inner_validation,103
kernel_k7_9,4,outer_test,8
kernel_k7_9,4,outer_test,27
kernel_k7_9,4,outer_test,31
kernel_k7_9,4,outer_test,40
kernel_k7_9,4,outer_test,42
kernel_k7_9,4,outer_test,48
kernel_k7_9,4,outer_test,55
kernel_k7_9,4,outer_test,66
kernel_k7_9,4,outer_test,86
kernel_k7_9,4,outer_test,107
kernel_k7_9,5,inner_train,2
kernel_k7_9,5,inner_train,3
kernel_k7_9,5,inner_train,4
kernel_k7_9,5,inner_train,5
kernel_k7_9,5,inner_train,6
kernel_k7_9,5,inner_train,7
kernel_k7_9,5,inner_train,8
kernel_k7_9,5,inner_train,9
kernel_k7_9,5,inner_train,10
kernel_k7_9,5,inner_train,11
kernel_k7_9,5,inner_train,12
kernel_k7_9,5,inner_train,13
kernel_k7_9,5,inner_train,14
kernel_k7_9,5,inner_train,17
kernel_k7_9,5,inner_train,18
kernel_k7_9,5,inner_train,20
kernel_k7_9,5,inner_train,21
kernel_k7_9,5,inner_train,22
kernel_k7_9,5,inner_train,24
kernel_k7_9,5,inner_train,25
kernel_k7_9,5,inner_train,26
kernel_k7_9,5,inner_train,27
kernel_k7_9,5,inner_train,29
kernel_k7_9,5,inner_train,30
kernel_k7_9,5,inner_train,31
kernel_k7_9,5,inner_train,33
kernel_k7_9,5,inner_train,34
kernel_k7_9,5,inner_train,35
kernel_k7_9,5,inner_train,36
kernel_k7_9,5,inner_train,37
kernel_k7_9,5,inner_train,38
kernel_k7_9,5,inner_train,39
kernel_k7_9,5,inner_train,42
kernel_k7_9,5,inner_train,44
kernel_k7_9,5,inner_train,45
kernel_k7_9,5,inner_train,46
kernel_k7_9,5,inner_train,47
kernel_k7_9,5,inner_train,48
kernel_k7_9,5,inner_train,49
kernel_k7_9,5,inner_train,52
kernel_k7_9,5,inner_train,54
kernel_k7_9,5,inner_train,55
kernel_k7_9,5,inner_train,56
kernel_k7_9,5,inner_train,57
kernel_k7_9,5,inner_train,60
kernel_k7_9,5,inner_train,61
kernel_k7_9,5,inner_train,63
kernel_k7_9,5,inner_train,64
kernel_k7_9,5,inner_train,65
kernel_k7_9,5,inner_train,66
kernel_k7_9,5,inner_train,67
kernel_k7_9,5,inner_train,68
kernel_k7_9,5,inner_train,69
kernel_k7_9,5,inner_train,70
kernel_k7_9,5,inner_train,71
kernel_k7_9,5,inner_train,72
kernel_k7_9,5,inner_train,73
kernel_k7_9,5,inner_train,74
kernel_k7_9,5,inner_train,75
kernel_k7_9,5,inner_train,76
kernel_k7_9,5,inner_train,77
kernel_k7_9,5,inner_train,78
kernel_k7_9,5,inner_train,79
kernel_k7_9,5,inner_train,81
kernel_k7_9,5,inner_train,82
kernel_k7_9,5,inner_train,83
kernel_k7_9,5,inner_train,84
kernel_k7_9,5,inner_train,85
kernel_k7_9,5,inner_train,86
kernel_k7_9,5,inner_train,91
kernel_k7_9,5,inner_train,93
kernel_k7_9,5,inner_train,98
kernel_k7_9,5,inner_train,101
kernel_k7_9,5,inner_train,102
kernel_k7_9,5,inner_train,105
kernel_k7_9,5,inner_train,106
kernel_k7_9,5,inner_train,107
kernel_k7_9,5,inner_train,108
kernel_k7_9,5,inner_train,109
kernel_k7_9,5,inner_validation,1
kernel_k7_9,5,inner_validation,16
kernel_k7_9,5,inner_validation,19
kernel_k7_9,5,inner_validation,28
kernel_k7_9,5,inner_validation,32
kernel_k7_9,5,inner_validation,40
kernel_k7_9,5,inner_validation,41
kernel_k7_9,5,inner_validation,51
kernel_k7_9,5,inner_validation,62
kernel_k7_9,5,inner_validation,87
kernel_k7_9,5,inner_validation,95
kernel_k7_9,5,inner_validation,96
kernel_k7_9,5,inner_validation,97
kernel_k7_9,5,inner_validation,103
kernel_k7_9,5,outer_test,15
kernel_k7_9,5,outer_test,23
kernel_k7_9,5,outer_test,50
kernel_k7_9,5,outer_test,53
kernel_k7_9,5,outer_test,58
kernel_k7_9,5,outer_test,59
kernel_k7_9,5,outer_test,80
kernel_k7_9,5,outer_test,90
kernel_k7_9,5,outer_test,94
kernel_k7_9,5,outer_test,99
kernel_k7_9,6,inner_train,1
kernel_k7_9,6,inner_train,3
kernel_k7_9,6,inner_train,4
kernel_k7_9,6,inner_train,5
kernel_k7_9,6,inner_train,6
kernel_k7_9,6,inner_train,8
kernel_k7_9,6,inner_train,9
kernel_k7_9,6,inner_train,12
kernel_k7_9,6,inner_train,15
kernel_k7_9,6,inner_train,16
kernel_k7_9,6,inner_train,17
kernel_k7_9,6,inner_train,18
kernel_k7_9,6,inner_train,19
kernel_k7_9,6,inner_train,22
kernel_k7_9,6,inner_train,23
kernel_k7_9,6,inner_train,24
kernel_k7_9,6,inner_train,25
kernel_k7_9,6,inner_train,26
kernel_k7_9,6,inner_train,27
kernel_k7_9,6,inner_train,30
kernel_k7_9,6,inner_train,31
kernel_k7_9,6,inner_train,32
kernel_k7_9,6,inner_train,33
kernel_k7_9,6,inner_train,34
kernel_k7_9,6,inner_train,35
kernel_k7_9,6,inner_train,36
kernel_k7_9,6,inner_train,37
kernel_k7_9,6,inner_train,38
kernel_k7_9,6,inner_train,39
kernel_k7_9,6,inner_train,40
kernel_k7_9,6,inner_train,41
kernel_k7_9,6,inner_train,42
kernel_k7_9,6,inner_train,44
kernel_k7_9,6,inner_train,45
kernel_k7_9,6,inner_train,46
kernel_k7_9,6,inner_train,49
kernel_k7_9,6,inner_train,51
kernel_k7_9,6,inner_train,52
kernel_k7_9,6,inner_train,53
kernel_k7_9,6,inner_train,54
kernel_k7_9,6,inner_train,55
kernel_k7_9,6,inner_train,56
kernel_k7_9,6,inner_train,57
kernel_k7_9,6,inner_train,58
kernel_k7_9,6,inner_train,59
kernel_k7_9,6,inner_train,60
kernel_k7_9,6,inner_train,61
kernel_k7_9,6,inner_train,62
kernel_k7_9,6,inner_train,64
kernel_k7_9,6,inner_train,65
kernel_k7_9,6,inner_train,66
kernel_k7_9,6,inner_train,67
kernel_k7_9,6,inner_train,68
kernel_k7_9,6,inner_train,69
kernel_k7_9,6,inner_train,70
kernel_k7_9,6,inner_train,72
kernel_k7_9,6,inner_train,73
kernel_k7_9,6,inner_train,74
kernel_k7_9,6,inner_train,75
kernel_k7_9,6,inner_train,76
kernel_k7_9,6,inner_train,77
kernel_k7_9,6,inner_train,78
kernel_k7_9,6,inner_train,79
kernel_k7_9,6,inner_train,80
kernel_k7_9,6,inner_train,81
kernel_k7_9,6,inner_train,82
kernel_k7_9,6,inner_train,85
kernel_k7_9,6,inner_train,87
kernel_k7_9,6,inner_train,90
kernel_k7_9,6,inner_train,93
kernel_k7_9,6,inner_train,94
kernel_k7_9,6,inner_train,96
kernel_k7_9,6,inner_train,97
kernel_k7_9,6,inner_train,102
kernel_k7_9,6,inner_train,105
kernel_k7_9,6,inner_train,106
kernel_k7_9,6,inner_train,107
kernel_k7_9,6,inner_train,108
kernel_k7_9,6,inner_train,109
kernel_k7_9,6,inner_validation,7
kernel_k7_9,6,inner_validation,10
kernel_k7_9,6,inner_validation,11
kernel_k7_9,6,inner_validation,14
kernel_k7_9,6,inner_validation,21
kernel_k7_9,6,inner_validation,28
kernel_k7_9,6,inner_validation,48
kernel_k7_9,6,inner_validation,50
kernel_k7_9,6,inner_validation,63
kernel_k7_9,6,inner_validation,86
kernel_k7_9,6,inner_validation,91
kernel_k7_9,6,inner_validation,95
kernel_k7_9,6,inner_validation,99
kernel_k7_9,6,inner_validation,103
kernel_k7_9,6,outer_test,2
kernel_k7_9,6,outer_test,13
kernel_k7_9,6,outer_test,20
kernel_k7_9,6,outer_test,29
kernel_k7_9,6,outer_test,47
kernel_k7_9,6,outer_test,71
kernel_k7_9,6,outer_test,83
kernel_k7_9,6,outer_test,84
kernel_k7_9,6,outer_test,98
kernel_k7_9,6,outer_test,101
kernel_k7_9,7,inner_train,3
kernel_k7_9,7,inner_train,4
kernel_k7_9,7,inner_train,7
kernel_k7_9,7,inner_train,8
kernel_k7_9,7,inner_train,9
kernel_k7_9,7,inner_train,10
kernel_k7_9,7,inner_train,11
kernel_k7_9,7,inner_train,12
kernel_k7_9,7,inner_train,13
kernel_k7_9,7,inner_train,14
kernel_k7_9,7,inner_train,15
kernel_k7_9,7,inner_train,16
kernel_k7_9,7,inner_train,17
kernel_k7_9,7,inner_train,18
kernel_k7_9,7,inner_train,19
kernel_k7_9,7,inner_train,20
kernel_k7_9,7,inner_train,21
kernel_k7_9,7,inner_train,22
kernel_k7_9,7,inner_train,23
kernel_k7_9,7,inner_train,24
kernel_k7_9,7,inner_train,26
kernel_k7_9,7,inner_train,27
kernel_k7_9,7,inner_train,29
kernel_k7_9,7,inner_train,30
kernel_k7_9,7,inner_train,32
kernel_k7_9,7,inner_train,33
kernel_k7_9,7,inner_train,34
kernel_k7_9,7,inner_train,35
kernel_k7_9,7,inner_train,36
kernel_k7_9,7,inner_train,38
kernel_k7_9,7,inner_train,39
kernel_k7_9,7,inner_train,40
kernel_k7_9,7,inner_train,41
kernel_k7_9,7,inner_train,42
kernel_k7_9,7,inner_train,45
kernel_k7_9,7,inner_train,46
kernel_k7_9,7,inner_train,47
kernel_k7_9,7,inner_train,48
kernel_k7_9,7,inner_train,49
kernel_k7_9,7,inner_train,50
kernel_k7_9,7,inner_train,51
kernel_k7_9,7,inner_train,52
kernel_k7_9,7,inner_train,53
kernel_k7_9,7,inner_train,55
kernel_k7_9,7,inner_train,57
kernel_k7_9,7,inner_train,58
kernel_k7_9,7,inner_train,59
kernel_k7_9,7,inner_train,61
kernel_k7_9,7,inner_train,62
kernel_k7_9,7,inner_train,63
kernel_k7_9,7,inner_train,67
kernel_k7_9,7,inner_train,69
kernel_k7_9,7,inner_train,70
kernel_k7_9,7,inner_train,71
kernel_k7_9,7,inner_train,72
kernel_k7_9,7,inner_train,73
kernel_k7_9,7,inner_train,77
kernel_k7_9,7,inner_train,78
kernel_k7_9,7,inner_train,79
kernel_k7_9,7,inner_train,80
kernel_k7_9,7,inner_train,81
kernel_k7_9,7,inner_train,82
kernel_k7_9,7,inner_train,84
kernel_k7_9,7,inner_train,85
kernel_k7_9,7,inner_train,87
kernel_k7_9,7,inner_train,90
kernel_k7_9,7,inner_train,93
kernel_k7_9,7,inner_train,94
kernel_k7_9,7,inner_train,95
kernel_k7_9,7,inner_train,96
kernel_k7_9,7,inner_train,98
kernel_k7_9,7,inner_train,99
kernel_k7_9,7,inner_train,101
kernel_k7_9,7,inner_train,105
kernel_k7_9,7,inner_train,106
kernel_k7_9,7,inner_train,107
kernel_k7_9,7,inner_train,108
kernel_k7_9,7,inner_train,109
kernel_k7_9,7,inner_validation,1
kernel_k7_9,7,inner_validation,2
kernel_k7_9,7,inner_validation,25
kernel_k7_9,7,inner_validation,28
kernel_k7_9,7,inner_validation,31
kernel_k7_9,7,inner_validation,54
kernel_k7_9,7,inner_validation,56
kernel_k7_9,7,inner_validation,66
kernel_k7_9,7,inner_validation,74
kernel_k7_9,7,inner_validation,75
kernel_k7_9,7,inner_validation,76
kernel_k7_9,7,inner_validation,83
kernel_k7_9,7,inner_validation,86
kernel_k7_9,7,inner_validation,103
kernel_k7_9,7,outer_test,5
kernel_k7_9,7,outer_test,6
kernel_k7_9,7,outer_test,37
kernel_k7_9,7,outer_test,44
kernel_k7_9,7,outer_test,60
kernel_k7_9,7,outer_test,64
kernel_k7_9,7,outer_test,65
kernel_k7_9,7,outer_test,68
kernel_k7_9,7,outer_test,91
kernel_k7_9,7,outer_test,97
kernel_k7_9,7,outer_test,102
kernel_k7_9,8,inner_train,1
kernel_k7_9,8,inner_train,2
kernel_k7_9,8,inner_train,3
kernel_k7_9,8,inner_train,4
kernel_k7_9,8,inner_train,5
kernel_k7_9,8,inner_train,6
kernel_k7_9,8,inner_train,8
kernel_k7_9,8,inner_train,9
kernel_k7_9,8,inner_train,11
kernel_k7_9,8,inner_train,12
kernel_k7_9,8,inner_train,13
kernel_k7_9,8,inner_train,14
kernel_k7_9,8,inner_train,15
kernel_k7_9,8,inner_train,16
kernel_k7_9,8,inner_train,18
kernel_k7_9,8,inner_train,22
kernel_k7_9,8,inner_train,23
kernel_k7_9,8,inner_train,25
kernel_k7_9,8,inner_train,27
kernel_k7_9,8,inner_train,28
kernel_k7_9,8,inner_train,29
kernel_k7_9,8,inner_train,30
kernel_k7_9,8,inner_train,31
kernel_k7_9,8,inner_train,32
kernel_k7_9,8,inner_train,33
kernel_k7_9,8,inner_train,34
kernel_k7_9,8,inner_train,35
kernel_k7_9,8,inner_train,36
kernel_k7_9,8,inner_train,37
kernel_k7_9,8,inner_train,38
kernel_k7_9,8,inner_train,39
kernel_k7_9,8,inner_train,40
kernel_k7_9,8,inner_train,41
kernel_k7_9,8,inner_train,42
kernel_k7_9,8,inner_train,44
kernel_k7_9,8,inner_train,46
kernel_k7_9,8,inner_train,48
kernel_k7_9,8,inner_train,49
kernel_k7_9,8,inner_train,50
kernel_k7_9,8,inner_train,51
kernel_k7_9,8,inner_train,52
kernel_k7_9,8,inner_train,53
kernel_k7_9,8,inner_train,54
kernel_k7_9,8,inner_train,55
kernel_k7_9,8,inner_train,57
kernel_k7_9,8,inner_train,58
kernel_k7_9,8,inner_train,59
kernel_k7_9,8,inner_train,60
kernel_k7_9,8,inner_train,62
kernel_k7_9,8,inner_train,67
kernel_k7_9,8,inner_train,68
kernel_k7_9,8,inner_train,71
kernel_k7_9,8,inner_train,72
kernel_k7_9,8,inner_train,75
kernel_k7_9,8,inner_train,76
kernel_k7_9,8,inner_train,77
kernel_k7_9,8,inner_train,78
kernel_k7_9,8,inner_train,79
kernel_k7_9,8,inner_train,80
kernel_k7_9,8,inner_train,81
kernel_k7_9,8,inner_train,82
kernel_k7_9,8,inner_train,84
kernel_k7_9,8,inner_train,85
kernel_k7_9,8,inner_train,90
kernel_k7_9,8,inner_train,91
kernel_k7_9,8,inner_train,93
kernel_k7_9,8,inner_train,94
kernel_k7_9,8,inner_train,96
kernel_k7_9,8,inner_train,97
kernel_k7_9,8,inner_train,99
kernel_k7_9,8,inner_train,101
kernel_k7_9,8,inner_train,102
kernel_k7_9,8,inner_train,103
kernel_k7_9,8,inner_train,105
kernel_k7_9,8,inner_train,106
kernel_k7_9,8,inner_train,107
kernel_k7_9,8,inner_train,108
kernel_k7_9,8,inner_train,109
kernel_k7_9,8,inner_validation,10
kernel_k7_9,8,inner_validation,19
kernel_k7_9,8,inner_validation,20
kernel_k7_9,8,inner_validation,21
kernel_k7_9,8,inner_validation,24
kernel_k7_9,8,inner_validation,45
kernel_k7_9,8,inner_validation,47
kernel_k7_9,8,inner_validation,61
kernel_k7_9,8,inner_validation,64
kernel_k7_9,8,inner_validation,65
kernel_k7_9,8,inner_validation,66
kernel_k7_9,8,inner_validation,83
kernel_k7_9,8,inner_validation,86
kernel_k7_9,8,inner_validation,98
kernel_k7_9,8,outer_test,7
kernel_k7_9,8,outer_test,17
kernel_k7_9,8,outer_test,26
kernel_k7_9,8,outer_test,56
kernel_k7_9,8,outer_test,63
kernel_k7_9,8,outer_test,69
kernel_k7_9,8,outer_test,70
kernel_k7_9,8,outer_test,73
kernel_k7_9,8,outer_test,74
kernel_k7_9,8,outer_test,87
kernel_k7_9,8,outer_test,95
kernel_k7_9,9,inner_train,2
kernel_k7_9,9,inner_train,4
kernel_k7_9,9,inner_train,6
kernel_k7_9,9,inner_train,7
kernel_k7_9,9,inner_train,8
kernel_k7_9,9,inner_train,9
kernel_k7_9,9,inner_train,10
kernel_k7_9,9,inner_train,12
kernel_k7_9,9,inner_train,13
kernel_k7_9,9,inner_train,16
kernel_k7_9,9,inner_train,17
kernel_k7_9,9,inner_train,18
kernel_k7_9,9,inner_train,19
kernel_k7_9,9,inner_train,20
kernel_k7_9,9,inner_train,21
kernel_k7_9,9,inner_train,24
kernel_k7_9,9,inner_train,25
kernel_k7_9,9,inner_train,26
kernel_k7_9,9,inner_train,27
kernel_k7_9,9,inner_train,28
kernel_k7_9,9,inner_train,29
kernel_k7_9,9,inner_train,30
kernel_k7_9,9,inner_train,31
kernel_k7_9,9,inner_train,32
kernel_k7_9,9,inner_train,33
kernel_k7_9,9,inner_train,34
kernel_k7_9,9,inner_train,35
kernel_k7_9,9,inner_train,36
kernel_k7_9,9,inner_train,37
kernel_k7_9,9,inner_train,38
kernel_k7_9,9,inner_train,40
kernel_k7_9,9,inner_train,41
kernel_k7_9,9,inner_train,42
kernel_k7_9,9,inner_train,44
kernel_k7_9,9,inner_train,45
kernel_k7_9,9,inner_train,46
kernel_k7_9,9,inner_train,47
kernel_k7_9,9,inner_train,48
kernel_k7_9,9,inner_train,49
kernel_k7_9,9,inner_train,51
kernel_k7_9,9,inner_train,53
kernel_k7_9,9,inner_train,55
kernel_k7_9,9,inner_train,57
kernel_k7_9,9,inner_train,58
kernel_k7_9,9,inner_train,59
kernel_k7_9,9,inner_train,60
kernel_k7_9,9,inner_train,61
kernel_k7_9,9,inner_train,62
kernel_k7_9,9,inner_train,63
kernel_k7_9,9,inner_train,64
kernel_k7_9,9,inner_train,65
kernel_k7_9,9,inner_train,66
kernel_k7_9,9,inner_train,67
kernel_k7_9,9,inner_train,68
kernel_k7_9,9,inner_train,69
kernel_k7_9,9,inner_train,70
kernel_k7_9,9,inner_train,74
kernel_k7_9,9,inner_train,75
kernel_k7_9,9,inner_train,78
kernel_k7_9,9,inner_train,79
kernel_k7_9,9,inner_train,83
kernel_k7_9,9,inner_train,84
kernel_k7_9,9,inner_train,86
kernel_k7_9,9,inner_train,87
kernel_k7_9,9,inner_train,90
kernel_k7_9,9,inner_train,91
kernel_k7_9,9,inner_train,93
kernel_k7_9,9,inner_train,94
kernel_k7_9,9,inner_train,95
kernel_k7_9,9,inner_train,97
kernel_k7_9,9,inner_train,98
kernel_k7_9,9,inner_train,99
kernel_k7_9,9,inner_train,101
kernel_k7_9,9,inner_train,103
kernel_k7_9,9,inner_train,105
kernel_k7_9,9,inner_train,106
kernel_k7_9,9,inner_train,107
kernel_k7_9,9,inner_train,108
kernel_k7_9,9,inner_validation,1
kernel_k7_9,9,inner_validation,3
kernel_k7_9,9,inner_validation,5
kernel_k7_9,9,inner_validation,15
kernel_k7_9,9,inner_validation,23
kernel_k7_9,9,inner_validation,50
kernel_k7_9,9,inner_validation,54
kernel_k7_9,9,inner_validation,56
kernel_k7_9,9,inner_validation,71
kernel_k7_9,9,inner_validation,73
kernel_k7_9,9,inner_validation,80
kernel_k7_9,9,inner_validation,82
kernel_k7_9,9,inner_validation,96
kernel_k7_9,9,inner_validation,102
kernel_k7_9,9,outer_test,11
kernel_k7_9,9,outer_test,14
kernel_k7_9,9,outer_test,22
kernel_k7_9,9,outer_test,39
kernel_k7_9,9,outer_test,52
kernel_k7_9,9,outer_test,72
kernel_k7_9,9,outer_test,76
kernel_k7_9,9,outer_test,77
kernel_k7_9,9,outer_test,81
kernel_k7_9,9,outer_test,85
kernel_k7_9,9,outer_test,109
kernel_k7_9,10,inner_train,2
kernel_k7_9,10,inner_train,3
kernel_k7_9,10,inner_train,5
kernel_k7_9,10,inner_train,6
kernel_k7_9,10,inner_train,7
kernel_k7_9,10,inner_train,8
kernel_k7_9,10,inner_train,9
kernel_k7_9,10,inner_train,11
kernel_k7_9,10,inner_train,13
kernel_k7_9,10,inner_train,14
kernel_k7_9,10,inner_train,15
kernel_k7_9,10,inner_train,16
kernel_k7_9,10,inner_train,17
kernel_k7_9,10,inner_train,18
kernel_k7_9,10,inner_train,19
kernel_k7_9,10,inner_train,20
kernel_k7_9,10,inner_train,21
kernel_k7_9,10,inner_train,23
kernel_k7_9,10,inner_train,24
kernel_k7_9,10,inner_train,25
kernel_k7_9,10,inner_train,26
kernel_k7_9,10,inner_train,28
kernel_k7_9,10,inner_train,29
kernel_k7_9,10,inner_train,32
kernel_k7_9,10,inner_train,33
kernel_k7_9,10,inner_train,35
kernel_k7_9,10,inner_train,36
kernel_k7_9,10,inner_train,37
kernel_k7_9,10,inner_train,39
kernel_k7_9,10,inner_train,40
kernel_k7_9,10,inner_train,41
kernel_k7_9,10,inner_train,42
kernel_k7_9,10,inner_train,44
kernel_k7_9,10,inner_train,45
kernel_k7_9,10,inner_train,46
kernel_k7_9,10,inner_train,47
kernel_k7_9,10,inner_train,48
kernel_k7_9,10,inner_train,49
kernel_k7_9,10,inner_train,50
kernel_k7_9,10,inner_train,52
kernel_k7_9,10,inner_train,53
kernel_k7_9,10,inner_train,54
kernel_k7_9,10,inner_train,55
kernel_k7_9,10,inner_train,58
kernel_k7_9,10,inner_train,60
kernel_k7_9,10,inner_train,61
kernel_k7_9,10,inner_train,62
kernel_k7_9,10,inner_train,64
kernel_k7_9,10,inner_train,65
kernel_k7_9,10,inner_train,66
kernel_k7_9,10,inner_train,67
kernel_k7_9,10,inner_train,68
kernel_k7_9,10,inner_train,69
kernel_k7_9,10,inner_train,70
kernel_k7_9,10,inner_train,71
kernel_k7_9,10,inner_train,72
kernel_k7_9,10,inner_train,74
kernel_k7_9,10,inner_train,76
kernel_k7_9,10,inner_train,77
kernel_k7_9,10,inner_train,79
kernel_k7_9,10,inner_train,80
kernel_k7_9,10,inner_train,81
kernel_k7_9,10,inner_train,84
kernel_k7_9,10,inner_train,85
kernel_k7_9,10,inner_train,86
kernel_k7_9,10,inner_train,87
kernel_k7_9,10,inner_train,90
kernel_k7_9,10,inner_train,91
kernel_k7_9,10,inner_train,94
kernel_k7_9,10,inner_train,95
kernel_k7_9,10,inner_train,96
kernel_k7_9,10,inner_train,97
kernel_k7_9,10,inner_train,98
kernel_k7_9,10,inner_train,99
kernel_k7_9,10,inner_train,101
kernel_k7_9,10,inner_train,105
kernel_k7_9,10,inner_train,107
kernel_k7_9,10,inner_train,108
kernel_k7_9,10,inner_train,109
kernel_k7_9,10,inner_validation,4
kernel_k7_9,10,inner_validation,10
kernel_k7_9,10,inner_validation,22
kernel_k7_9,10,inner_validation,27
kernel_k7_9,10,inner_validation,31
kernel_k7_9,10,inner_validation,51
kernel_k7_9,10,inner_validation,56
kernel_k7_9,10,inner_validation,59
kernel_k7_9,10,inner_validation,63
kernel_k7_9,10,inner_validation,73
kernel_k7_9,10,inner_validation,75
kernel_k7_9,10,inner_validation,82
kernel_k7_9,10,inner_validation,83
kernel_k7_9,10,inner_validation,102
kernel_k7_9,10,outer_test,1
kernel_k7_9,10,outer_test,12
kernel_k7_9,10,outer_test,30
kernel_k7_9,10,outer_test,34
kernel_k7_9,10,outer_test,38
kernel_k7_9,10,outer_test,57
kernel_k7_9,10,outer_test,78
kernel_k7_9,10,outer_test,93
kernel_k7_9,10,outer_test,103
kernel_k7_9,10,outer_test,106
kernel_k7_9_11,1,inner_train,2
kernel_k7_9_11,1,inner_train,6
kernel_k7_9_11,1,inner_train,7
kernel_k7_9_11,1,inner_train,8
kernel_k7_9_11,1,inner_train,10
kernel_k7_9_11,1,inner_train,11
kernel_k7_9_11,1,inner_train,12
kernel_k7_9_11,1,inner_train,14
kernel_k7_9_11,1,inner_train,16
kernel_k7_9_11,1,inner_train,17
kernel_k7_9_11,1,inner_train,18
kernel_k7_9_11,1,inner_train,20
kernel_k7_9_11,1,inner_train,22
kernel_k7_9_11,1,inner_train,23
kernel_k7_9_11,1,inner_train,26
kernel_k7_9_11,1,inner_train,27
kernel_k7_9_11,1,inner_train,28
kernel_k7_9_11,1,inner_train,29
kernel_k7_9_11,1,inner_train,30
kernel_k7_9_11,1,inner_train,31
kernel_k7_9_11,1,inner_train,32
kernel_k7_9_11,1,inner_train,34
kernel_k7_9_11,1,inner_train,35
kernel_k7_9_11,1,inner_train,36
kernel_k7_9_11,1,inner_train,37
kernel_k7_9_11,1,inner_train,38
kernel_k7_9_11,1,inner_train,39
kernel_k7_9_11,1,inner_train,40
kernel_k7_9_11,1,inner_train,41
kernel_k7_9_11,1,inner_train,42
kernel_k7_9_11,1,inner_train,44
kernel_k7_9_11,1,inner_train,45
kernel_k7_9_11,1,inner_train,46
kernel_k7_9_11,1,inner_train,48
kernel_k7_9_11,1,inner_train,49
kernel_k7_9_11,1,inner_train,50
kernel_k7_9_11,1,inner_train,51
kernel_k7_9_11,1,inner_train,52
kernel_k7_9_11,1,inner_train,53
kernel_k7_9_11,1,inner_train,55
kernel_k7_9_11,1,inner_train,56
kernel_k7_9_11,1,inner_train,57
kernel_k7_9_11,1,inner_train,58
kernel_k7_9_11,1,inner_train,59
kernel_k7_9_11,1,inner_train,60
kernel_k7_9_11,1,inner_train,62
kernel_k7_9_11,1,inner_train,63
kernel_k7_9_11,1,inner_train,64
kernel_k7_9_11,1,inner_train,66
kernel_k7_9_11,1,inner_train,68
kernel_k7_9_11,1,inner_train,69
kernel_k7_9_11,1,inner_train,70
kernel_k7_9_11,1,inner_train,71
kernel_k7_9_11,1,inner_train,72
kernel_k7_9_11,1,inner_train,75
kernel_k7_9_11,1,inner_train,76
kernel_k7_9_11,1,inner_train,77
kernel_k7_9_11,1,inner_train,78
kernel_k7_9_11,1,inner_train,79
kernel_k7_9_11,1,inner_train,80
kernel_k7_9_11,1,inner_train,81
kernel_k7_9_11,1,inner_train,82
kernel_k7_9_11,1,inner_train,83
kernel_k7_9_11,1,inner_train,85
kernel_k7_9_11,1,inner_train,86
kernel_k7_9_11,1,inner_train,87
kernel_k7_9_11,1,inner_train,91
kernel_k7_9_11,1,inner_train,94
kernel_k7_9_11,1,inner_train,95
kernel_k7_9_11,1,inner_train,97
kernel_k7_9_11,1,inner_train,98
kernel_k7_9_11,1,inner_train,101
kernel_k7_9_11,1,inner_train,102
kernel_k7_9_11,1,inner_train,103
kernel_k7_9_11,1,inner_train,105
kernel_k7_9_11,1,inner_train,106
kernel_k7_9_11,1,inner_train,107
kernel_k7_9_11,1,inner_train,108
kernel_k7_9_11,1,inner_train,109
kernel_k7_9_11,1,inner_validation,1
kernel_k7_9_11,1,inner_validation,5
kernel_k7_9_11,1,inner_validation,13
kernel_k7_9_11,1,inner_validation,15
kernel_k7_9_11,1,inner_validation,19
kernel_k7_9_11,1,inner_validation,47
kernel_k7_9_11,1,inner_validation,54
kernel_k7_9_11,1,inner_validation,65
kernel_k7_9_11,1,inner_validation,73
kernel_k7_9_11,1,inner_validation,74
kernel_k7_9_11,1,inner_validation,84
kernel_k7_9_11,1,inner_validation,90
kernel_k7_9_11,1,inner_validation,93
kernel_k7_9_11,1,inner_validation,99
kernel_k7_9_11,1,outer_test,3
kernel_k7_9_11,1,outer_test,4
kernel_k7_9_11,1,outer_test,9
kernel_k7_9_11,1,outer_test,21
kernel_k7_9_11,1,outer_test,24
kernel_k7_9_11,1,outer_test,25
kernel_k7_9_11,1,outer_test,33
kernel_k7_9_11,1,outer_test,61
kernel_k7_9_11,1,outer_test,67
kernel_k7_9_11,1,outer_test,96
kernel_k7_9_11,2,inner_train,1
kernel_k7_9_11,2,inner_train,2
kernel_k7_9_11,2,inner_train,3
kernel_k7_9_11,2,inner_train,4
kernel_k7_9_11,2,inner_train,5
kernel_k7_9_11,2,inner_train,6
kernel_k7_9_11,2,inner_train,7
kernel_k7_9_11,2,inner_train,9
kernel_k7_9_11,2,inner_train,11
kernel_k7_9_11,2,inner_train,12
kernel_k7_9_11,2,inner_train,13
kernel_k7_9_11,2,inner_train,14
kernel_k7_9_11,2,inner_train,15
kernel_k7_9_11,2,inner_train,17
kernel_k7_9_11,2,inner_train,18
kernel_k7_9_11,2,inner_train,20
kernel_k7_9_11,2,inner_train,21
kernel_k7_9_11,2,inner_train,22
kernel_k7_9_11,2,inner_train,24
kernel_k7_9_11,2,inner_train,25
kernel_k7_9_11,2,inner_train,26
kernel_k7_9_11,2,inner_train,27
kernel_k7_9_11,2,inner_train,29
kernel_k7_9_11,2,inner_train,30
kernel_k7_9_11,2,inner_train,31
kernel_k7_9_11,2,inner_train,32
kernel_k7_9_11,2,inner_train,33
kernel_k7_9_11,2,inner_train,34
kernel_k7_9_11,2,inner_train,36
kernel_k7_9_11,2,inner_train,37
kernel_k7_9_11,2,inner_train,39
kernel_k7_9_11,2,inner_train,40
kernel_k7_9_11,2,inner_train,41
kernel_k7_9_11,2,inner_train,42
kernel_k7_9_11,2,inner_train,44
kernel_k7_9_11,2,inner_train,47
kernel_k7_9_11,2,inner_train,48
kernel_k7_9_11,2,inner_train,50
kernel_k7_9_11,2,inner_train,52
kernel_k7_9_11,2,inner_train,53
kernel_k7_9_11,2,inner_train,55
kernel_k7_9_11,2,inner_train,56
kernel_k7_9_11,2,inner_train,57
kernel_k7_9_11,2,inner_train,58
kernel_k7_9_11,2,inner_train,59
kernel_k7_9_11,2,inner_train,60
kernel_k7_9_11,2,inner_train,62
kernel_k7_9_11,2,inner_train,64
kernel_k7_9_11,2,inner_train,65
kernel_k7_9_11,2,inner_train,66
kernel_k7_9_11,2,inner_train,68
kernel_k7_9_11,2,inner_train,69
kernel_k7_9_11,2,inner_train,70
kernel_k7_9_11,2,inner_train,71
kernel_k7_9_11,2,inner_train,72
kernel_k7_9_11,2,inner_train,75
kernel_k7_9_11,2,inner_train,76
kernel_k7_9_11,2,inner_train,77
kernel_k7_9_11,2,inner_train,78
kernel_k7_9_11,2,inner_train,80
kernel_k7_9_11,2,inner_train,81
kernel_k7_9_11,2,inner_train,83
kernel_k7_9_11,2,inner_train,85
kernel_k7_9_11,2,inner_train,86
kernel_k7_9_11,2,inner_train,87
kernel_k7_9_11,2,inner_train,90
kernel_k7_9_11,2,inner_train,91
kernel_k7_9_11,2,inner_train,93
kernel_k7_9_11,2,inner_train,94
kernel_k7_9_11,2,inner_train,95
kernel_k7_9_11,2,inner_train,96
kernel_k7_9_11,2,inner_train,97
kernel_k7_9_11,2,inner_train,98
kernel_k7_9_11,2,inner_train,99
kernel_k7_9_11,2,inner_train,102
kernel_k7_9_11,2,inner_train,103
kernel_k7_9_11,2,inner_train,105
kernel_k7_9_11,2,inner_train,106
kernel_k7_9_11,2,inner_train,107
kernel_k7_9_11,2,inner_validation,8
kernel_k7_9_11,2,inner_validation,23
kernel_k7_9_11,2,inner_validation,28
kernel_k7_9_11,2,inner_validation,38
kernel_k7_9_11,2,inner_validation,45
kernel_k7_9_11,2,inner_validation,49
kernel_k7_9_11,2,inner_validation,61
kernel_k7_9_11,2,inner_validation,63
kernel_k7_9_11,2,inner_validation,67
kernel_k7_9_11,2,inner_validation,73
kernel_k7_9_11,2,inner_validation,74
kernel_k7_9_11,2,inner_validation,84
kernel_k7_9_11,2,inner_validation,101
kernel_k7_9_11,2,inner_validation,109
kernel_k7_9_11,2,outer_test,10
kernel_k7_9_11,2,outer_test,16
kernel_k7_9_11,2,outer_test,19
kernel_k7_9_11,2,outer_test,35
kernel_k7_9_11,2,outer_test,46
kernel_k7_9_11,2,outer_test,51
kernel_k7_9_11,2,outer_test,54
kernel_k7_9_11,2,outer_test,79
kernel_k7_9_11,2,outer_test,82
kernel_k7_9_11,2,outer_test,108
kernel_k7_9_11,3,inner_train,4
kernel_k7_9_11,3,inner_train,6
kernel_k7_9_11,3,inner_train,7
kernel_k7_9_11,3,inner_train,8
kernel_k7_9_11,3,inner_train,9
kernel_k7_9_11,3,inner_train,10
kernel_k7_9_11,3,inner_train,11
kernel_k7_9_11,3,inner_train,12
kernel_k7_9_11,3,inner_train,13
kernel_k7_9_11,3,inner_train,14
kernel_k7_9_11,3,inner_train,15
kernel_k7_9_11,3,inner_train,16
kernel_k7_9_11,3,inner_train,17
kernel_k7_9_11,3,inner_train,19
kernel_k7_9_11,3,inner_train,20
kernel_k7_9_11,3,inner_train,21
kernel_k7_9_11,3,inner_train,22
kernel_k7_9_11,3,inner_train,23
kernel_k7_9_11,3,inner_train,24
kernel_k7_9_11,3,inner_train,25
kernel_k7_9_11,3,inner_train,26
kernel_k7_9_11,3,inner_train,27
kernel_k7_9_11,3,inner_train,29
kernel_k7_9_11,3,inner_train,30
kernel_k7_9_11,3,inner_train,31
kernel_k7_9_11,3,inner_train,34
kernel_k7_9_11,3,inner_train,35
kernel_k7_9_11,3,inner_train,37
kernel_k7_9_11,3,inner_train,39
kernel_k7_9_11,3,inner_train,40
kernel_k7_9_11,3,inner_train,42
kernel_k7_9_11,3,inner_train,44
kernel_k7_9_11,3,inner_train,47
kernel_k7_9_11,3,inner_train,48
kernel_k7_9_11,3,inner_train,50
kernel_k7_9_11,3,inner_train,51
kernel_k7_9_11,3,inner_train,52
kernel_k7_9_11,3,inner_train,53
kernel_k7_9_11,3,inner_train,55
kernel_k7_9_11,3,inner_train,56
kernel_k7_9_11,3,inner_train,57
kernel_k7_9_11,3,inner_train,58
kernel_k7_9_11,3,inner_train,59
kernel_k7_9_11,3,inner_train,60
kernel_k7_9_11,3,inner_train,63
kernel_k7_9_11,3,inner_train,65
kernel_k7_9_11,3,inner_train,66
kernel_k7_9_11,3,inner_train,67
kernel_k7_9_11,3,inner_train,69
kernel_k7_9_11,3,inner_train,70
kernel_k7_9_11,3,inner_train,71
kernel_k7_9_11,3,inner_train,72
kernel_k7_9_11,3,inner_train,73
kernel_k7_9_11,3,inner_train,76
kernel_k7_9_11,3,inner_train,77
kernel_k7_9_11,3,inner_train,78
kernel_k7_9_11,3,inner_train,79
kernel_k7_9_11,3,inner_train,81
kernel_k7_9_11,3,inner_train,82
kernel_k7_9_11,3,inner_train,83
kernel_k7_9_11,3,inner_train,84
kernel_k7_9_11,3,inner_train,85
kernel_k7_9_11,3,inner_train,86
kernel_k7_9_11,3,inner_train,87
kernel_k7_9_11,3,inner_train,90
kernel_k7_9_11,3,inner_train,91
kernel_k7_9_11,3,inner_train,94
kernel_k7_9_11,3,inner_train,95
kernel_k7_9_11,3,inner_train,96
kernel_k7_9_11,3,inner_train,97
kernel_k7_9_11,3,inner_train,98
kernel_k7_9_11,3,inner_train,99
kernel_k7_9_11,3,inner_train,101
kernel_k7_9_11,3,inner_train,102
kernel_k7_9_11,3,inner_train,103
kernel_k7_9_11,3,inner_train,106
kernel_k7_9_11,3,inner_train,107
kernel_k7_9_11,3,inner_train,108
kernel_k7_9_11,3,inner_train,109
kernel_k7_9_11,3,inner_validation,1
kernel_k7_9_11,3,inner_validation,2
kernel_k7_9_11,3,inner_validation,3
kernel_k7_9_11,3,inner_validation,5
kernel_k7_9_11,3,inner_validation,33
kernel_k7_9_11,3,inner_validation,38
kernel_k7_9_11,3,inner_validation,46
kernel_k7_9_11,3,inner_validation,54
kernel_k7_9_11,3,inner_validation,61
kernel_k7_9_11,3,inner_validation,64
kernel_k7_9_11,3,inner_validation,68
kernel_k7_9_11,3,inner_validation,74
kernel_k7_9_11,3,inner_validation,80
kernel_k7_9_11,3,inner_validation,93
kernel_k7_9_11,3,outer_test,18
kernel_k7_9_11,3,outer_test,28
kernel_k7_9_11,3,outer_test,32
kernel_k7_9_11,3,outer_test,36
kernel_k7_9_11,3,outer_test,41
kernel_k7_9_11,3,outer_test,45
kernel_k7_9_11,3,outer_test,49
kernel_k7_9_11,3,outer_test,62
kernel_k7_9_11,3,outer_test,75
kernel_k7_9_11,3,outer_test,105
kernel_k7_9_11,4,inner_train,1
kernel_k7_9_11,4,inner_train,2
kernel_k7_9_11,4,inner_train,3
kernel_k7_9_11,4,inner_train,4
kernel_k7_9_11,4,inner_train,5
kernel_k7_9_11,4,inner_train,6
kernel_k7_9_11,4,inner_train,7
kernel_k7_9_11,4,inner_train,9
kernel_k7_9_11,4,inner_train,10
kernel_k7_9_11,4,inner_train,11
kernel_k7_9_11,4,inner_train,14
kernel_k7_9_11,4,inner_train,16
kernel_k7_9_11,4,inner_train,17
kernel_k7_9_11,4,inner_train,18
kernel_k7_9_11,4,inner_train,19
kernel_k7_9_11,4,inner_train,20
kernel_k7_9_11,4,inner_train,21
kernel_k7_9_11,4,inner_train,23
kernel_k7_9_11,4,inner_train,24
kernel_k7_9_11,4,inner_train,25
kernel_k7_9_11,4,inner_train,26
kernel_k7_9_11,4,inner_train,28
kernel_k7_9_11,4,inner_train,29
kernel_k7_9_11,4,inner_train,30
kernel_k7_9_11,4,inner_train,32
kernel_k7_9_11,4,inner_train,34
kernel_k7_9_11,4,inner_train,35
kernel_k7_9_11,4,inner_train,36
kernel_k7_9_11,4,inner_train,38
kernel_k7_9_11,4,inner_train,39
kernel_k7_9_11,4,inner_train,41
kernel_k7_9_11,4,inner_train,45
kernel_k7_9_11,4,inner_train,46
kernel_k7_9_11,4,inner_train,47
kernel_k7_9_11,4,inner_train,49
kernel_k7_9_11,4,inner_train,50
kernel_k7_9_11,4,inner_train,51
kernel_k7_9_11,4,inner_train,52
kernel_k7_9_11,4,inner_train,54
kernel_k7_9_11,4,inner_train,57
kernel_k7_9_11,4,inner_train,58
kernel_k7_9_11,4,inner_train,59
kernel_k7_9_11,4,inner_train,60
kernel_k7_9_11,4,inner_train,61
kernel_k7_9_11,4,inner_train,62
kernel_k7_9_11,4,inner_train,63
kernel_k7_9_11,4,inner_train,64
kernel_k7_9_11,4,inner_train,65
kernel_k7_9_11,4,inner_train,67
kernel_k7_9_11,4,inner_train,68
kernel_k7_9_11,4,inner_train,69
kernel_k7_9_11,4,inner_train,70
kernel_k7_9_11,4,inner_train,71
kernel_k7_9_11,4,inner_train,72
kernel_k7_9_11,4,inner_train,73
kernel_k7_9_11,4,inner_train,75
kernel_k7_9_11,4,inner_train,76
kernel_k7_9_11,4,inner_train,79
kernel_k7_9_11,4,inner_train,80
kernel_k7_9_11,4,inner_train,81
kernel_k7_9_11,4,inner_train,82
kernel_k7_9_11,4,inner_train,83
kernel_k7_9_11,4,inner_train,84
kernel_k7_9_11,4,inner_train,85
kernel_k7_9_11,4,inner_train,87
kernel_k7_9_11,4,inner_train,90
kernel_k7_9_11,4,inner_train,91
kernel_k7_9_11,4,inner_train,93
kernel_k7_9_11,4,inner_train,94
kernel_k7_9_11,4,inner_train,95
kernel_k7_9_11,4,inner_train,96
kernel_k7_9_11,4,inner_train,97
kernel_k7_9_11,4,inner_train,99
kernel_k7_9_11,4,inner_train,101
kernel_k7_9_11,4,inner_train,102
kernel_k7_9_11,4,inner_train,105
kernel_k7_9_11,4,inner_train,106
kernel_k7_9_11,4,inner_train,108
kernel_k7_9_11,4,inner_train,109
kernel_k7_9_11,4,inner_validation,12
kernel_k7_9_11,4,inner_validation,13
kernel_k7_9_11,4,inner_validation,15
kernel_k7_9_11,4,inner_validation,22
kernel_k7_9_11,4,inner_validation,33
kernel_k7_9_11,4,inner_validation,37
kernel_k7_9_11,4,inner_validation,44
kernel_k7_9_11,4,inner_validation,53
kernel_k7_9_11,4,inner_validation,56
kernel_k7_9_11,4,inner_validation,74
kernel_k7_9_11,4,inner_validation,77
kernel_k7_9_11,4,inner_validation,78
kernel_k7_9_11,4,inner_validation,98
kernel_k7_9_11,4,inner_validation,103
kernel_k7_9_11,4,outer_test,8
kernel_k7_9_11,4,outer_test,27
kernel_k7_9_11,4,outer_test,31
kernel_k7_9_11,4,outer_test,40
kernel_k7_9_11,4,outer_test,42
kernel_k7_9_11,4,outer_test,48
kernel_k7_9_11,4,outer_test,55
kernel_k7_9_11,4,outer_test,66
kernel_k7_9_11,4,outer_test,86
kernel_k7_9_11,4,outer_test,107
kernel_k7_9_11,5,inner_train,2
kernel_k7_9_11,5,inner_train,3
kernel_k7_9_11,5,inner_train,4
kernel_k7_9_11,5,inner_train,5
kernel_k7_9_11,5,inner_train,6
kernel_k7_9_11,5,inner_train,7
kernel_k7_9_11,5,inner_train,8
kernel_k7_9_11,5,inner_train,9
kernel_k7_9_11,5,inner_train,10
kernel_k7_9_11,5,inner_train,11
kernel_k7_9_11,5,inner_train,12
kernel_k7_9_11,5,inner_train,13
kernel_k7_9_11,5,inner_train,14
kernel_k7_9_11,5,inner_train,17
kernel_k7_9_11,5,inner_train,18
kernel_k7_9_11,5,inner_train,20
kernel_k7_9_11,5,inner_train,21
kernel_k7_9_11,5,inner_train,22
kernel_k7_9_11,5,inner_train,24
kernel_k7_9_11,5,inner_train,25
kernel_k7_9_11,5,inner_train,26
kernel_k7_9_11,5,inner_train,27
kernel_k7_9_11,5,inner_train,29
kernel_k7_9_11,5,inner_train,30
kernel_k7_9_11,5,inner_train,31
kernel_k7_9_11,5,inner_train,33
kernel_k7_9_11,5,inner_train,34
kernel_k7_9_11,5,inner_train,35
kernel_k7_9_11,5,inner_train,36
kernel_k7_9_11,5,inner_train,37
kernel_k7_9_11,5,inner_train,38
kernel_k7_9_11,5,inner_train,39
kernel_k7_9_11,5,inner_train,42
kernel_k7_9_11,5,inner_train,44
kernel_k7_9_11,5,inner_train,45
kernel_k7_9_11,5,inner_train,46
kernel_k7_9_11,5,inner_train,47
kernel_k7_9_11,5,inner_train,48
kernel_k7_9_11,5,inner_train,49
kernel_k7_9_11,5,inner_train,52
kernel_k7_9_11,5,inner_train,54
kernel_k7_9_11,5,inner_train,55
kernel_k7_9_11,5,inner_train,56
kernel_k7_9_11,5,inner_train,57
kernel_k7_9_11,5,inner_train,60
kernel_k7_9_11,5,inner_train,61
kernel_k7_9_11,5,inner_train,63
kernel_k7_9_11,5,inner_train,64
kernel_k7_9_11,5,inner_train,65
kernel_k7_9_11,5,inner_train,66
kernel_k7_9_11,5,inner_train,67
kernel_k7_9_11,5,inner_train,68
kernel_k7_9_11,5,inner_train,69
kernel_k7_9_11,5,inner_train,70
kernel_k7_9_11,5,inner_train,71
kernel_k7_9_11,5,inner_train,72
kernel_k7_9_11,5,inner_train,73
kernel_k7_9_11,5,inner_train,74
kernel_k7_9_11,5,inner_train,75
kernel_k7_9_11,5,inner_train,76
kernel_k7_9_11,5,inner_train,77
kernel_k7_9_11,5,inner_train,78
kernel_k7_9_11,5,inner_train,79
kernel_k7_9_11,5,inner_train,81
kernel_k7_9_11,5,inner_train,82
kernel_k7_9_11,5,inner_train,83
kernel_k7_9_11,5,inner_train,84
kernel_k7_9_11,5,inner_train,85
kernel_k7_9_11,5,inner_train,86
kernel_k7_9_11,5,inner_train,91
kernel_k7_9_11,5,inner_train,93
kernel_k7_9_11,5,inner_train,98
kernel_k7_9_11,5,inner_train,101
kernel_k7_9_11,5,inner_train,102
kernel_k7_9_11,5,inner_train,105
kernel_k7_9_11,5,inner_train,106
kernel_k7_9_11,5,inner_train,107
kernel_k7_9_11,5,inner_train,108
kernel_k7_9_11,5,inner_train,109
kernel_k7_9_11,5,inner_validation,1
kernel_k7_9_11,5,inner_validation,16
kernel_k7_9_11,5,inner_validation,19
kernel_k7_9_11,5,inner_validation,28
kernel_k7_9_11,5,inner_validation,32
kernel_k7_9_11,5,inner_validation,40
kernel_k7_9_11,5,inner_validation,41
kernel_k7_9_11,5,inner_validation,51
kernel_k7_9_11,5,inner_validation,62
kernel_k7_9_11,5,inner_validation,87
kernel_k7_9_11,5,inner_validation,95
kernel_k7_9_11,5,inner_validation,96
kernel_k7_9_11,5,inner_validation,97
kernel_k7_9_11,5,inner_validation,103
kernel_k7_9_11,5,outer_test,15
kernel_k7_9_11,5,outer_test,23
kernel_k7_9_11,5,outer_test,50
kernel_k7_9_11,5,outer_test,53
kernel_k7_9_11,5,outer_test,58
kernel_k7_9_11,5,outer_test,59
kernel_k7_9_11,5,outer_test,80
kernel_k7_9_11,5,outer_test,90
kernel_k7_9_11,5,outer_test,94
kernel_k7_9_11,5,outer_test,99
kernel_k7_9_11,6,inner_train,1
kernel_k7_9_11,6,inner_train,3
kernel_k7_9_11,6,inner_train,4
kernel_k7_9_11,6,inner_train,5
kernel_k7_9_11,6,inner_train,6
kernel_k7_9_11,6,inner_train,8
kernel_k7_9_11,6,inner_train,9
kernel_k7_9_11,6,inner_train,12
kernel_k7_9_11,6,inner_train,15
kernel_k7_9_11,6,inner_train,16
kernel_k7_9_11,6,inner_train,17
kernel_k7_9_11,6,inner_train,18
kernel_k7_9_11,6,inner_train,19
kernel_k7_9_11,6,inner_train,22
kernel_k7_9_11,6,inner_train,23
kernel_k7_9_11,6,inner_train,24
kernel_k7_9_11,6,inner_train,25
kernel_k7_9_11,6,inner_train,26
kernel_k7_9_11,6,inner_train,27
kernel_k7_9_11,6,inner_train,30
kernel_k7_9_11,6,inner_train,31
kernel_k7_9_11,6,inner_train,32
kernel_k7_9_11,6,inner_train,33
kernel_k7_9_11,6,inner_train,34
kernel_k7_9_11,6,inner_train,35
kernel_k7_9_11,6,inner_train,36
kernel_k7_9_11,6,inner_train,37
kernel_k7_9_11,6,inner_train,38
kernel_k7_9_11,6,inner_train,39
kernel_k7_9_11,6,inner_train,40
kernel_k7_9_11,6,inner_train,41
kernel_k7_9_11,6,inner_train,42
kernel_k7_9_11,6,inner_train,44
kernel_k7_9_11,6,inner_train,45
kernel_k7_9_11,6,inner_train,46
kernel_k7_9_11,6,inner_train,49
kernel_k7_9_11,6,inner_train,51
kernel_k7_9_11,6,inner_train,52
kernel_k7_9_11,6,inner_train,53
kernel_k7_9_11,6,inner_train,54
kernel_k7_9_11,6,inner_train,55
kernel_k7_9_11,6,inner_train,56
kernel_k7_9_11,6,inner_train,57
kernel_k7_9_11,6,inner_train,58
kernel_k7_9_11,6,inner_train,59
kernel_k7_9_11,6,inner_train,60
kernel_k7_9_11,6,inner_train,61
kernel_k7_9_11,6,inner_train,62
kernel_k7_9_11,6,inner_train,64
kernel_k7_9_11,6,inner_train,65
kernel_k7_9_11,6,inner_train,66
kernel_k7_9_11,6,inner_train,67
kernel_k7_9_11,6,inner_train,68
kernel_k7_9_11,6,inner_train,69
kernel_k7_9_11,6,inner_train,70
kernel_k7_9_11,6,inner_train,72
kernel_k7_9_11,6,inner_train,73
kernel_k7_9_11,6,inner_train,74
kernel_k7_9_11,6,inner_train,75
kernel_k7_9_11,6,inner_train,76
kernel_k7_9_11,6,inner_train,77
kernel_k7_9_11,6,inner_train,78
kernel_k7_9_11,6,inner_train,79
kernel_k7_9_11,6,inner_train,80
kernel_k7_9_11,6,inner_train,81
kernel_k7_9_11,6,inner_train,82
kernel_k7_9_11,6,inner_train,85
kernel_k7_9_11,6,inner_train,87
kernel_k7_9_11,6,inner_train,90
kernel_k7_9_11,6,inner_train,93
kernel_k7_9_11,6,inner_train,94
kernel_k7_9_11,6,inner_train,96
kernel_k7_9_11,6,inner_train,97
kernel_k7_9_11,6,inner_train,102
kernel_k7_9_11,6,inner_train,105
kernel_k7_9_11,6,inner_train,106
kernel_k7_9_11,6,inner_train,107
kernel_k7_9_11,6,inner_train,108
kernel_k7_9_11,6,inner_train,109
kernel_k7_9_11,6,inner_validation,7
kernel_k7_9_11,6,inner_validation,10
kernel_k7_9_11,6,inner_validation,11
kernel_k7_9_11,6,inner_validation,14
kernel_k7_9_11,6,inner_validation,21
kernel_k7_9_11,6,inner_validation,28
kernel_k7_9_11,6,inner_validation,48
kernel_k7_9_11,6,inner_validation,50
kernel_k7_9_11,6,inner_validation,63
kernel_k7_9_11,6,inner_validation,86
kernel_k7_9_11,6,inner_validation,91
kernel_k7_9_11,6,inner_validation,95
kernel_k7_9_11,6,inner_validation,99
kernel_k7_9_11,6,inner_validation,103
kernel_k7_9_11,6,outer_test,2
kernel_k7_9_11,6,outer_test,13
kernel_k7_9_11,6,outer_test,20
kernel_k7_9_11,6,outer_test,29
kernel_k7_9_11,6,outer_test,47
kernel_k7_9_11,6,outer_test,71
kernel_k7_9_11,6,outer_test,83
kernel_k7_9_11,6,outer_test,84
kernel_k7_9_11,6,outer_test,98
kernel_k7_9_11,6,outer_test,101
kernel_k7_9_11,7,inner_train,3
kernel_k7_9_11,7,inner_train,4
kernel_k7_9_11,7,inner_train,7
kernel_k7_9_11,7,inner_train,8
kernel_k7_9_11,7,inner_train,9
kernel_k7_9_11,7,inner_train,10
kernel_k7_9_11,7,inner_train,11
kernel_k7_9_11,7,inner_train,12
kernel_k7_9_11,7,inner_train,13
kernel_k7_9_11,7,inner_train,14
kernel_k7_9_11,7,inner_train,15
kernel_k7_9_11,7,inner_train,16
kernel_k7_9_11,7,inner_train,17
kernel_k7_9_11,7,inner_train,18
kernel_k7_9_11,7,inner_train,19
kernel_k7_9_11,7,inner_train,20
kernel_k7_9_11,7,inner_train,21
kernel_k7_9_11,7,inner_train,22
kernel_k7_9_11,7,inner_train,23
kernel_k7_9_11,7,inner_train,24
kernel_k7_9_11,7,inner_train,26
kernel_k7_9_11,7,inner_train,27
kernel_k7_9_11,7,inner_train,29
kernel_k7_9_11,7,inner_train,30
kernel_k7_9_11,7,inner_train,32
kernel_k7_9_11,7,inner_train,33
kernel_k7_9_11,7,inner_train,34
kernel_k7_9_11,7,inner_train,35
kernel_k7_9_11,7,inner_train,36
kernel_k7_9_11,7,inner_train,38
kernel_k7_9_11,7,inner_train,39
kernel_k7_9_11,7,inner_train,40
kernel_k7_9_11,7,inner_train,41
kernel_k7_9_11,7,inner_train,42
kernel_k7_9_11,7,inner_train,45
kernel_k7_9_11,7,inner_train,46
kernel_k7_9_11,7,inner_train,47
kernel_k7_9_11,7,inner_train,48
kernel_k7_9_11,7,inner_train,49
kernel_k7_9_11,7,inner_train,50
kernel_k7_9_11,7,inner_train,51
kernel_k7_9_11,7,inner_train,52
kernel_k7_9_11,7,inner_train,53
kernel_k7_9_11,7,inner_train,55
kernel_k7_9_11,7,inner_train,57
kernel_k7_9_11,7,inner_train,58
kernel_k7_9_11,7,inner_train,59
kernel_k7_9_11,7,inner_train,61
kernel_k7_9_11,7,inner_train,62
kernel_k7_9_11,7,inner_train,63
kernel_k7_9_11,7,inner_train,67
kernel_k7_9_11,7,inner_train,69
kernel_k7_9_11,7,inner_train,70
kernel_k7_9_11,7,inner_train,71
kernel_k7_9_11,7,inner_train,72
kernel_k7_9_11,7,inner_train,73
kernel_k7_9_11,7,inner_train,77
kernel_k7_9_11,7,inner_train,78
kernel_k7_9_11,7,inner_train,79
kernel_k7_9_11,7,inner_train,80
kernel_k7_9_11,7,inner_train,81
kernel_k7_9_11,7,inner_train,82
kernel_k7_9_11,7,inner_train,84
kernel_k7_9_11,7,inner_train,85
kernel_k7_9_11,7,inner_train,87
kernel_k7_9_11,7,inner_train,90
kernel_k7_9_11,7,inner_train,93
kernel_k7_9_11,7,inner_train,94
kernel_k7_9_11,7,inner_train,95
kernel_k7_9_11,7,inner_train,96
kernel_k7_9_11,7,inner_train,98
kernel_k7_9_11,7,inner_train,99
kernel_k7_9_11,7,inner_train,101
kernel_k7_9_11,7,inner_train,105
kernel_k7_9_11,7,inner_train,106
kernel_k7_9_11,7,inner_train,107
kernel_k7_9_11,7,inner_train,108
kernel_k7_9_11,7,inner_train,109
kernel_k7_9_11,7,inner_validation,1
kernel_k7_9_11,7,inner_validation,2
kernel_k7_9_11,7,inner_validation,25
kernel_k7_9_11,7,inner_validation,28
kernel_k7_9_11,7,inner_validation,31
kernel_k7_9_11,7,inner_validation,54
kernel_k7_9_11,7,inner_validation,56
kernel_k7_9_11,7,inner_validation,66
kernel_k7_9_11,7,inner_validation,74
kernel_k7_9_11,7,inner_validation,75
kernel_k7_9_11,7,inner_validation,76
kernel_k7_9_11,7,inner_validation,83
kernel_k7_9_11,7,inner_validation,86
kernel_k7_9_11,7,inner_validation,103
kernel_k7_9_11,7,outer_test,5
kernel_k7_9_11,7,outer_test,6
kernel_k7_9_11,7,outer_test,37
kernel_k7_9_11,7,outer_test,44
kernel_k7_9_11,7,outer_test,60
kernel_k7_9_11,7,outer_test,64
kernel_k7_9_11,7,outer_test,65
kernel_k7_9_11,7,outer_test,68
kernel_k7_9_11,7,outer_test,91
kernel_k7_9_11,7,outer_test,97
kernel_k7_9_11,7,outer_test,102
kernel_k7_9_11,8,inner_train,1
kernel_k7_9_11,8,inner_train,2
kernel_k7_9_11,8,inner_train,3
kernel_k7_9_11,8,inner_train,4
kernel_k7_9_11,8,inner_train,5
kernel_k7_9_11,8,inner_train,6
kernel_k7_9_11,8,inner_train,8
kernel_k7_9_11,8,inner_train,9
kernel_k7_9_11,8,inner_train,11
kernel_k7_9_11,8,inner_train,12
kernel_k7_9_11,8,inner_train,13
kernel_k7_9_11,8,inner_train,14
kernel_k7_9_11,8,inner_train,15
kernel_k7_9_11,8,inner_train,16
kernel_k7_9_11,8,inner_train,18
kernel_k7_9_11,8,inner_train,22
kernel_k7_9_11,8,inner_train,23
kernel_k7_9_11,8,inner_train,25
kernel_k7_9_11,8,inner_train,27
kernel_k7_9_11,8,inner_train,28
kernel_k7_9_11,8,inner_train,29
kernel_k7_9_11,8,inner_train,30
kernel_k7_9_11,8,inner_train,31
kernel_k7_9_11,8,inner_train,32
kernel_k7_9_11,8,inner_train,33
kernel_k7_9_11,8,inner_train,34
kernel_k7_9_11,8,inner_train,35
kernel_k7_9_11,8,inner_train,36
kernel_k7_9_11,8,inner_train,37
kernel_k7_9_11,8,inner_train,38
kernel_k7_9_11,8,inner_train,39
kernel_k7_9_11,8,inner_train,40
kernel_k7_9_11,8,inner_train,41
kernel_k7_9_11,8,inner_train,42
kernel_k7_9_11,8,inner_train,44
kernel_k7_9_11,8,inner_train,46
kernel_k7_9_11,8,inner_train,48
kernel_k7_9_11,8,inner_train,49
kernel_k7_9_11,8,inner_train,50
kernel_k7_9_11,8,inner_train,51
kernel_k7_9_11,8,inner_train,52
kernel_k7_9_11,8,inner_train,53
kernel_k7_9_11,8,inner_train,54
kernel_k7_9_11,8,inner_train,55
kernel_k7_9_11,8,inner_train,57
kernel_k7_9_11,8,inner_train,58
kernel_k7_9_11,8,inner_train,59
kernel_k7_9_11,8,inner_train,60
kernel_k7_9_11,8,inner_train,62
kernel_k7_9_11,8,inner_train,67
kernel_k7_9_11,8,inner_train,68
kernel_k7_9_11,8,inner_train,71
kernel_k7_9_11,8,inner_train,72
kernel_k7_9_11,8,inner_train,75
kernel_k7_9_11,8,inner_train,76
kernel_k7_9_11,8,inner_train,77
kernel_k7_9_11,8,inner_train,78
kernel_k7_9_11,8,inner_train,79
kernel_k7_9_11,8,inner_train,80
kernel_k7_9_11,8,inner_train,81
kernel_k7_9_11,8,inner_train,82
kernel_k7_9_11,8,inner_train,84
kernel_k7_9_11,8,inner_train,85
kernel_k7_9_11,8,inner_train,90
kernel_k7_9_11,8,inner_train,91
kernel_k7_9_11,8,inner_train,93
kernel_k7_9_11,8,inner_train,94
kernel_k7_9_11,8,inner_train,96
kernel_k7_9_11,8,inner_train,97
kernel_k7_9_11,8,inner_train,99
kernel_k7_9_11,8,inner_train,101
kernel_k7_9_11,8,inner_train,102
kernel_k7_9_11,8,inner_train,103
kernel_k7_9_11,8,inner_train,105
kernel_k7_9_11,8,inner_train,106
kernel_k7_9_11,8,inner_train,107
kernel_k7_9_11,8,inner_train,108
kernel_k7_9_11,8,inner_train,109
kernel_k7_9_11,8,inner_validation,10
kernel_k7_9_11,8,inner_validation,19
kernel_k7_9_11,8,inner_validation,20
kernel_k7_9_11,8,inner_validation,21
kernel_k7_9_11,8,inner_validation,24
kernel_k7_9_11,8,inner_validation,45
kernel_k7_9_11,8,inner_validation,47
kernel_k7_9_11,8,inner_validation,61
kernel_k7_9_11,8,inner_validation,64
kernel_k7_9_11,8,inner_validation,65
kernel_k7_9_11,8,inner_validation,66
kernel_k7_9_11,8,inner_validation,83
kernel_k7_9_11,8,inner_validation,86
kernel_k7_9_11,8,inner_validation,98
kernel_k7_9_11,8,outer_test,7
kernel_k7_9_11,8,outer_test,17
kernel_k7_9_11,8,outer_test,26
kernel_k7_9_11,8,outer_test,56
kernel_k7_9_11,8,outer_test,63
kernel_k7_9_11,8,outer_test,69
kernel_k7_9_11,8,outer_test,70
kernel_k7_9_11,8,outer_test,73
kernel_k7_9_11,8,outer_test,74
kernel_k7_9_11,8,outer_test,87
kernel_k7_9_11,8,outer_test,95
kernel_k7_9_11,9,inner_train,2
kernel_k7_9_11,9,inner_train,4
kernel_k7_9_11,9,inner_train,6
kernel_k7_9_11,9,inner_train,7
kernel_k7_9_11,9,inner_train,8
kernel_k7_9_11,9,inner_train,9
kernel_k7_9_11,9,inner_train,10
kernel_k7_9_11,9,inner_train,12
kernel_k7_9_11,9,inner_train,13
kernel_k7_9_11,9,inner_train,16
kernel_k7_9_11,9,inner_train,17
kernel_k7_9_11,9,inner_train,18
kernel_k7_9_11,9,inner_train,19
kernel_k7_9_11,9,inner_train,20
kernel_k7_9_11,9,inner_train,21
kernel_k7_9_11,9,inner_train,24
kernel_k7_9_11,9,inner_train,25
kernel_k7_9_11,9,inner_train,26
kernel_k7_9_11,9,inner_train,27
kernel_k7_9_11,9,inner_train,28
kernel_k7_9_11,9,inner_train,29
kernel_k7_9_11,9,inner_train,30
kernel_k7_9_11,9,inner_train,31
kernel_k7_9_11,9,inner_train,32
kernel_k7_9_11,9,inner_train,33
kernel_k7_9_11,9,inner_train,34
kernel_k7_9_11,9,inner_train,35
kernel_k7_9_11,9,inner_train,36
kernel_k7_9_11,9,inner_train,37
kernel_k7_9_11,9,inner_train,38
kernel_k7_9_11,9,inner_train,40
kernel_k7_9_11,9,inner_train,41
kernel_k7_9_11,9,inner_train,42
kernel_k7_9_11,9,inner_train,44
kernel_k7_9_11,9,inner_train,45
kernel_k7_9_11,9,inner_train,46
kernel_k7_9_11,9,inner_train,47
kernel_k7_9_11,9,inner_train,48
kernel_k7_9_11,9,inner_train,49
kernel_k7_9_11,9,inner_train,51
kernel_k7_9_11,9,inner_train,53
kernel_k7_9_11,9,inner_train,55
kernel_k7_9_11,9,inner_train,57
kernel_k7_9_11,9,inner_train,58
kernel_k7_9_11,9,inner_train,59
kernel_k7_9_11,9,inner_train,60
kernel_k7_9_11,9,inner_train,61
kernel_k7_9_11,9,inner_train,62
kernel_k7_9_11,9,inner_train,63
kernel_k7_9_11,9,inner_train,64
kernel_k7_9_11,9,inner_train,65
kernel_k7_9_11,9,inner_train,66
kernel_k7_9_11,9,inner_train,67
kernel_k7_9_11,9,inner_train,68
kernel_k7_9_11,9,inner_train,69
kernel_k7_9_11,9,inner_train,70
kernel_k7_9_11,9,inner_train,74
kernel_k7_9_11,9,inner_train,75
kernel_k7_9_11,9,inner_train,78
kernel_k7_9_11,9,inner_train,79
kernel_k7_9_11,9,inner_train,83
kernel_k7_9_11,9,inner_train,84
kernel_k7_9_11,9,inner_train,86
kernel_k7_9_11,9,inner_train,87
kernel_k7_9_11,9,inner_train,90
kernel_k7_9_11,9,inner_train,91
kernel_k7_9_11,9,inner_train,93
kernel_k7_9_11,9,inner_train,94
kernel_k7_9_11,9,inner_train,95
kernel_k7_9_11,9,inner_train,97
kernel_k7_9_11,9,inner_train,98
kernel_k7_9_11,9,inner_train,99
kernel_k7_9_11,9,inner_train,101
kernel_k7_9_11,9,inner_train,103
kernel_k7_9_11,9,inner_train,105
kernel_k7_9_11,9,inner_train,106
kernel_k7_9_11,9,inner_train,107
kernel_k7_9_11,9,inner_train,108
kernel_k7_9_11,9,inner_validation,1
kernel_k7_9_11,9,inner_validation,3
kernel_k7_9_11,9,inner_validation,5
kernel_k7_9_11,9,inner_validation,15
kernel_k7_9_11,9,inner_validation,23
kernel_k7_9_11,9,inner_validation,50
kernel_k7_9_11,9,inner_validation,54
kernel_k7_9_11,9,inner_validation,56
kernel_k7_9_11,9,inner_validation,71
kernel_k7_9_11,9,inner_validation,73
kernel_k7_9_11,9,inner_validation,80
kernel_k7_9_11,9,inner_validation,82
kernel_k7_9_11,9,inner_validation,96
kernel_k7_9_11,9,inner_validation,102
kernel_k7_9_11,9,outer_test,11
kernel_k7_9_11,9,outer_test,14
kernel_k7_9_11,9,outer_test,22
kernel_k7_9_11,9,outer_test,39
kernel_k7_9_11,9,outer_test,52
kernel_k7_9_11,9,outer_test,72
kernel_k7_9_11,9,outer_test,76
kernel_k7_9_11,9,outer_test,77
kernel_k7_9_11,9,outer_test,81
kernel_k7_9_11,9,outer_test,85
kernel_k7_9_11,9,outer_test,109
kernel_k7_9_11,10,inner_train,2
kernel_k7_9_11,10,inner_train,3
kernel_k7_9_11,10,inner_train,5
kernel_k7_9_11,10,inner_train,6
kernel_k7_9_11,10,inner_train,7
kernel_k7_9_11,10,inner_train,8
kernel_k7_9_11,10,inner_train,9
kernel_k7_9_11,10,inner_train,11
kernel_k7_9_11,10,inner_train,13
kernel_k7_9_11,10,inner_train,14
kernel_k7_9_11,10,inner_train,15
kernel_k7_9_11,10,inner_train,16
kernel_k7_9_11,10,inner_train,17
kernel_k7_9_11,10,inner_train,18
kernel_k7_9_11,10,inner_train,19
kernel_k7_9_11,10,inner_train,20
kernel_k7_9_11,10,inner_train,21
kernel_k7_9_11,10,inner_train,23
kernel_k7_9_11,10,inner_train,24
kernel_k7_9_11,10,inner_train,25
kernel_k7_9_11,10,inner_train,26
kernel_k7_9_11,10,inner_train,28
kernel_k7_9_11,10,inner_train,29
kernel_k7_9_11,10,inner_train,32
kernel_k7_9_11,10,inner_train,33
kernel_k7_9_11,10,inner_train,35
kernel_k7_9_11,10,inner_train,36
kernel_k7_9_11,10,inner_train,37
kernel_k7_9_11,10,inner_train,39
kernel_k7_9_11,10,inner_train,40
kernel_k7_9_11,10,inner_train,41
kernel_k7_9_11,10,inner_train,42
kernel_k7_9_11,10,inner_train,44
kernel_k7_9_11,10,inner_train,45
kernel_k7_9_11,10,inner_train,46
kernel_k7_9_11,10,inner_train,47
kernel_k7_9_11,10,inner_train,48
kernel_k7_9_11,10,inner_train,49
kernel_k7_9_11,10,inner_train,50
kernel_k7_9_11,10,inner_train,52
kernel_k7_9_11,10,inner_train,53
kernel_k7_9_11,10,inner_train,54
kernel_k7_9_11,10,inner_train,55
kernel_k7_9_11,10,inner_train,58
kernel_k7_9_11,10,inner_train,60
kernel_k7_9_11,10,inner_train,61
kernel_k7_9_11,10,inner_train,62
kernel_k7_9_11,10,inner_train,64
kernel_k7_9_11,10,inner_train,65
kernel_k7_9_11,10,inner_train,66
kernel_k7_9_11,10,inner_train,67
kernel_k7_9_11,10,inner_train,68
kernel_k7_9_11,10,inner_train,69
kernel_k7_9_11,10,inner_train,70
kernel_k7_9_11,10,inner_train,71
kernel_k7_9_11,10,inner_train,72
kernel_k7_9_11,10,inner_train,74
kernel_k7_9_11,10,inner_train,76
kernel_k7_9_11,10,inner_train,77
kernel_k7_9_11,10,inner_train,79
kernel_k7_9_11,10,inner_train,80
kernel_k7_9_11,10,inner_train,81
kernel_k7_9_11,10,inner_train,84
kernel_k7_9_11,10,inner_train,85
kernel_k7_9_11,10,inner_train,86
kernel_k7_9_11,10,inner_train,87
kernel_k7_9_11,10,inner_train,90
kernel_k7_9_11,10,inner_train,91
kernel_k7_9_11,10,inner_train,94
kernel_k7_9_11,10,inner_train,95
kernel_k7_9_11,10,inner_train,96
kernel_k7_9_11,10,inner_train,97
kernel_k7_9_11,10,inner_train,98
kernel_k7_9_11,10,inner_train,99
kernel_k7_9_11,10,inner_train,101
kernel_k7_9_11,10,inner_train,105
kernel_k7_9_11,10,inner_train,107
kernel_k7_9_11,10,inner_train,108
kernel_k7_9_11,10,inner_train,109
kernel_k7_9_11,10,inner_validation,4
kernel_k7_9_11,10,inner_validation,10
kernel_k7_9_11,10,inner_validation,22
kernel_k7_9_11,10,inner_validation,27
kernel_k7_9_11,10,inner_validation,31
kernel_k7_9_11,10,inner_validation,51
kernel_k7_9_11,10,inner_validation,56
kernel_k7_9_11,10,inner_validation,59
kernel_k7_9_11,10,inner_validation,63
kernel_k7_9_11,10,inner_validation,73
kernel_k7_9_11,10,inner_validation,75
kernel_k7_9_11,10,inner_validation,82
kernel_k7_9_11,10,inner_validation,83
kernel_k7_9_11,10,inner_validation,102
kernel_k7_9_11,10,outer_test,1
kernel_k7_9_11,10,outer_test,12
kernel_k7_9_11,10,outer_test,30
kernel_k7_9_11,10,outer_test,34
kernel_k7_9_11,10,outer_test,38
kernel_k7_9_11,10,outer_test,57
kernel_k7_9_11,10,outer_test,78
kernel_k7_9_11,10,outer_test,93
kernel_k7_9_11,10,outer_test,103
kernel_k7_9_11,10,outer_test,106
kernel_k7_9_11_13,1,inner_train,2
kernel_k7_9_11_13,1,inner_train,6
kernel_k7_9_11_13,1,inner_train,7
kernel_k7_9_11_13,1,inner_train,8
kernel_k7_9_11_13,1,inner_train,10
kernel_k7_9_11_13,1,inner_train,11
kernel_k7_9_11_13,1,inner_train,12
kernel_k7_9_11_13,1,inner_train,14
kernel_k7_9_11_13,1,inner_train,16
kernel_k7_9_11_13,1,inner_train,17
kernel_k7_9_11_13,1,inner_train,18
kernel_k7_9_11_13,1,inner_train,20
kernel_k7_9_11_13,1,inner_train,22
kernel_k7_9_11_13,1,inner_train,23
kernel_k7_9_11_13,1,inner_train,26
kernel_k7_9_11_13,1,inner_train,27
kernel_k7_9_11_13,1,inner_train,28
kernel_k7_9_11_13,1,inner_train,29
kernel_k7_9_11_13,1,inner_train,30
kernel_k7_9_11_13,1,inner_train,31
kernel_k7_9_11_13,1,inner_train,32
kernel_k7_9_11_13,1,inner_train,34
kernel_k7_9_11_13,1,inner_train,35
kernel_k7_9_11_13,1,inner_train,36
kernel_k7_9_11_13,1,inner_train,37
kernel_k7_9_11_13,1,inner_train,38
kernel_k7_9_11_13,1,inner_train,39
kernel_k7_9_11_13,1,inner_train,40
kernel_k7_9_11_13,1,inner_train,41
kernel_k7_9_11_13,1,inner_train,42
kernel_k7_9_11_13,1,inner_train,44
kernel_k7_9_11_13,1,inner_train,45
kernel_k7_9_11_13,1,inner_train,46
kernel_k7_9_11_13,1,inner_train,48
kernel_k7_9_11_13,1,inner_train,49
kernel_k7_9_11_13,1,inner_train,50
kernel_k7_9_11_13,1,inner_train,51
kernel_k7_9_11_13,1,inner_train,52
kernel_k7_9_11_13,1,inner_train,53
kernel_k7_9_11_13,1,inner_train,55
kernel_k7_9_11_13,1,inner_train,56
kernel_k7_9_11_13,1,inner_train,57
kernel_k7_9_11_13,1,inner_train,58
kernel_k7_9_11_13,1,inner_train,59
kernel_k7_9_11_13,1,inner_train,60
kernel_k7_9_11_13,1,inner_train,62
kernel_k7_9_11_13,1,inner_train,63
kernel_k7_9_11_13,1,inner_train,64
kernel_k7_9_11_13,1,inner_train,66
kernel_k7_9_11_13,1,inner_train,68
kernel_k7_9_11_13,1,inner_train,69
kernel_k7_9_11_13,1,inner_train,70
kernel_k7_9_11_13,1,inner_train,71
kernel_k7_9_11_13,1,inner_train,72
kernel_k7_9_11_13,1,inner_train,75
kernel_k7_9_11_13,1,inner_train,76
kernel_k7_9_11_13,1,inner_train,77
kernel_k7_9_11_13,1,inner_train,78
kernel_k7_9_11_13,1,inner_train,79
kernel_k7_9_11_13,1,inner_train,80
kernel_k7_9_11_13,1,inner_train,81
kernel_k7_9_11_13,1,inner_train,82
kernel_k7_9_11_13,1,inner_train,83
kernel_k7_9_11_13,1,inner_train,85
kernel_k7_9_11_13,1,inner_train,86
kernel_k7_9_11_13,1,inner_train,87
kernel_k7_9_11_13,1,inner_train,91
kernel_k7_9_11_13,1,inner_train,94
kernel_k7_9_11_13,1,inner_train,95
kernel_k7_9_11_13,1,inner_train,97
kernel_k7_9_11_13,1,inner_train,98
kernel_k7_9_11_13,1,inner_train,101
kernel_k7_9_11_13,1,inner_train,102
kernel_k7_9_11_13,1,inner_train,103
kernel_k7_9_11_13,1,inner_train,105
kernel_k7_9_11_13,1,inner_train,106
kernel_k7_9_11_13,1,inner_train,107
kernel_k7_9_11_13,1,inner_train,108
kernel_k7_9_11_13,1,inner_train,109
kernel_k7_9_11_13,1,inner_validation,1
kernel_k7_9_11_13,1,inner_validation,5
kernel_k7_9_11_13,1,inner_validation,13
kernel_k7_9_11_13,1,inner_validation,15
kernel_k7_9_11_13,1,inner_validation,19
kernel_k7_9_11_13,1,inner_validation,47
kernel_k7_9_11_13,1,inner_validation,54
kernel_k7_9_11_13,1,inner_validation,65
kernel_k7_9_11_13,1,inner_validation,73
kernel_k7_9_11_13,1,inner_validation,74
kernel_k7_9_11_13,1,inner_validation,84
kernel_k7_9_11_13,1,inner_validation,90
kernel_k7_9_11_13,1,inner_validation,93
kernel_k7_9_11_13,1,inner_validation,99
kernel_k7_9_11_13,1,outer_test,3
kernel_k7_9_11_13,1,outer_test,4
kernel_k7_9_11_13,1,outer_test,9
kernel_k7_9_11_13,1,outer_test,21
kernel_k7_9_11_13,1,outer_test,24
kernel_k7_9_11_13,1,outer_test,25
kernel_k7_9_11_13,1,outer_test,33
kernel_k7_9_11_13,1,outer_test,61
kernel_k7_9_11_13,1,outer_test,67
kernel_k7_9_11_13,1,outer_test,96
kernel_k7_9_11_13,2,inner_train,1
kernel_k7_9_11_13,2,inner_train,2
kernel_k7_9_11_13,2,inner_train,3
kernel_k7_9_11_13,2,inner_train,4
kernel_k7_9_11_13,2,inner_train,5
kernel_k7_9_11_13,2,inner_train,6
kernel_k7_9_11_13,2,inner_train,7
kernel_k7_9_11_13,2,inner_train,9
kernel_k7_9_11_13,2,inner_train,11
kernel_k7_9_11_13,2,inner_train,12
kernel_k7_9_11_13,2,inner_train,13
kernel_k7_9_11_13,2,inner_train,14
kernel_k7_9_11_13,2,inner_train,15
kernel_k7_9_11_13,2,inner_train,17
kernel_k7_9_11_13,2,inner_train,18
kernel_k7_9_11_13,2,inner_train,20
kernel_k7_9_11_13,2,inner_train,21
kernel_k7_9_11_13,2,inner_train,22
kernel_k7_9_11_13,2,inner_train,24
kernel_k7_9_11_13,2,inner_train,25
kernel_k7_9_11_13,2,inner_train,26
kernel_k7_9_11_13,2,inner_train,27
kernel_k7_9_11_13,2,inner_train,29
kernel_k7_9_11_13,2,inner_train,30
kernel_k7_9_11_13,2,inner_train,31
kernel_k7_9_11_13,2,inner_train,32
kernel_k7_9_11_13,2,inner_train,33
kernel_k7_9_11_13,2,inner_train,34
kernel_k7_9_11_13,2,inner_train,36
kernel_k7_9_11_13,2,inner_train,37
kernel_k7_9_11_13,2,inner_train,39
kernel_k7_9_11_13,2,inner_train,40
kernel_k7_9_11_13,2,inner_train,41
kernel_k7_9_11_13,2,inner_train,42
kernel_k7_9_11_13,2,inner_train,44
kernel_k7_9_11_13,2,inner_train,47
kernel_k7_9_11_13,2,inner_train,48
kernel_k7_9_11_13,2,inner_train,50
kernel_k7_9_11_13,2,inner_train,52
kernel_k7_9_11_13,2,inner_train,53
kernel_k7_9_11_13,2,inner_train,55
kernel_k7_9_11_13,2,inner_train,56
kernel_k7_9_11_13,2,inner_train,57
kernel_k7_9_11_13,2,inner_train,58
kernel_k7_9_11_13,2,inner_train,59
kernel_k7_9_11_13,2,inner_train,60
kernel_k7_9_11_13,2,inner_train,62
kernel_k7_9_11_13,2,inner_train,64
kernel_k7_9_11_13,2,inner_train,65
kernel_k7_9_11_13,2,inner_train,66
kernel_k7_9_11_13,2,inner_train,68
kernel_k7_9_11_13,2,inner_train,69
kernel_k7_9_11_13,2,inner_train,70
kernel_k7_9_11_13,2,inner_train,71
kernel_k7_9_11_13,2,inner_train,72
kernel_k7_9_11_13,2,inner_train,75
kernel_k7_9_11_13,2,inner_train,76
kernel_k7_9_11_13,2,inner_train,77
kernel_k7_9_11_13,2,inner_train,78
kernel_k7_9_11_13,2,inner_train,80
kernel_k7_9_11_13,2,inner_train,81
kernel_k7_9_11_13,2,inner_train,83
kernel_k7_9_11_13,2,inner_train,85
kernel_k7_9_11_13,2,inner_train,86
kernel_k7_9_11_13,2,inner_train,87
kernel_k7_9_11_13,2,inner_train,90
kernel_k7_9_11_13,2,inner_train,91
kernel_k7_9_11_13,2,inner_train,93
kernel_k7_9_11_13,2,inner_train,94
kernel_k7_9_11_13,2,inner_train,95
kernel_k7_9_11_13,2,inner_train,96
kernel_k7_9_11_13,2,inner_train,97
kernel_k7_9_11_13,2,inner_train,98
kernel_k7_9_11_13,2,inner_train,99
kernel_k7_9_11_13,2,inner_train,102
kernel_k7_9_11_13,2,inner_train,103
kernel_k7_9_11_13,2,inner_train,105
kernel_k7_9_11_13,2,inner_train,106
kernel_k7_9_11_13,2,inner_train,107
kernel_k7_9_11_13,2,inner_validation,8
kernel_k7_9_11_13,2,inner_validation,23
kernel_k7_9_11_13,2,inner_validation,28
kernel_k7_9_11_13,2,inner_validation,38
kernel_k7_9_11_13,2,inner_validation,45
kernel_k7_9_11_13,2,inner_validation,49
kernel_k7_9_11_13,2,inner_validation,61
kernel_k7_9_11_13,2,inner_validation,63
kernel_k7_9_11_13,2,inner_validation,67
kernel_k7_9_11_13,2,inner_validation,73
kernel_k7_9_11_13,2,inner_validation,74
kernel_k7_9_11_13,2,inner_validation,84
kernel_k7_9_11_13,2,inner_validation,101
kernel_k7_9_11_13,2,inner_validation,109
kernel_k7_9_11_13,2,outer_test,10
kernel_k7_9_11_13,2,outer_test,16
kernel_k7_9_11_13,2,outer_test,19
kernel_k7_9_11_13,2,outer_test,35
kernel_k7_9_11_13,2,outer_test,46
kernel_k7_9_11_13,2,outer_test,51
kernel_k7_9_11_13,2,outer_test,54
kernel_k7_9_11_13,2,outer_test,79
kernel_k7_9_11_13,2,outer_test,82
kernel_k7_9_11_13,2,outer_test,108
kernel_k7_9_11_13,3,inner_train,4
kernel_k7_9_11_13,3,inner_train,6
kernel_k7_9_11_13,3,inner_train,7
kernel_k7_9_11_13,3,inner_train,8
kernel_k7_9_11_13,3,inner_train,9
kernel_k7_9_11_13,3,inner_train,10
kernel_k7_9_11_13,3,inner_train,11
kernel_k7_9_11_13,3,inner_train,12
kernel_k7_9_11_13,3,inner_train,13
kernel_k7_9_11_13,3,inner_train,14
kernel_k7_9_11_13,3,inner_train,15
kernel_k7_9_11_13,3,inner_train,16
kernel_k7_9_11_13,3,inner_train,17
kernel_k7_9_11_13,3,inner_train,19
kernel_k7_9_11_13,3,inner_train,20
kernel_k7_9_11_13,3,inner_train,21
kernel_k7_9_11_13,3,inner_train,22
kernel_k7_9_11_13,3,inner_train,23
kernel_k7_9_11_13,3,inner_train,24
kernel_k7_9_11_13,3,inner_train,25
kernel_k7_9_11_13,3,inner_train,26
kernel_k7_9_11_13,3,inner_train,27
kernel_k7_9_11_13,3,inner_train,29
kernel_k7_9_11_13,3,inner_train,30
kernel_k7_9_11_13,3,inner_train,31
kernel_k7_9_11_13,3,inner_train,34
kernel_k7_9_11_13,3,inner_train,35
kernel_k7_9_11_13,3,inner_train,37
kernel_k7_9_11_13,3,inner_train,39
kernel_k7_9_11_13,3,inner_train,40
kernel_k7_9_11_13,3,inner_train,42
kernel_k7_9_11_13,3,inner_train,44
kernel_k7_9_11_13,3,inner_train,47
kernel_k7_9_11_13,3,inner_train,48
kernel_k7_9_11_13,3,inner_train,50
kernel_k7_9_11_13,3,inner_train,51
kernel_k7_9_11_13,3,inner_train,52
kernel_k7_9_11_13,3,inner_train,53
kernel_k7_9_11_13,3,inner_train,55
kernel_k7_9_11_13,3,inner_train,56
kernel_k7_9_11_13,3,inner_train,57
kernel_k7_9_11_13,3,inner_train,58
kernel_k7_9_11_13,3,inner_train,59
kernel_k7_9_11_13,3,inner_train,60
kernel_k7_9_11_13,3,inner_train,63
kernel_k7_9_11_13,3,inner_train,65
kernel_k7_9_11_13,3,inner_train,66
kernel_k7_9_11_13,3,inner_train,67
kernel_k7_9_11_13,3,inner_train,69
kernel_k7_9_11_13,3,inner_train,70
kernel_k7_9_11_13,3,inner_train,71
kernel_k7_9_11_13,3,inner_train,72
kernel_k7_9_11_13,3,inner_train,73
kernel_k7_9_11_13,3,inner_train,76
kernel_k7_9_11_13,3,inner_train,77
kernel_k7_9_11_13,3,inner_train,78
kernel_k7_9_11_13,3,inner_train,79
kernel_k7_9_11_13,3,inner_train,81
kernel_k7_9_11_13,3,inner_train,82
kernel_k7_9_11_13,3,inner_train,83
kernel_k7_9_11_13,3,inner_train,84
kernel_k7_9_11_13,3,inner_train,85
kernel_k7_9_11_13,3,inner_train,86
kernel_k7_9_11_13,3,inner_train,87
kernel_k7_9_11_13,3,inner_train,90
kernel_k7_9_11_13,3,inner_train,91
kernel_k7_9_11_13,3,inner_train,94
kernel_k7_9_11_13,3,inner_train,95
kernel_k7_9_11_13,3,inner_train,96
kernel_k7_9_11_13,3,inner_train,97
kernel_k7_9_11_13,3,inner_train,98
kernel_k7_9_11_13,3,inner_train,99
kernel_k7_9_11_13,3,inner_train,101
kernel_k7_9_11_13,3,inner_train,102
kernel_k7_9_11_13,3,inner_train,103
kernel_k7_9_11_13,3,inner_train,106
kernel_k7_9_11_13,3,inner_train,107
kernel_k7_9_11_13,3,inner_train,108
kernel_k7_9_11_13,3,inner_train,109
kernel_k7_9_11_13,3,inner_validation,1
kernel_k7_9_11_13,3,inner_validation,2
kernel_k7_9_11_13,3,inner_validation,3
kernel_k7_9_11_13,3,inner_validation,5
kernel_k7_9_11_13,3,inner_validation,33
kernel_k7_9_11_13,3,inner_validation,38
kernel_k7_9_11_13,3,inner_validation,46
kernel_k7_9_11_13,3,inner_validation,54
kernel_k7_9_11_13,3,inner_validation,61
kernel_k7_9_11_13,3,inner_validation,64
kernel_k7_9_11_13,3,inner_validation,68
kernel_k7_9_11_13,3,inner_validation,74
kernel_k7_9_11_13,3,inner_validation,80
kernel_k7_9_11_13,3,inner_validation,93
kernel_k7_9_11_13,3,outer_test,18
kernel_k7_9_11_13,3,outer_test,28
kernel_k7_9_11_13,3,outer_test,32
kernel_k7_9_11_13,3,outer_test,36
kernel_k7_9_11_13,3,outer_test,41
kernel_k7_9_11_13,3,outer_test,45
kernel_k7_9_11_13,3,outer_test,49
kernel_k7_9_11_13,3,outer_test,62
kernel_k7_9_11_13,3,outer_test,75
kernel_k7_9_11_13,3,outer_test,105
kernel_k7_9_11_13,4,inner_train,1
kernel_k7_9_11_13,4,inner_train,2
kernel_k7_9_11_13,4,inner_train,3
kernel_k7_9_11_13,4,inner_train,4
kernel_k7_9_11_13,4,inner_train,5
kernel_k7_9_11_13,4,inner_train,6
kernel_k7_9_11_13,4,inner_train,7
kernel_k7_9_11_13,4,inner_train,9
kernel_k7_9_11_13,4,inner_train,10
kernel_k7_9_11_13,4,inner_train,11
kernel_k7_9_11_13,4,inner_train,14
kernel_k7_9_11_13,4,inner_train,16
kernel_k7_9_11_13,4,inner_train,17
kernel_k7_9_11_13,4,inner_train,18
kernel_k7_9_11_13,4,inner_train,19
kernel_k7_9_11_13,4,inner_train,20
kernel_k7_9_11_13,4,inner_train,21
kernel_k7_9_11_13,4,inner_train,23
kernel_k7_9_11_13,4,inner_train,24
kernel_k7_9_11_13,4,inner_train,25
kernel_k7_9_11_13,4,inner_train,26
kernel_k7_9_11_13,4,inner_train,28
kernel_k7_9_11_13,4,inner_train,29
kernel_k7_9_11_13,4,inner_train,30
kernel_k7_9_11_13,4,inner_train,32
kernel_k7_9_11_13,4,inner_train,34
kernel_k7_9_11_13,4,inner_train,35
kernel_k7_9_11_13,4,inner_train,36
kernel_k7_9_11_13,4,inner_train,38
kernel_k7_9_11_13,4,inner_train,39
kernel_k7_9_11_13,4,inner_train,41
kernel_k7_9_11_13,4,inner_train,45
kernel_k7_9_11_13,4,inner_train,46
kernel_k7_9_11_13,4,inner_train,47
kernel_k7_9_11_13,4,inner_train,49
kernel_k7_9_11_13,4,inner_train,50
kernel_k7_9_11_13,4,inner_train,51
kernel_k7_9_11_13,4,inner_train,52
kernel_k7_9_11_13,4,inner_train,54
kernel_k7_9_11_13,4,inner_train,57
kernel_k7_9_11_13,4,inner_train,58
kernel_k7_9_11_13,4,inner_train,59
kernel_k7_9_11_13,4,inner_train,60
kernel_k7_9_11_13,4,inner_train,61
kernel_k7_9_11_13,4,inner_train,62
kernel_k7_9_11_13,4,inner_train,63
kernel_k7_9_11_13,4,inner_train,64
kernel_k7_9_11_13,4,inner_train,65
kernel_k7_9_11_13,4,inner_train,67
kernel_k7_9_11_13,4,inner_train,68
kernel_k7_9_11_13,4,inner_train,69
kernel_k7_9_11_13,4,inner_train,70
kernel_k7_9_11_13,4,inner_train,71
kernel_k7_9_11_13,4,inner_train,72
kernel_k7_9_11_13,4,inner_train,73
kernel_k7_9_11_13,4,inner_train,75
kernel_k7_9_11_13,4,inner_train,76
kernel_k7_9_11_13,4,inner_train,79
kernel_k7_9_11_13,4,inner_train,80
kernel_k7_9_11_13,4,inner_train,81
kernel_k7_9_11_13,4,inner_train,82
kernel_k7_9_11_13,4,inner_train,83
kernel_k7_9_11_13,4,inner_train,84
kernel_k7_9_11_13,4,inner_train,85
kernel_k7_9_11_13,4,inner_train,87
kernel_k7_9_11_13,4,inner_train,90
kernel_k7_9_11_13,4,inner_train,91
kernel_k7_9_11_13,4,inner_train,93
kernel_k7_9_11_13,4,inner_train,94
kernel_k7_9_11_13,4,inner_train,95
kernel_k7_9_11_13,4,inner_train,96
kernel_k7_9_11_13,4,inner_train,97
kernel_k7_9_11_13,4,inner_train,99
kernel_k7_9_11_13,4,inner_train,101
kernel_k7_9_11_13,4,inner_train,102
kernel_k7_9_11_13,4,inner_train,105
kernel_k7_9_11_13,4,inner_train,106
kernel_k7_9_11_13,4,inner_train,108
kernel_k7_9_11_13,4,inner_train,109
kernel_k7_9_11_13,4,inner_validation,12
kernel_k7_9_11_13,4,inner_validation,13
kernel_k7_9_11_13,4,inner_validation,15
kernel_k7_9_11_13,4,inner_validation,22
kernel_k7_9_11_13,4,inner_validation,33
kernel_k7_9_11_13,4,inner_validation,37
kernel_k7_9_11_13,4,inner_validation,44
kernel_k7_9_11_13,4,inner_validation,53
kernel_k7_9_11_13,4,inner_validation,56
kernel_k7_9_11_13,4,inner_validation,74
kernel_k7_9_11_13,4,inner_validation,77
kernel_k7_9_11_13,4,inner_validation,78
kernel_k7_9_11_13,4,inner_validation,98
kernel_k7_9_11_13,4,inner_validation,103
kernel_k7_9_11_13,4,outer_test,8
kernel_k7_9_11_13,4,outer_test,27
kernel_k7_9_11_13,4,outer_test,31
kernel_k7_9_11_13,4,outer_test,40
kernel_k7_9_11_13,4,outer_test,42
kernel_k7_9_11_13,4,outer_test,48
kernel_k7_9_11_13,4,outer_test,55
kernel_k7_9_11_13,4,outer_test,66
kernel_k7_9_11_13,4,outer_test,86
kernel_k7_9_11_13,4,outer_test,107
kernel_k7_9_11_13,5,inner_train,2
kernel_k7_9_11_13,5,inner_train,3
kernel_k7_9_11_13,5,inner_train,4
kernel_k7_9_11_13,5,inner_train,5
kernel_k7_9_11_13,5,inner_train,6
kernel_k7_9_11_13,5,inner_train,7
kernel_k7_9_11_13,5,inner_train,8
kernel_k7_9_11_13,5,inner_train,9
kernel_k7_9_11_13,5,inner_train,10
kernel_k7_9_11_13,5,inner_train,11
kernel_k7_9_11_13,5,inner_train,12
kernel_k7_9_11_13,5,inner_train,13
kernel_k7_9_11_13,5,inner_train,14
kernel_k7_9_11_13,5,inner_train,17
kernel_k7_9_11_13,5,inner_train,18
kernel_k7_9_11_13,5,inner_train,20
kernel_k7_9_11_13,5,inner_train,21
kernel_k7_9_11_13,5,inner_train,22
kernel_k7_9_11_13,5,inner_train,24
kernel_k7_9_11_13,5,inner_train,25
kernel_k7_9_11_13,5,inner_train,26
kernel_k7_9_11_13,5,inner_train,27
kernel_k7_9_11_13,5,inner_train,29
kernel_k7_9_11_13,5,inner_train,30
kernel_k7_9_11_13,5,inner_train,31
kernel_k7_9_11_13,5,inner_train,33
kernel_k7_9_11_13,5,inner_train,34
kernel_k7_9_11_13,5,inner_train,35
kernel_k7_9_11_13,5,inner_train,36
kernel_k7_9_11_13,5,inner_train,37
kernel_k7_9_11_13,5,inner_train,38
kernel_k7_9_11_13,5,inner_train,39
kernel_k7_9_11_13,5,inner_train,42
kernel_k7_9_11_13,5,inner_train,44
kernel_k7_9_11_13,5,inner_train,45
kernel_k7_9_11_13,5,inner_train,46
kernel_k7_9_11_13,5,inner_train,47
kernel_k7_9_11_13,5,inner_train,48
kernel_k7_9_11_13,5,inner_train,49
kernel_k7_9_11_13,5,inner_train,52
kernel_k7_9_11_13,5,inner_train,54
kernel_k7_9_11_13,5,inner_train,55
kernel_k7_9_11_13,5,inner_train,56
kernel_k7_9_11_13,5,inner_train,57
kernel_k7_9_11_13,5,inner_train,60
kernel_k7_9_11_13,5,inner_train,61
kernel_k7_9_11_13,5,inner_train,63
kernel_k7_9_11_13,5,inner_train,64
kernel_k7_9_11_13,5,inner_train,65
kernel_k7_9_11_13,5,inner_train,66
kernel_k7_9_11_13,5,inner_train,67
kernel_k7_9_11_13,5,inner_train,68
kernel_k7_9_11_13,5,inner_train,69
kernel_k7_9_11_13,5,inner_train,70
kernel_k7_9_11_13,5,inner_train,71
kernel_k7_9_11_13,5,inner_train,72
kernel_k7_9_11_13,5,inner_train,73
kernel_k7_9_11_13,5,inner_train,74
kernel_k7_9_11_13,5,inner_train,75
kernel_k7_9_11_13,5,inner_train,76
kernel_k7_9_11_13,5,inner_train,77
kernel_k7_9_11_13,5,inner_train,78
kernel_k7_9_11_13,5,inner_train,79
kernel_k7_9_11_13,5,inner_train,81
kernel_k7_9_11_13,5,inner_train,82
kernel_k7_9_11_13,5,inner_train,83
kernel_k7_9_11_13,5,inner_train,84
kernel_k7_9_11_13,5,inner_train,85
kernel_k7_9_11_13,5,inner_train,86
kernel_k7_9_11_13,5,inner_train,91
kernel_k7_9_11_13,5,inner_train,93
kernel_k7_9_11_13,5,inner_train,98
kernel_k7_9_11_13,5,inner_train,101
kernel_k7_9_11_13,5,inner_train,102
kernel_k7_9_11_13,5,inner_train,105
kernel_k7_9_11_13,5,inner_train,106
kernel_k7_9_11_13,5,inner_train,107
kernel_k7_9_11_13,5,inner_train,108
kernel_k7_9_11_13,5,inner_train,109
kernel_k7_9_11_13,5,inner_validation,1
kernel_k7_9_11_13,5,inner_validation,16
kernel_k7_9_11_13,5,inner_validation,19
kernel_k7_9_11_13,5,inner_validation,28
kernel_k7_9_11_13,5,inner_validation,32
kernel_k7_9_11_13,5,inner_validation,40
kernel_k7_9_11_13,5,inner_validation,41
kernel_k7_9_11_13,5,inner_validation,51
kernel_k7_9_11_13,5,inner_validation,62
kernel_k7_9_11_13,5,inner_validation,87
kernel_k7_9_11_13,5,inner_validation,95
kernel_k7_9_11_13,5,inner_validation,96
kernel_k7_9_11_13,5,inner_validation,97
kernel_k7_9_11_13,5,inner_validation,103
kernel_k7_9_11_13,5,outer_test,15
kernel_k7_9_11_13,5,outer_test,23
kernel_k7_9_11_13,5,outer_test,50
kernel_k7_9_11_13,5,outer_test,53
kernel_k7_9_11_13,5,outer_test,58
kernel_k7_9_11_13,5,outer_test,59
kernel_k7_9_11_13,5,outer_test,80
kernel_k7_9_11_13,5,outer_test,90
kernel_k7_9_11_13,5,outer_test,94
kernel_k7_9_11_13,5,outer_test,99
kernel_k7_9_11_13,6,inner_train,1
kernel_k7_9_11_13,6,inner_train,3
kernel_k7_9_11_13,6,inner_train,4
kernel_k7_9_11_13,6,inner_train,5
kernel_k7_9_11_13,6,inner_train,6
kernel_k7_9_11_13,6,inner_train,8
kernel_k7_9_11_13,6,inner_train,9
kernel_k7_9_11_13,6,inner_train,12
kernel_k7_9_11_13,6,inner_train,15
kernel_k7_9_11_13,6,inner_train,16
kernel_k7_9_11_13,6,inner_train,17
kernel_k7_9_11_13,6,inner_train,18
kernel_k7_9_11_13,6,inner_train,19
kernel_k7_9_11_13,6,inner_train,22
kernel_k7_9_11_13,6,inner_train,23
kernel_k7_9_11_13,6,inner_train,24
kernel_k7_9_11_13,6,inner_train,25
kernel_k7_9_11_13,6,inner_train,26
kernel_k7_9_11_13,6,inner_train,27
kernel_k7_9_11_13,6,inner_train,30
kernel_k7_9_11_13,6,inner_train,31
kernel_k7_9_11_13,6,inner_train,32
kernel_k7_9_11_13,6,inner_train,33
kernel_k7_9_11_13,6,inner_train,34
kernel_k7_9_11_13,6,inner_train,35
kernel_k7_9_11_13,6,inner_train,36
kernel_k7_9_11_13,6,inner_train,37
kernel_k7_9_11_13,6,inner_train,38
kernel_k7_9_11_13,6,inner_train,39
kernel_k7_9_11_13,6,inner_train,40
kernel_k7_9_11_13,6,inner_train,41
kernel_k7_9_11_13,6,inner_train,42
kernel_k7_9_11_13,6,inner_train,44
kernel_k7_9_11_13,6,inner_train,45
kernel_k7_9_11_13,6,inner_train,46
kernel_k7_9_11_13,6,inner_train,49
kernel_k7_9_11_13,6,inner_train,51
kernel_k7_9_11_13,6,inner_train,52
kernel_k7_9_11_13,6,inner_train,53
kernel_k7_9_11_13,6,inner_train,54
kernel_k7_9_11_13,6,inner_train,55
kernel_k7_9_11_13,6,inner_train,56
kernel_k7_9_11_13,6,inner_train,57
kernel_k7_9_11_13,6,inner_train,58
kernel_k7_9_11_13,6,inner_train,59
kernel_k7_9_11_13,6,inner_train,60
kernel_k7_9_11_13,6,inner_train,61
kernel_k7_9_11_13,6,inner_train,62
kernel_k7_9_11_13,6,inner_train,64
kernel_k7_9_11_13,6,inner_train,65
kernel_k7_9_11_13,6,inner_train,66
kernel_k7_9_11_13,6,inner_train,67
kernel_k7_9_11_13,6,inner_train,68
kernel_k7_9_11_13,6,inner_train,69
kernel_k7_9_11_13,6,inner_train,70
kernel_k7_9_11_13,6,inner_train,72
kernel_k7_9_11_13,6,inner_train,73
kernel_k7_9_11_13,6,inner_train,74
kernel_k7_9_11_13,6,inner_train,75
kernel_k7_9_11_13,6,inner_train,76
kernel_k7_9_11_13,6,inner_train,77
kernel_k7_9_11_13,6,inner_train,78
kernel_k7_9_11_13,6,inner_train,79
kernel_k7_9_11_13,6,inner_train,80
kernel_k7_9_11_13,6,inner_train,81
kernel_k7_9_11_13,6,inner_train,82
kernel_k7_9_11_13,6,inner_train,85
kernel_k7_9_11_13,6,inner_train,87
kernel_k7_9_11_13,6,inner_train,90
kernel_k7_9_11_13,6,inner_train,93
kernel_k7_9_11_13,6,inner_train,94
kernel_k7_9_11_13,6,inner_train,96
kernel_k7_9_11_13,6,inner_train,97
kernel_k7_9_11_13,6,inner_train,102
kernel_k7_9_11_13,6,inner_train,105
kernel_k7_9_11_13,6,inner_train,106
kernel_k7_9_11_13,6,inner_train,107
kernel_k7_9_11_13,6,inner_train,108
kernel_k7_9_11_13,6,inner_train,109
kernel_k7_9_11_13,6,inner_validation,7
kernel_k7_9_11_13,6,inner_validation,10
kernel_k7_9_11_13,6,inner_validation,11
kernel_k7_9_11_13,6,inner_validation,14
kernel_k7_9_11_13,6,inner_validation,21
kernel_k7_9_11_13,6,inner_validation,28
kernel_k7_9_11_13,6,inner_validation,48
kernel_k7_9_11_13,6,inner_validation,50
kernel_k7_9_11_13,6,inner_validation,63
kernel_k7_9_11_13,6,inner_validation,86
kernel_k7_9_11_13,6,inner_validation,91
kernel_k7_9_11_13,6,inner_validation,95
kernel_k7_9_11_13,6,inner_validation,99
kernel_k7_9_11_13,6,inner_validation,103
kernel_k7_9_11_13,6,outer_test,2
kernel_k7_9_11_13,6,outer_test,13
kernel_k7_9_11_13,6,outer_test,20
kernel_k7_9_11_13,6,outer_test,29
kernel_k7_9_11_13,6,outer_test,47
kernel_k7_9_11_13,6,outer_test,71
kernel_k7_9_11_13,6,outer_test,83
kernel_k7_9_11_13,6,outer_test,84
kernel_k7_9_11_13,6,outer_test,98
kernel_k7_9_11_13,6,outer_test,101
kernel_k7_9_11_13,7,inner_train,3
kernel_k7_9_11_13,7,inner_train,4
kernel_k7_9_11_13,7,inner_train,7
kernel_k7_9_11_13,7,inner_train,8
kernel_k7_9_11_13,7,inner_train,9
kernel_k7_9_11_13,7,inner_train,10
kernel_k7_9_11_13,7,inner_train,11
kernel_k7_9_11_13,7,inner_train,12
kernel_k7_9_11_13,7,inner_train,13
kernel_k7_9_11_13,7,inner_train,14
kernel_k7_9_11_13,7,inner_train,15
kernel_k7_9_11_13,7,inner_train,16
kernel_k7_9_11_13,7,inner_train,17
kernel_k7_9_11_13,7,inner_train,18
kernel_k7_9_11_13,7,inner_train,19
kernel_k7_9_11_13,7,inner_train,20
kernel_k7_9_11_13,7,inner_train,21
kernel_k7_9_11_13,7,inner_train,22
kernel_k7_9_11_13,7,inner_train,23
kernel_k7_9_11_13,7,inner_train,24
kernel_k7_9_11_13,7,inner_train,26
kernel_k7_9_11_13,7,inner_train,27
kernel_k7_9_11_13,7,inner_train,29
kernel_k7_9_11_13,7,inner_train,30
kernel_k7_9_11_13,7,inner_train,32
kernel_k7_9_11_13,7,inner_train,33
kernel_k7_9_11_13,7,inner_train,34
kernel_k7_9_11_13,7,inner_train,35
kernel_k7_9_11_13,7,inner_train,36
kernel_k7_9_11_13,7,inner_train,38
kernel_k7_9_11_13,7,inner_train,39
kernel_k7_9_11_13,7,inner_train,40
kernel_k7_9_11_13,7,inner_train,41
kernel_k7_9_11_13,7,inner_train,42
kernel_k7_9_11_13,7,inner_train,45
kernel_k7_9_11_13,7,inner_train,46
kernel_k7_9_11_13,7,inner_train,47
kernel_k7_9_11_13,7,inner_train,48
kernel_k7_9_11_13,7,inner_train,49
kernel_k7_9_11_13,7,inner_train,50
kernel_k7_9_11_13,7,inner_train,51
kernel_k7_9_11_13,7,inner_train,52
kernel_k7_9_11_13,7,inner_train,53
kernel_k7_9_11_13,7,inner_train,55
kernel_k7_9_11_13,7,inner_train,57
kernel_k7_9_11_13,7,inner_train,58
kernel_k7_9_11_13,7,inner_train,59
kernel_k7_9_11_13,7,inner_train,61
kernel_k7_9_11_13,7,inner_train,62
kernel_k7_9_11_13,7,inner_train,63
kernel_k7_9_11_13,7,inner_train,67
kernel_k7_9_11_13,7,inner_train,69
kernel_k7_9_11_13,7,inner_train,70
kernel_k7_9_11_13,7,inner_train,71
kernel_k7_9_11_13,7,inner_train,72
kernel_k7_9_11_13,7,inner_train,73
kernel_k7_9_11_13,7,inner_train,77
kernel_k7_9_11_13,7,inner_train,78
kernel_k7_9_11_13,7,inner_train,79
kernel_k7_9_11_13,7,inner_train,80
kernel_k7_9_11_13,7,inner_train,81
kernel_k7_9_11_13,7,inner_train,82
kernel_k7_9_11_13,7,inner_train,84
kernel_k7_9_11_13,7,inner_train,85
kernel_k7_9_11_13,7,inner_train,87
kernel_k7_9_11_13,7,inner_train,90
kernel_k7_9_11_13,7,inner_train,93
kernel_k7_9_11_13,7,inner_train,94
kernel_k7_9_11_13,7,inner_train,95
kernel_k7_9_11_13,7,inner_train,96
kernel_k7_9_11_13,7,inner_train,98
kernel_k7_9_11_13,7,inner_train,99
kernel_k7_9_11_13,7,inner_train,101
kernel_k7_9_11_13,7,inner_train,105
kernel_k7_9_11_13,7,inner_train,106
kernel_k7_9_11_13,7,inner_train,107
kernel_k7_9_11_13,7,inner_train,108
kernel_k7_9_11_13,7,inner_train,109
kernel_k7_9_11_13,7,inner_validation,1
kernel_k7_9_11_13,7,inner_validation,2
kernel_k7_9_11_13,7,inner_validation,25
kernel_k7_9_11_13,7,inner_validation,28
kernel_k7_9_11_13,7,inner_validation,31
kernel_k7_9_11_13,7,inner_validation,54
kernel_k7_9_11_13,7,inner_validation,56
kernel_k7_9_11_13,7,inner_validation,66
kernel_k7_9_11_13,7,inner_validation,74
kernel_k7_9_11_13,7,inner_validation,75
kernel_k7_9_11_13,7,inner_validation,76
kernel_k7_9_11_13,7,inner_validation,83
kernel_k7_9_11_13,7,inner_validation,86
kernel_k7_9_11_13,7,inner_validation,103
kernel_k7_9_11_13,7,outer_test,5
kernel_k7_9_11_13,7,outer_test,6
kernel_k7_9_11_13,7,outer_test,37
kernel_k7_9_11_13,7,outer_test,44
kernel_k7_9_11_13,7,outer_test,60
kernel_k7_9_11_13,7,outer_test,64
kernel_k7_9_11_13,7,outer_test,65
kernel_k7_9_11_13,7,outer_test,68
kernel_k7_9_11_13,7,outer_test,91
kernel_k7_9_11_13,7,outer_test,97
kernel_k7_9_11_13,7,outer_test,102
kernel_k7_9_11_13,8,inner_train,1
kernel_k7_9_11_13,8,inner_train,2
kernel_k7_9_11_13,8,inner_train,3
kernel_k7_9_11_13,8,inner_train,4
kernel_k7_9_11_13,8,inner_train,5
kernel_k7_9_11_13,8,inner_train,6
kernel_k7_9_11_13,8,inner_train,8
kernel_k7_9_11_13,8,inner_train,9
kernel_k7_9_11_13,8,inner_train,11
kernel_k7_9_11_13,8,inner_train,12
kernel_k7_9_11_13,8,inner_train,13
kernel_k7_9_11_13,8,inner_train,14
kernel_k7_9_11_13,8,inner_train,15
kernel_k7_9_11_13,8,inner_train,16
kernel_k7_9_11_13,8,inner_train,18
kernel_k7_9_11_13,8,inner_train,22
kernel_k7_9_11_13,8,inner_train,23
kernel_k7_9_11_13,8,inner_train,25
kernel_k7_9_11_13,8,inner_train,27
kernel_k7_9_11_13,8,inner_train,28
kernel_k7_9_11_13,8,inner_train,29
kernel_k7_9_11_13,8,inner_train,30
kernel_k7_9_11_13,8,inner_train,31
kernel_k7_9_11_13,8,inner_train,32
kernel_k7_9_11_13,8,inner_train,33
kernel_k7_9_11_13,8,inner_train,34
kernel_k7_9_11_13,8,inner_train,35
kernel_k7_9_11_13,8,inner_train,36
kernel_k7_9_11_13,8,inner_train,37
kernel_k7_9_11_13,8,inner_train,38
kernel_k7_9_11_13,8,inner_train,39
kernel_k7_9_11_13,8,inner_train,40
kernel_k7_9_11_13,8,inner_train,41
kernel_k7_9_11_13,8,inner_train,42
kernel_k7_9_11_13,8,inner_train,44
kernel_k7_9_11_13,8,inner_train,46
kernel_k7_9_11_13,8,inner_train,48
kernel_k7_9_11_13,8,inner_train,49
kernel_k7_9_11_13,8,inner_train,50
kernel_k7_9_11_13,8,inner_train,51
kernel_k7_9_11_13,8,inner_train,52
kernel_k7_9_11_13,8,inner_train,53
kernel_k7_9_11_13,8,inner_train,54
kernel_k7_9_11_13,8,inner_train,55
kernel_k7_9_11_13,8,inner_train,57
kernel_k7_9_11_13,8,inner_train,58
kernel_k7_9_11_13,8,inner_train,59
kernel_k7_9_11_13,8,inner_train,60
kernel_k7_9_11_13,8,inner_train,62
kernel_k7_9_11_13,8,inner_train,67
kernel_k7_9_11_13,8,inner_train,68
kernel_k7_9_11_13,8,inner_train,71
kernel_k7_9_11_13,8,inner_train,72
kernel_k7_9_11_13,8,inner_train,75
kernel_k7_9_11_13,8,inner_train,76
kernel_k7_9_11_13,8,inner_train,77
kernel_k7_9_11_13,8,inner_train,78
kernel_k7_9_11_13,8,inner_train,79
kernel_k7_9_11_13,8,inner_train,80
kernel_k7_9_11_13,8,inner_train,81
kernel_k7_9_11_13,8,inner_train,82
kernel_k7_9_11_13,8,inner_train,84
kernel_k7_9_11_13,8,inner_train,85
kernel_k7_9_11_13,8,inner_train,90
kernel_k7_9_11_13,8,inner_train,91
kernel_k7_9_11_13,8,inner_train,93
kernel_k7_9_11_13,8,inner_train,94
kernel_k7_9_11_13,8,inner_train,96
kernel_k7_9_11_13,8,inner_train,97
kernel_k7_9_11_13,8,inner_train,99
kernel_k7_9_11_13,8,inner_train,101
kernel_k7_9_11_13,8,inner_train,102
kernel_k7_9_11_13,8,inner_train,103
kernel_k7_9_11_13,8,inner_train,105
kernel_k7_9_11_13,8,inner_train,106
kernel_k7_9_11_13,8,inner_train,107
kernel_k7_9_11_13,8,inner_train,108
kernel_k7_9_11_13,8,inner_train,109
kernel_k7_9_11_13,8,inner_validation,10
kernel_k7_9_11_13,8,inner_validation,19
kernel_k7_9_11_13,8,inner_validation,20
kernel_k7_9_11_13,8,inner_validation,21
kernel_k7_9_11_13,8,inner_validation,24
kernel_k7_9_11_13,8,inner_validation,45
kernel_k7_9_11_13,8,inner_validation,47
kernel_k7_9_11_13,8,inner_validation,61
kernel_k7_9_11_13,8,inner_validation,64
kernel_k7_9_11_13,8,inner_validation,65
kernel_k7_9_11_13,8,inner_validation,66
kernel_k7_9_11_13,8,inner_validation,83
kernel_k7_9_11_13,8,inner_validation,86
kernel_k7_9_11_13,8,inner_validation,98
kernel_k7_9_11_13,8,outer_test,7
kernel_k7_9_11_13,8,outer_test,17
kernel_k7_9_11_13,8,outer_test,26
kernel_k7_9_11_13,8,outer_test,56
kernel_k7_9_11_13,8,outer_test,63
kernel_k7_9_11_13,8,outer_test,69
kernel_k7_9_11_13,8,outer_test,70
kernel_k7_9_11_13,8,outer_test,73
kernel_k7_9_11_13,8,outer_test,74
kernel_k7_9_11_13,8,outer_test,87
kernel_k7_9_11_13,8,outer_test,95
kernel_k7_9_11_13,9,inner_train,2
kernel_k7_9_11_13,9,inner_train,4
kernel_k7_9_11_13,9,inner_train,6
kernel_k7_9_11_13,9,inner_train,7
kernel_k7_9_11_13,9,inner_train,8
kernel_k7_9_11_13,9,inner_train,9
kernel_k7_9_11_13,9,inner_train,10
kernel_k7_9_11_13,9,inner_train,12
kernel_k7_9_11_13,9,inner_train,13
kernel_k7_9_11_13,9,inner_train,16
kernel_k7_9_11_13,9,inner_train,17
kernel_k7_9_11_13,9,inner_train,18
kernel_k7_9_11_13,9,inner_train,19
kernel_k7_9_11_13,9,inner_train,20
kernel_k7_9_11_13,9,inner_train,21
kernel_k7_9_11_13,9,inner_train,24
kernel_k7_9_11_13,9,inner_train,25
kernel_k7_9_11_13,9,inner_train,26
kernel_k7_9_11_13,9,inner_train,27
kernel_k7_9_11_13,9,inner_train,28
kernel_k7_9_11_13,9,inner_train,29
kernel_k7_9_11_13,9,inner_train,30
kernel_k7_9_11_13,9,inner_train,31
kernel_k7_9_11_13,9,inner_train,32
kernel_k7_9_11_13,9,inner_train,33
kernel_k7_9_11_13,9,inner_train,34
kernel_k7_9_11_13,9,inner_train,35
kernel_k7_9_11_13,9,inner_train,36
kernel_k7_9_11_13,9,inner_train,37
kernel_k7_9_11_13,9,inner_train,38
kernel_k7_9_11_13,9,inner_train,40
kernel_k7_9_11_13,9,inner_train,41
kernel_k7_9_11_13,9,inner_train,42
kernel_k7_9_11_13,9,inner_train,44
kernel_k7_9_11_13,9,inner_train,45
kernel_k7_9_11_13,9,inner_train,46
kernel_k7_9_11_13,9,inner_train,47
kernel_k7_9_11_13,9,inner_train,48
kernel_k7_9_11_13,9,inner_train,49
kernel_k7_9_11_13,9,inner_train,51
kernel_k7_9_11_13,9,inner_train,53
kernel_k7_9_11_13,9,inner_train,55
kernel_k7_9_11_13,9,inner_train,57
kernel_k7_9_11_13,9,inner_train,58
kernel_k7_9_11_13,9,inner_train,59
kernel_k7_9_11_13,9,inner_train,60
kernel_k7_9_11_13,9,inner_train,61
kernel_k7_9_11_13,9,inner_train,62
kernel_k7_9_11_13,9,inner_train,63
kernel_k7_9_11_13,9,inner_train,64
kernel_k7_9_11_13,9,inner_train,65
kernel_k7_9_11_13,9,inner_train,66
kernel_k7_9_11_13,9,inner_train,67
kernel_k7_9_11_13,9,inner_train,68
kernel_k7_9_11_13,9,inner_train,69
kernel_k7_9_11_13,9,inner_train,70
kernel_k7_9_11_13,9,inner_train,74
kernel_k7_9_11_13,9,inner_train,75
kernel_k7_9_11_13,9,inner_train,78
kernel_k7_9_11_13,9,inner_train,79
kernel_k7_9_11_13,9,inner_train,83
kernel_k7_9_11_13,9,inner_train,84
kernel_k7_9_11_13,9,inner_train,86
kernel_k7_9_11_13,9,inner_train,87
kernel_k7_9_11_13,9,inner_train,90
kernel_k7_9_11_13,9,inner_train,91
kernel_k7_9_11_13,9,inner_train,93
kernel_k7_9_11_13,9,inner_train,94
kernel_k7_9_11_13,9,inner_train,95
kernel_k7_9_11_13,9,inner_train,97
kernel_k7_9_11_13,9,inner_train,98
kernel_k7_9_11_13,9,inner_train,99
kernel_k7_9_11_13,9,inner_train,101
kernel_k7_9_11_13,9,inner_train,103
kernel_k7_9_11_13,9,inner_train,105
kernel_k7_9_11_13,9,inner_train,106
kernel_k7_9_11_13,9,inner_train,107
kernel_k7_9_11_13,9,inner_train,108
kernel_k7_9_11_13,9,inner_validation,1
kernel_k7_9_11_13,9,inner_validation,3
kernel_k7_9_11_13,9,inner_validation,5
kernel_k7_9_11_13,9,inner_validation,15
kernel_k7_9_11_13,9,inner_validation,23
kernel_k7_9_11_13,9,inner_validation,50
kernel_k7_9_11_13,9,inner_validation,54
kernel_k7_9_11_13,9,inner_validation,56
kernel_k7_9_11_13,9,inner_validation,71
kernel_k7_9_11_13,9,inner_validation,73
kernel_k7_9_11_13,9,inner_validation,80
kernel_k7_9_11_13,9,inner_validation,82
kernel_k7_9_11_13,9,inner_validation,96
kernel_k7_9_11_13,9,inner_validation,102
kernel_k7_9_11_13,9,outer_test,11
kernel_k7_9_11_13,9,outer_test,14
kernel_k7_9_11_13,9,outer_test,22
kernel_k7_9_11_13,9,outer_test,39
kernel_k7_9_11_13,9,outer_test,52
kernel_k7_9_11_13,9,outer_test,72
kernel_k7_9_11_13,9,outer_test,76
kernel_k7_9_11_13,9,outer_test,77
kernel_k7_9_11_13,9,outer_test,81
kernel_k7_9_11_13,9,outer_test,85
kernel_k7_9_11_13,9,outer_test,109
kernel_k7_9_11_13,10,inner_train,2
kernel_k7_9_11_13,10,inner_train,3
kernel_k7_9_11_13,10,inner_train,5
kernel_k7_9_11_13,10,inner_train,6
kernel_k7_9_11_13,10,inner_train,7
kernel_k7_9_11_13,10,inner_train,8
kernel_k7_9_11_13,10,inner_train,9
kernel_k7_9_11_13,10,inner_train,11
kernel_k7_9_11_13,10,inner_train,13
kernel_k7_9_11_13,10,inner_train,14
kernel_k7_9_11_13,10,inner_train,15
kernel_k7_9_11_13,10,inner_train,16
kernel_k7_9_11_13,10,inner_train,17
kernel_k7_9_11_13,10,inner_train,18
kernel_k7_9_11_13,10,inner_train,19
kernel_k7_9_11_13,10,inner_train,20
kernel_k7_9_11_13,10,inner_train,21
kernel_k7_9_11_13,10,inner_train,23
kernel_k7_9_11_13,10,inner_train,24
kernel_k7_9_11_13,10,inner_train,25
kernel_k7_9_11_13,10,inner_train,26
kernel_k7_9_11_13,10,inner_train,28
kernel_k7_9_11_13,10,inner_train,29
kernel_k7_9_11_13,10,inner_train,32
kernel_k7_9_11_13,10,inner_train,33
kernel_k7_9_11_13,10,inner_train,35
kernel_k7_9_11_13,10,inner_train,36
kernel_k7_9_11_13,10,inner_train,37
kernel_k7_9_11_13,10,inner_train,39
kernel_k7_9_11_13,10,inner_train,40
kernel_k7_9_11_13,10,inner_train,41
kernel_k7_9_11_13,10,inner_train,42
kernel_k7_9_11_13,10,inner_train,44
kernel_k7_9_11_13,10,inner_train,45
kernel_k7_9_11_13,10,inner_train,46
kernel_k7_9_11_13,10,inner_train,47
kernel_k7_9_11_13,10,inner_train,48
kernel_k7_9_11_13,10,inner_train,49
kernel_k7_9_11_13,10,inner_train,50
kernel_k7_9_11_13,10,inner_train,52
kernel_k7_9_11_13,10,inner_train,53
kernel_k7_9_11_13,10,inner_train,54
kernel_k7_9_11_13,10,inner_train,55
kernel_k7_9_11_13,10,inner_train,58
kernel_k7_9_11_13,10,inner_train,60
kernel_k7_9_11_13,10,inner_train,61
kernel_k7_9_11_13,10,inner_train,62
kernel_k7_9_11_13,10,inner_train,64
kernel_k7_9_11_13,10,inner_train,65
kernel_k7_9_11_13,10,inner_train,66
kernel_k7_9_11_13,10,inner_train,67
kernel_k7_9_11_13,10,inner_train,68
kernel_k7_9_11_13,10,inner_train,69
kernel_k7_9_11_13,10,inner_train,70
kernel_k7_9_11_13,10,inner_train,71
kernel_k7_9_11_13,10,inner_train,72
kernel_k7_9_11_13,10,inner_train,74
kernel_k7_9_11_13,10,inner_train,76
kernel_k7_9_11_13,10,inner_train,77
kernel_k7_9_11_13,10,inner_train,79
kernel_k7_9_11_13,10,inner_train,80
kernel_k7_9_11_13,10,inner_train,81
kernel_k7_9_11_13,10,inner_train,84
kernel_k7_9_11_13,10,inner_train,85
kernel_k7_9_11_13,10,inner_train,86
kernel_k7_9_11_13,10,inner_train,87
kernel_k7_9_11_13,10,inner_train,90
kernel_k7_9_11_13,10,inner_train,91
kernel_k7_9_11_13,10,inner_train,94
kernel_k7_9_11_13,10,inner_train,95
kernel_k7_9_11_13,10,inner_train,96
kernel_k7_9_11_13,10,inner_train,97
kernel_k7_9_11_13,10,inner_train,98
kernel_k7_9_11_13,10,inner_train,99
kernel_k7_9_11_13,10,inner_train,101
kernel_k7_9_11_13,10,inner_train,105
kernel_k7_9_11_13,10,inner_train,107
kernel_k7_9_11_13,10,inner_train,108
kernel_k7_9_11_13,10,inner_train,109
kernel_k7_9_11_13,10,inner_validation,4
kernel_k7_9_11_13,10,inner_validation,10
kernel_k7_9_11_13,10,inner_validation,22
kernel_k7_9_11_13,10,inner_validation,27
kernel_k7_9_11_13,10,inner_validation,31
kernel_k7_9_11_13,10,inner_validation,51
kernel_k7_9_11_13,10,inner_validation,56
kernel_k7_9_11_13,10,inner_validation,59
kernel_k7_9_11_13,10,inner_validation,63
kernel_k7_9_11_13,10,inner_validation,73
kernel_k7_9_11_13,10,inner_validation,75
kernel_k7_9_11_13,10,inner_validation,82
kernel_k7_9_11_13,10,inner_validation,83
kernel_k7_9_11_13,10,inner_validation,102
kernel_k7_9_11_13,10,outer_test,1
kernel_k7_9_11_13,10,outer_test,12
kernel_k7_9_11_13,10,outer_test,30
kernel_k7_9_11_13,10,outer_test,34
kernel_k7_9_11_13,10,outer_test,38
kernel_k7_9_11_13,10,outer_test,57
kernel_k7_9_11_13,10,outer_test,78
kernel_k7_9_11_13,10,outer_test,93
kernel_k7_9_11_13,10,outer_test,103
kernel_k7_9_11_13,10,outer_test,106
kernel_k9,1,inner_train,2
kernel_k9,1,inner_train,6
kernel_k9,1,inner_train,7
kernel_k9,1,inner_train,8
kernel_k9,1,inner_train,10
kernel_k9,1,inner_train,11
kernel_k9,1,inner_train,12
kernel_k9,1,inner_train,14
kernel_k9,1,inner_train,16
kernel_k9,1,inner_train,17
kernel_k9,1,inner_train,18
kernel_k9,1,inner_train,20
kernel_k9,1,inner_train,22
kernel_k9,1,inner_train,23
kernel_k9,1,inner_train,26
kernel_k9,1,inner_train,27
kernel_k9,1,inner_train,28
kernel_k9,1,inner_train,29
kernel_k9,1,inner_train,30
kernel_k9,1,inner_train,31
kernel_k9,1,inner_train,32
kernel_k9,1,inner_train,34
kernel_k9,1,inner_train,35
kernel_k9,1,inner_train,36
kernel_k9,1,inner_train,37
kernel_k9,1,inner_train,38
kernel_k9,1,inner_train,39
kernel_k9,1,inner_train,40
kernel_k9,1,inner_train,41
kernel_k9,1,inner_train,42
kernel_k9,1,inner_train,44
kernel_k9,1,inner_train,45
kernel_k9,1,inner_train,46
kernel_k9,1,inner_train,48
kernel_k9,1,inner_train,49
kernel_k9,1,inner_train,50
kernel_k9,1,inner_train,51
kernel_k9,1,inner_train,52
kernel_k9,1,inner_train,53
kernel_k9,1,inner_train,55
kernel_k9,1,inner_train,56
kernel_k9,1,inner_train,57
kernel_k9,1,inner_train,58
kernel_k9,1,inner_train,59
kernel_k9,1,inner_train,60
kernel_k9,1,inner_train,62
kernel_k9,1,inner_train,63
kernel_k9,1,inner_train,64
kernel_k9,1,inner_train,66
kernel_k9,1,inner_train,68
kernel_k9,1,inner_train,69
kernel_k9,1,inner_train,70
kernel_k9,1,inner_train,71
kernel_k9,1,inner_train,72
kernel_k9,1,inner_train,75
kernel_k9,1,inner_train,76
kernel_k9,1,inner_train,77
kernel_k9,1,inner_train,78
kernel_k9,1,inner_train,79
kernel_k9,1,inner_train,80
kernel_k9,1,inner_train,81
kernel_k9,1,inner_train,82
kernel_k9,1,inner_train,83
kernel_k9,1,inner_train,85
kernel_k9,1,inner_train,86
kernel_k9,1,inner_train,87
kernel_k9,1,inner_train,91
kernel_k9,1,inner_train,94
kernel_k9,1,inner_train,95
kernel_k9,1,inner_train,97
kernel_k9,1,inner_train,98
kernel_k9,1,inner_train,101
kernel_k9,1,inner_train,102
kernel_k9,1,inner_train,103
kernel_k9,1,inner_train,105
kernel_k9,1,inner_train,106
kernel_k9,1,inner_train,107
kernel_k9,1,inner_train,108
kernel_k9,1,inner_train,109
kernel_k9,1,inner_validation,1
kernel_k9,1,inner_validation,5
kernel_k9,1,inner_validation,13
kernel_k9,1,inner_validation,15
kernel_k9,1,inner_validation,19
kernel_k9,1,inner_validation,47
kernel_k9,1,inner_validation,54
kernel_k9,1,inner_validation,65
kernel_k9,1,inner_validation,73
kernel_k9,1,inner_validation,74
kernel_k9,1,inner_validation,84
kernel_k9,1,inner_validation,90
kernel_k9,1,inner_validation,93
kernel_k9,1,inner_validation,99
kernel_k9,1,outer_test,3
kernel_k9,1,outer_test,4
kernel_k9,1,outer_test,9
kernel_k9,1,outer_test,21
kernel_k9,1,outer_test,24
kernel_k9,1,outer_test,25
kernel_k9,1,outer_test,33
kernel_k9,1,outer_test,61
kernel_k9,1,outer_test,67
kernel_k9,1,outer_test,96
kernel_k9,2,inner_train,1
kernel_k9,2,inner_train,2
kernel_k9,2,inner_train,3
kernel_k9,2,inner_train,4
kernel_k9,2,inner_train,5
kernel_k9,2,inner_train,6
kernel_k9,2,inner_train,7
kernel_k9,2,inner_train,9
kernel_k9,2,inner_train,11
kernel_k9,2,inner_train,12
kernel_k9,2,inner_train,13
kernel_k9,2,inner_train,14
kernel_k9,2,inner_train,15
kernel_k9,2,inner_train,17
kernel_k9,2,inner_train,18
kernel_k9,2,inner_train,20
kernel_k9,2,inner_train,21
kernel_k9,2,inner_train,22
kernel_k9,2,inner_train,24
kernel_k9,2,inner_train,25
kernel_k9,2,inner_train,26
kernel_k9,2,inner_train,27
kernel_k9,2,inner_train,29
kernel_k9,2,inner_train,30
kernel_k9,2,inner_train,31
kernel_k9,2,inner_train,32
kernel_k9,2,inner_train,33
kernel_k9,2,inner_train,34
kernel_k9,2,inner_train,36
kernel_k9,2,inner_train,37
kernel_k9,2,inner_train,39
kernel_k9,2,inner_train,40
kernel_k9,2,inner_train,41
kernel_k9,2,inner_train,42
kernel_k9,2,inner_train,44
kernel_k9,2,inner_train,47
kernel_k9,2,inner_train,48
kernel_k9,2,inner_train,50
kernel_k9,2,inner_train,52
kernel_k9,2,inner_train,53
kernel_k9,2,inner_train,55
kernel_k9,2,inner_train,56
kernel_k9,2,inner_train,57
kernel_k9,2,inner_train,58
kernel_k9,2,inner_train,59
kernel_k9,2,inner_train,60
kernel_k9,2,inner_train,62
kernel_k9,2,inner_train,64
kernel_k9,2,inner_train,65
kernel_k9,2,inner_train,66
kernel_k9,2,inner_train,68
kernel_k9,2,inner_train,69
kernel_k9,2,inner_train,70
kernel_k9,2,inner_train,71
kernel_k9,2,inner_train,72
kernel_k9,2,inner_train,75
kernel_k9,2,inner_train,76
kernel_k9,2,inner_train,77
kernel_k9,2,inner_train,78
kernel_k9,2,inner_train,80
kernel_k9,2,inner_train,81
kernel_k9,2,inner_train,83
kernel_k9,2,inner_train,85
kernel_k9,2,inner_train,86
kernel_k9,2,inner_train,87
kernel_k9,2,inner_train,90
kernel_k9,2,inner_train,91
kernel_k9,2,inner_train,93
kernel_k9,2,inner_train,94
kernel_k9,2,inner_train,95
kernel_k9,2,inner_train,96
kernel_k9,2,inner_train,97
kernel_k9,2,inner_train,98
kernel_k9,2,inner_train,99
kernel_k9,2,inner_train,102
kernel_k9,2,inner_train,103
kernel_k9,2,inner_train,105
kernel_k9,2,inner_train,106
kernel_k9,2,inner_train,107
kernel_k9,2,inner_validation,8
kernel_k9,2,inner_validation,23
kernel_k9,2,inner_validation,28
kernel_k9,2,inner_validation,38
kernel_k9,2,inner_validation,45
kernel_k9,2,inner_validation,49
kernel_k9,2,inner_validation,61
kernel_k9,2,inner_validation,63
kernel_k9,2,inner_validation,67
kernel_k9,2,inner_validation,73
kernel_k9,2,inner_validation,74
kernel_k9,2,inner_validation,84
kernel_k9,2,inner_validation,101
kernel_k9,2,inner_validation,109
kernel_k9,2,outer_test,10
kernel_k9,2,outer_test,16
kernel_k9,2,outer_test,19
kernel_k9,2,outer_test,35
kernel_k9,2,outer_test,46
kernel_k9,2,outer_test,51
kernel_k9,2,outer_test,54
kernel_k9,2,outer_test,79
kernel_k9,2,outer_test,82
kernel_k9,2,outer_test,108
kernel_k9,3,inner_train,4
kernel_k9,3,inner_train,6
kernel_k9,3,inner_train,7
kernel_k9,3,inner_train,8
kernel_k9,3,inner_train,9
kernel_k9,3,inner_train,10
kernel_k9,3,inner_train,11
kernel_k9,3,inner_train,12
kernel_k9,3,inner_train,13
kernel_k9,3,inner_train,14
kernel_k9,3,inner_train,15
kernel_k9,3,inner_train,16
kernel_k9,3,inner_train,17
kernel_k9,3,inner_train,19
kernel_k9,3,inner_train,20
kernel_k9,3,inner_train,21
kernel_k9,3,inner_train,22
kernel_k9,3,inner_train,23
kernel_k9,3,inner_train,24
kernel_k9,3,inner_train,25
kernel_k9,3,inner_train,26
kernel_k9,3,inner_train,27
kernel_k9,3,inner_train,29
kernel_k9,3,inner_train,30
kernel_k9,3,inner_train,31
kernel_k9,3,inner_train,34
kernel_k9,3,inner_train,35
kernel_k9,3,inner_train,37
kernel_k9,3,inner_train,39
kernel_k9,3,inner_train,40
kernel_k9,3,inner_train,42
kernel_k9,3,inner_train,44
kernel_k9,3,inner_train,47
kernel_k9,3,inner_train,48
kernel_k9,3,inner_train,50
kernel_k9,3,inner_train,51
kernel_k9,3,inner_train,52
kernel_k9,3,inner_train,53
kernel_k9,3,inner_train,55
kernel_k9,3,inner_train,56
kernel_k9,3,inner_train,57
kernel_k9,3,inner_train,58
kernel_k9,3,inner_train,59
kernel_k9,3,inner_train,60
kernel_k9,3,inner_train,63
kernel_k9,3,inner_train,65
kernel_k9,3,inner_train,66
kernel_k9,3,inner_train,67
kernel_k9,3,inner_train,69
kernel_k9,3,inner_train,70
kernel_k9,3,inner_train,71
kernel_k9,3,inner_train,72
kernel_k9,3,inner_train,73
kernel_k9,3,inner_train,76
kernel_k9,3,inner_train,77
kernel_k9,3,inner_train,78
kernel_k9,3,inner_train,79
kernel_k9,3,inner_train,81
kernel_k9,3,inner_train,82
kernel_k9,3,inner_train,83
kernel_k9,3,inner_train,84
kernel_k9,3,inner_train,85
kernel_k9,3,inner_train,86
kernel_k9,3,inner_train,87
kernel_k9,3,inner_train,90
kernel_k9,3,inner_train,91
kernel_k9,3,inner_train,94
kernel_k9,3,inner_train,95
kernel_k9,3,inner_train,96
kernel_k9,3,inner_train,97
kernel_k9,3,inner_train,98
kernel_k9,3,inner_train,99
kernel_k9,3,inner_train,101
kernel_k9,3,inner_train,102
kernel_k9,3,inner_train,103
kernel_k9,3,inner_train,106
kernel_k9,3,inner_train,107
kernel_k9,3,inner_train,108
kernel_k9,3,inner_train,109
kernel_k9,3,inner_validation,1
kernel_k9,3,inner_validation,2
kernel_k9,3,inner_validation,3
kernel_k9,3,inner_validation,5
kernel_k9,3,inner_validation,33
kernel_k9,3,inner_validation,38
kernel_k9,3,inner_validation,46
kernel_k9,3,inner_validation,54
kernel_k9,3,inner_validation,61
kernel_k9,3,inner_validation,64
kernel_k9,3,inner_validation,68
kernel_k9,3,inner_validation,74
kernel_k9,3,inner_validation,80
kernel_k9,3,inner_validation,93
kernel_k9,3,outer_test,18
kernel_k9,3,outer_test,28
kernel_k9,3,outer_test,32
kernel_k9,3,outer_test,36
kernel_k9,3,outer_test,41
kernel_k9,3,outer_test,45
kernel_k9,3,outer_test,49
kernel_k9,3,outer_test,62
kernel_k9,3,outer_test,75
kernel_k9,3,outer_test,105
kernel_k9,4,inner_train,1
kernel_k9,4,inner_train,2
kernel_k9,4,inner_train,3
kernel_k9,4,inner_train,4
kernel_k9,4,inner_train,5
kernel_k9,4,inner_train,6
kernel_k9,4,inner_train,7
kernel_k9,4,inner_train,9
kernel_k9,4,inner_train,10
kernel_k9,4,inner_train,11
kernel_k9,4,inner_train,14
kernel_k9,4,inner_train,16
kernel_k9,4,inner_train,17
kernel_k9,4,inner_train,18
kernel_k9,4,inner_train,19
kernel_k9,4,inner_train,20
kernel_k9,4,inner_train,21
kernel_k9,4,inner_train,23
kernel_k9,4,inner_train,24
kernel_k9,4,inner_train,25
kernel_k9,4,inner_train,26
kernel_k9,4,inner_train,28
kernel_k9,4,inner_train,29
kernel_k9,4,inner_train,30
kernel_k9,4,inner_train,32
kernel_k9,4,inner_train,34
kernel_k9,4,inner_train,35
kernel_k9,4,inner_train,36
kernel_k9,4,inner_train,38
kernel_k9,4,inner_train,39
kernel_k9,4,inner_train,41
kernel_k9,4,inner_train,45
kernel_k9,4,inner_train,46
kernel_k9,4,inner_train,47
kernel_k9,4,inner_train,49
kernel_k9,4,inner_train,50
kernel_k9,4,inner_train,51
kernel_k9,4,inner_train,52
kernel_k9,4,inner_train,54
kernel_k9,4,inner_train,57
kernel_k9,4,inner_train,58
kernel_k9,4,inner_train,59
kernel_k9,4,inner_train,60
kernel_k9,4,inner_train,61
kernel_k9,4,inner_train,62
kernel_k9,4,inner_train,63
kernel_k9,4,inner_train,64
kernel_k9,4,inner_train,65
kernel_k9,4,inner_train,67
kernel_k9,4,inner_train,68
kernel_k9,4,inner_train,69
kernel_k9,4,inner_train,70
kernel_k9,4,inner_train,71
kernel_k9,4,inner_train,72
kernel_k9,4,inner_train,73
kernel_k9,4,inner_train,75
kernel_k9,4,inner_train,76
kernel_k9,4,inner_train,79
kernel_k9,4,inner_train,80
kernel_k9,4,inner_train,81
kernel_k9,4,inner_train,82
kernel_k9,4,inner_train,83
kernel_k9,4,inner_train,84
kernel_k9,4,inner_train,85
kernel_k9,4,inner_train,87
kernel_k9,4,inner_train,90
kernel_k9,4,inner_train,91
kernel_k9,4,inner_train,93
kernel_k9,4,inner_train,94
kernel_k9,4,inner_train,95
kernel_k9,4,inner_train,96
kernel_k9,4,inner_train,97
kernel_k9,4,inner_train,99
kernel_k9,4,inner_train,101
kernel_k9,4,inner_train,102
kernel_k9,4,inner_train,105
kernel_k9,4,inner_train,106
kernel_k9,4,inner_train,108
kernel_k9,4,inner_train,109
kernel_k9,4,inner_validation,12
kernel_k9,4,inner_validation,13
kernel_k9,4,inner_validation,15
kernel_k9,4,inner_validation,22
kernel_k9,4,inner_validation,33
kernel_k9,4,inner_validation,37
kernel_k9,4,inner_validation,44
kernel_k9,4,inner_validation,53
kernel_k9,4,inner_validation,56
kernel_k9,4,inner_validation,74
kernel_k9,4,inner_validation,77
kernel_k9,4,inner_validation,78
kernel_k9,4,inner_validation,98
kernel_k9,4,inner_validation,103
kernel_k9,4,outer_test,8
kernel_k9,4,outer_test,27
kernel_k9,4,outer_test,31
kernel_k9,4,outer_test,40
kernel_k9,4,outer_test,42
kernel_k9,4,outer_test,48
kernel_k9,4,outer_test,55
kernel_k9,4,outer_test,66
kernel_k9,4,outer_test,86
kernel_k9,4,outer_test,107
kernel_k9,5,inner_train,2
kernel_k9,5,inner_train,3
kernel_k9,5,inner_train,4
kernel_k9,5,inner_train,5
kernel_k9,5,inner_train,6
kernel_k9,5,inner_train,7
kernel_k9,5,inner_train,8
kernel_k9,5,inner_train,9
kernel_k9,5,inner_train,10
kernel_k9,5,inner_train,11
kernel_k9,5,inner_train,12
kernel_k9,5,inner_train,13
kernel_k9,5,inner_train,14
kernel_k9,5,inner_train,17
kernel_k9,5,inner_train,18
kernel_k9,5,inner_train,20
kernel_k9,5,inner_train,21
kernel_k9,5,inner_train,22
kernel_k9,5,inner_train,24
kernel_k9,5,inner_train,25
kernel_k9,5,inner_train,26
kernel_k9,5,inner_train,27
kernel_k9,5,inner_train,29
kernel_k9,5,inner_train,30
kernel_k9,5,inner_train,31
kernel_k9,5,inner_train,33
kernel_k9,5,inner_train,34
kernel_k9,5,inner_train,35
kernel_k9,5,inner_train,36
kernel_k9,5,inner_train,37
kernel_k9,5,inner_train,38
kernel_k9,5,inner_train,39
kernel_k9,5,inner_train,42
kernel_k9,5,inner_train,44
kernel_k9,5,inner_train,45
kernel_k9,5,inner_train,46
kernel_k9,5,inner_train,47
kernel_k9,5,inner_train,48
kernel_k9,5,inner_train,49
kernel_k9,5,inner_train,52
kernel_k9,5,inner_train,54
kernel_k9,5,inner_train,55
kernel_k9,5,inner_train,56
kernel_k9,5,inner_train,57
kernel_k9,5,inner_train,60
kernel_k9,5,inner_train,61
kernel_k9,5,inner_train,63
kernel_k9,5,inner_train,64
kernel_k9,5,inner_train,65
kernel_k9,5,inner_train,66
kernel_k9,5,inner_train,67
kernel_k9,5,inner_train,68
kernel_k9,5,inner_train,69
kernel_k9,5,inner_train,70
kernel_k9,5,inner_train,71
kernel_k9,5,inner_train,72
kernel_k9,5,inner_train,73
kernel_k9,5,inner_train,74
kernel_k9,5,inner_train,75
kernel_k9,5,inner_train,76
kernel_k9,5,inner_train,77
kernel_k9,5,inner_train,78
kernel_k9,5,inner_train,79
kernel_k9,5,inner_train,81
kernel_k9,5,inner_train,82
kernel_k9,5,inner_train,83
kernel_k9,5,inner_train,84
kernel_k9,5,inner_train,85
kernel_k9,5,inner_train,86
kernel_k9,5,inner_train,91
kernel_k9,5,inner_train,93
kernel_k9,5,inner_train,98
kernel_k9,5,inner_train,101
kernel_k9,5,inner_train,102
kernel_k9,5,inner_train,105
kernel_k9,5,inner_train,106
kernel_k9,5,inner_train,107
kernel_k9,5,inner_train,108
kernel_k9,5,inner_train,109
kernel_k9,5,inner_validation,1
kernel_k9,5,inner_validation,16
kernel_k9,5,inner_validation,19
kernel_k9,5,inner_validation,28
kernel_k9,5,inner_validation,32
kernel_k9,5,inner_validation,40
kernel_k9,5,inner_validation,41
kernel_k9,5,inner_validation,51
kernel_k9,5,inner_validation,62
kernel_k9,5,inner_validation,87
kernel_k9,5,inner_validation,95
kernel_k9,5,inner_validation,96
kernel_k9,5,inner_validation,97
kernel_k9,5,inner_validation,103
kernel_k9,5,outer_test,15
kernel_k9,5,outer_test,23
kernel_k9,5,outer_test,50
kernel_k9,5,outer_test,53
kernel_k9,5,outer_test,58
kernel_k9,5,outer_test,59
kernel_k9,5,outer_test,80
kernel_k9,5,outer_test,90
kernel_k9,5,outer_test,94
kernel_k9,5,outer_test,99
kernel_k9,6,inner_train,1
kernel_k9,6,inner_train,3
kernel_k9,6,inner_train,4
kernel_k9,6,inner_train,5
kernel_k9,6,inner_train,6
kernel_k9,6,inner_train,8
kernel_k9,6,inner_train,9
kernel_k9,6,inner_train,12
kernel_k9,6,inner_train,15
kernel_k9,6,inner_train,16
kernel_k9,6,inner_train,17
kernel_k9,6,inner_train,18
kernel_k9,6,inner_train,19
kernel_k9,6,inner_train,22
kernel_k9,6,inner_train,23
kernel_k9,6,inner_train,24
kernel_k9,6,inner_train,25
kernel_k9,6,inner_train,26
kernel_k9,6,inner_train,27
kernel_k9,6,inner_train,30
kernel_k9,6,inner_train,31
kernel_k9,6,inner_train,32
kernel_k9,6,inner_train,33
kernel_k9,6,inner_train,34
kernel_k9,6,inner_train,35
kernel_k9,6,inner_train,36
kernel_k9,6,inner_train,37
kernel_k9,6,inner_train,38
kernel_k9,6,inner_train,39
kernel_k9,6,inner_train,40
kernel_k9,6,inner_train,41
kernel_k9,6,inner_train,42
kernel_k9,6,inner_train,44
kernel_k9,6,inner_train,45
kernel_k9,6,inner_train,46
kernel_k9,6,inner_train,49
kernel_k9,6,inner_train,51
kernel_k9,6,inner_train,52
kernel_k9,6,inner_train,53
kernel_k9,6,inner_train,54
kernel_k9,6,inner_train,55
kernel_k9,6,inner_train,56
kernel_k9,6,inner_train,57
kernel_k9,6,inner_train,58
kernel_k9,6,inner_train,59
kernel_k9,6,inner_train,60
kernel_k9,6,inner_train,61
kernel_k9,6,inner_train,62
kernel_k9,6,inner_train,64
kernel_k9,6,inner_train,65
kernel_k9,6,inner_train,66
kernel_k9,6,inner_train,67
kernel_k9,6,inner_train,68
kernel_k9,6,inner_train,69
kernel_k9,6,inner_train,70
kernel_k9,6,inner_train,72
kernel_k9,6,inner_train,73
kernel_k9,6,inner_train,74
kernel_k9,6,inner_train,75
kernel_k9,6,inner_train,76
kernel_k9,6,inner_train,77
kernel_k9,6,inner_train,78
kernel_k9,6,inner_train,79
kernel_k9,6,inner_train,80
kernel_k9,6,inner_train,81
kernel_k9,6,inner_train,82
kernel_k9,6,inner_train,85
kernel_k9,6,inner_train,87
kernel_k9,6,inner_train,90
kernel_k9,6,inner_train,93
kernel_k9,6,inner_train,94
kernel_k9,6,inner_train,96
kernel_k9,6,inner_train,97
kernel_k9,6,inner_train,102
kernel_k9,6,inner_train,105
kernel_k9,6,inner_train,106
kernel_k9,6,inner_train,107
kernel_k9,6,inner_train,108
kernel_k9,6,inner_train,109
kernel_k9,6,inner_validation,7
kernel_k9,6,inner_validation,10
kernel_k9,6,inner_validation,11
kernel_k9,6,inner_validation,14
kernel_k9,6,inner_validation,21
kernel_k9,6,inner_validation,28
kernel_k9,6,inner_validation,48
kernel_k9,6,inner_validation,50
kernel_k9,6,inner_validation,63
kernel_k9,6,inner_validation,86
kernel_k9,6,inner_validation,91
kernel_k9,6,inner_validation,95
kernel_k9,6,inner_validation,99
kernel_k9,6,inner_validation,103
kernel_k9,6,outer_test,2
kernel_k9,6,outer_test,13
kernel_k9,6,outer_test,20
kernel_k9,6,outer_test,29
kernel_k9,6,outer_test,47
kernel_k9,6,outer_test,71
kernel_k9,6,outer_test,83
kernel_k9,6,outer_test,84
kernel_k9,6,outer_test,98
kernel_k9,6,outer_test,101
kernel_k9,7,inner_train,3
kernel_k9,7,inner_train,4
kernel_k9,7,inner_train,7
kernel_k9,7,inner_train,8
kernel_k9,7,inner_train,9
kernel_k9,7,inner_train,10
kernel_k9,7,inner_train,11
kernel_k9,7,inner_train,12
kernel_k9,7,inner_train,13
kernel_k9,7,inner_train,14
kernel_k9,7,inner_train,15
kernel_k9,7,inner_train,16
kernel_k9,7,inner_train,17
kernel_k9,7,inner_train,18
kernel_k9,7,inner_train,19
kernel_k9,7,inner_train,20
kernel_k9,7,inner_train,21
kernel_k9,7,inner_train,22
kernel_k9,7,inner_train,23
kernel_k9,7,inner_train,24
kernel_k9,7,inner_train,26
kernel_k9,7,inner_train,27
kernel_k9,7,inner_train,29
kernel_k9,7,inner_train,30
kernel_k9,7,inner_train,32
kernel_k9,7,inner_train,33
kernel_k9,7,inner_train,34
kernel_k9,7,inner_train,35
kernel_k9,7,inner_train,36
kernel_k9,7,inner_train,38
kernel_k9,7,inner_train,39
kernel_k9,7,inner_train,40
kernel_k9,7,inner_train,41
kernel_k9,7,inner_train,42
kernel_k9,7,inner_train,45
kernel_k9,7,inner_train,46
kernel_k9,7,inner_train,47
kernel_k9,7,inner_train,48
kernel_k9,7,inner_train,49
kernel_k9,7,inner_train,50
kernel_k9,7,inner_train,51
kernel_k9,7,inner_train,52
kernel_k9,7,inner_train,53
kernel_k9,7,inner_train,55
kernel_k9,7,inner_train,57
kernel_k9,7,inner_train,58
kernel_k9,7,inner_train,59
kernel_k9,7,inner_train,61
kernel_k9,7,inner_train,62
kernel_k9,7,inner_train,63
kernel_k9,7,inner_train,67
kernel_k9,7,inner_train,69
kernel_k9,7,inner_train,70
kernel_k9,7,inner_train,71
kernel_k9,7,inner_train,72
kernel_k9,7,inner_train,73
kernel_k9,7,inner_train,77
kernel_k9,7,inner_train,78
kernel_k9,7,inner_train,79
kernel_k9,7,inner_train,80
kernel_k9,7,inner_train,81
kernel_k9,7,inner_train,82
kernel_k9,7,inner_train,84
kernel_k9,7,inner_train,85
kernel_k9,7,inner_train,87
kernel_k9,7,inner_train,90
kernel_k9,7,inner_train,93
kernel_k9,7,inner_train,94
kernel_k9,7,inner_train,95
kernel_k9,7,inner_train,96
kernel_k9,7,inner_train,98
kernel_k9,7,inner_train,99
kernel_k9,7,inner_train,101
kernel_k9,7,inner_train,105
kernel_k9,7,inner_train,106
kernel_k9,7,inner_train,107
kernel_k9,7,inner_train,108
kernel_k9,7,inner_train,109
kernel_k9,7,inner_validation,1
kernel_k9,7,inner_validation,2
kernel_k9,7,inner_validation,25
kernel_k9,7,inner_validation,28
kernel_k9,7,inner_validation,31
kernel_k9,7,inner_validation,54
kernel_k9,7,inner_validation,56
kernel_k9,7,inner_validation,66
kernel_k9,7,inner_validation,74
kernel_k9,7,inner_validation,75
kernel_k9,7,inner_validation,76
kernel_k9,7,inner_validation,83
kernel_k9,7,inner_validation,86
kernel_k9,7,inner_validation,103
kernel_k9,7,outer_test,5
kernel_k9,7,outer_test,6
kernel_k9,7,outer_test,37
kernel_k9,7,outer_test,44
kernel_k9,7,outer_test,60
kernel_k9,7,outer_test,64
kernel_k9,7,outer_test,65
kernel_k9,7,outer_test,68
kernel_k9,7,outer_test,91
kernel_k9,7,outer_test,97
kernel_k9,7,outer_test,102
kernel_k9,8,inner_train,1
kernel_k9,8,inner_train,2
kernel_k9,8,inner_train,3
kernel_k9,8,inner_train,4
kernel_k9,8,inner_train,5
kernel_k9,8,inner_train,6
kernel_k9,8,inner_train,8
kernel_k9,8,inner_train,9
kernel_k9,8,inner_train,11
kernel_k9,8,inner_train,12
kernel_k9,8,inner_train,13
kernel_k9,8,inner_train,14
kernel_k9,8,inner_train,15
kernel_k9,8,inner_train,16
kernel_k9,8,inner_train,18
kernel_k9,8,inner_train,22
kernel_k9,8,inner_train,23
kernel_k9,8,inner_train,25
kernel_k9,8,inner_train,27
kernel_k9,8,inner_train,28
kernel_k9,8,inner_train,29
kernel_k9,8,inner_train,30
kernel_k9,8,inner_train,31
kernel_k9,8,inner_train,32
kernel_k9,8,inner_train,33
kernel_k9,8,inner_train,34
kernel_k9,8,inner_train,35
kernel_k9,8,inner_train,36
kernel_k9,8,inner_train,37
kernel_k9,8,inner_train,38
kernel_k9,8,inner_train,39
kernel_k9,8,inner_train,40
kernel_k9,8,inner_train,41
kernel_k9,8,inner_train,42
kernel_k9,8,inner_train,44
kernel_k9,8,inner_train,46
kernel_k9,8,inner_train,48
kernel_k9,8,inner_train,49
kernel_k9,8,inner_train,50
kernel_k9,8,inner_train,51
kernel_k9,8,inner_train,52
kernel_k9,8,inner_train,53
kernel_k9,8,inner_train,54
kernel_k9,8,inner_train,55
kernel_k9,8,inner_train,57
kernel_k9,8,inner_train,58
kernel_k9,8,inner_train,59
kernel_k9,8,inner_train,60
kernel_k9,8,inner_train,62
kernel_k9,8,inner_train,67
kernel_k9,8,inner_train,68
kernel_k9,8,inner_train,71
kernel_k9,8,inner_train,72
kernel_k9,8,inner_train,75
kernel_k9,8,inner_train,76
kernel_k9,8,inner_train,77
kernel_k9,8,inner_train,78
kernel_k9,8,inner_train,79
kernel_k9,8,inner_train,80
kernel_k9,8,inner_train,81
kernel_k9,8,inner_train,82
kernel_k9,8,inner_train,84
kernel_k9,8,inner_train,85
kernel_k9,8,inner_train,90
kernel_k9,8,inner_train,91
kernel_k9,8,inner_train,93
kernel_k9,8,inner_train,94
kernel_k9,8,inner_train,96
kernel_k9,8,inner_train,97
kernel_k9,8,inner_train,99
kernel_k9,8,inner_train,101
kernel_k9,8,inner_train,102
kernel_k9,8,inner_train,103
kernel_k9,8,inner_train,105
kernel_k9,8,inner_train,106
kernel_k9,8,inner_train,107
kernel_k9,8,inner_train,108
kernel_k9,8,inner_train,109
kernel_k9,8,inner_validation,10
kernel_k9,8,inner_validation,19
kernel_k9,8,inner_validation,20
kernel_k9,8,inner_validation,21
kernel_k9,8,inner_validation,24
kernel_k9,8,inner_validation,45
kernel_k9,8,inner_validation,47
kernel_k9,8,inner_validation,61
kernel_k9,8,inner_validation,64
kernel_k9,8,inner_validation,65
kernel_k9,8,inner_validation,66
kernel_k9,8,inner_validation,83
kernel_k9,8,inner_validation,86
kernel_k9,8,inner_validation,98
kernel_k9,8,outer_test,7
kernel_k9,8,outer_test,17
kernel_k9,8,outer_test,26
kernel_k9,8,outer_test,56
kernel_k9,8,outer_test,63
kernel_k9,8,outer_test,69
kernel_k9,8,outer_test,70
kernel_k9,8,outer_test,73
kernel_k9,8,outer_test,74
kernel_k9,8,outer_test,87
kernel_k9,8,outer_test,95
kernel_k9,9,inner_train,2
kernel_k9,9,inner_train,4
kernel_k9,9,inner_train,6
kernel_k9,9,inner_train,7
kernel_k9,9,inner_train,8
kernel_k9,9,inner_train,9
kernel_k9,9,inner_train,10
kernel_k9,9,inner_train,12
kernel_k9,9,inner_train,13
kernel_k9,9,inner_train,16
kernel_k9,9,inner_train,17
kernel_k9,9,inner_train,18
kernel_k9,9,inner_train,19
kernel_k9,9,inner_train,20
kernel_k9,9,inner_train,21
kernel_k9,9,inner_train,24
kernel_k9,9,inner_train,25
kernel_k9,9,inner_train,26
kernel_k9,9,inner_train,27
kernel_k9,9,inner_train,28
kernel_k9,9,inner_train,29
kernel_k9,9,inner_train,30
kernel_k9,9,inner_train,31
kernel_k9,9,inner_train,32
kernel_k9,9,inner_train,33
kernel_k9,9,inner_train,34
kernel_k9,9,inner_train,35
kernel_k9,9,inner_train,36
kernel_k9,9,inner_train,37
kernel_k9,9,inner_train,38
kernel_k9,9,inner_train,40
kernel_k9,9,inner_train,41
kernel_k9,9,inner_train,42
kernel_k9,9,inner_train,44
kernel_k9,9,inner_train,45
kernel_k9,9,inner_train,46
kernel_k9,9,inner_train,47
kernel_k9,9,inner_train,48
kernel_k9,9,inner_train,49
kernel_k9,9,inner_train,51
kernel_k9,9,inner_train,53
kernel_k9,9,inner_train,55
kernel_k9,9,inner_train,57
kernel_k9,9,inner_train,58
kernel_k9,9,inner_train,59
kernel_k9,9,inner_train,60
kernel_k9,9,inner_train,61
kernel_k9,9,inner_train,62
kernel_k9,9,inner_train,63
kernel_k9,9,inner_train,64
kernel_k9,9,inner_train,65
kernel_k9,9,inner_train,66
kernel_k9,9,inner_train,67
kernel_k9,9,inner_train,68
kernel_k9,9,inner_train,69
kernel_k9,9,inner_train,70
kernel_k9,9,inner_train,74
kernel_k9,9,inner_train,75
kernel_k9,9,inner_train,78
kernel_k9,9,inner_train,79
kernel_k9,9,inner_train,83
kernel_k9,9,inner_train,84
kernel_k9,9,inner_train,86
kernel_k9,9,inner_train,87
kernel_k9,9,inner_train,90
kernel_k9,9,inner_train,91
kernel_k9,9,inner_train,93
kernel_k9,9,inner_train,94
kernel_k9,9,inner_train,95
kernel_k9,9,inner_train,97
kernel_k9,9,inner_train,98
kernel_k9,9,inner_train,99
kernel_k9,9,inner_train,101
kernel_k9,9,inner_train,103
kernel_k9,9,inner_train,105
kernel_k9,9,inner_train,106
kernel_k9,9,inner_train,107
kernel_k9,9,inner_train,108
kernel_k9,9,inner_validation,1
kernel_k9,9,inner_validation,3
kernel_k9,9,inner_validation,5
kernel_k9,9,inner_validation,15
kernel_k9,9,inner_validation,23
kernel_k9,9,inner_validation,50
kernel_k9,9,inner_validation,54
kernel_k9,9,inner_validation,56
kernel_k9,9,inner_validation,71
kernel_k9,9,inner_validation,73
kernel_k9,9,inner_validation,80
kernel_k9,9,inner_validation,82
kernel_k9,9,inner_validation,96
kernel_k9,9,inner_validation,102
kernel_k9,9,outer_test,11
kernel_k9,9,outer_test,14
kernel_k9,9,outer_test,22
kernel_k9,9,outer_test,39
kernel_k9,9,outer_test,52
kernel_k9,9,outer_test,72
kernel_k9,9,outer_test,76
kernel_k9,9,outer_test,77
kernel_k9,9,outer_test,81
kernel_k9,9,outer_test,85
kernel_k9,9,outer_test,109
kernel_k9,10,inner_train,2
kernel_k9,10,inner_train,3
kernel_k9,10,inner_train,5
kernel_k9,10,inner_train,6
kernel_k9,10,inner_train,7
kernel_k9,10,inner_train,8
kernel_k9,10,inner_train,9
kernel_k9,10,inner_train,11
kernel_k9,10,inner_train,13
kernel_k9,10,inner_train,14
kernel_k9,10,inner_train,15
kernel_k9,10,inner_train,16
kernel_k9,10,inner_train,17
kernel_k9,10,inner_train,18
kernel_k9,10,inner_train,19
kernel_k9,10,inner_train,20
kernel_k9,10,inner_train,21
kernel_k9,10,inner_train,23
kernel_k9,10,inner_train,24
kernel_k9,10,inner_train,25
kernel_k9,10,inner_train,26
kernel_k9,10,inner_train,28
kernel_k9,10,inner_train,29
kernel_k9,10,inner_train,32
kernel_k9,10,inner_train,33
kernel_k9,10,inner_train,35
kernel_k9,10,inner_train,36
kernel_k9,10,inner_train,37
kernel_k9,10,inner_train,39
kernel_k9,10,inner_train,40
kernel_k9,10,inner_train,41
kernel_k9,10,inner_train,42
kernel_k9,10,inner_train,44
kernel_k9,10,inner_train,45
kernel_k9,10,inner_train,46
kernel_k9,10,inner_train,47
kernel_k9,10,inner_train,48
kernel_k9,10,inner_train,49
kernel_k9,10,inner_train,50
kernel_k9,10,inner_train,52
kernel_k9,10,inner_train,53
kernel_k9,10,inner_train,54
kernel_k9,10,inner_train,55
kernel_k9,10,inner_train,58
kernel_k9,10,inner_train,60
kernel_k9,10,inner_train,61
kernel_k9,10,inner_train,62
kernel_k9,10,inner_train,64
kernel_k9,10,inner_train,65
kernel_k9,10,inner_train,66
kernel_k9,10,inner_train,67
kernel_k9,10,inner_train,68
kernel_k9,10,inner_train,69
kernel_k9,10,inner_train,70
kernel_k9,10,inner_train,71
kernel_k9,10,inner_train,72
kernel_k9,10,inner_train,74
kernel_k9,10,inner_train,76
kernel_k9,10,inner_train,77
kernel_k9,10,inner_train,79
kernel_k9,10,inner_train,80
kernel_k9,10,inner_train,81
kernel_k9,10,inner_train,84
kernel_k9,10,inner_train,85
kernel_k9,10,inner_train,86
kernel_k9,10,inner_train,87
kernel_k9,10,inner_train,90
kernel_k9,10,inner_train,91
kernel_k9,10,inner_train,94
kernel_k9,10,inner_train,95
kernel_k9,10,inner_train,96
kernel_k9,10,inner_train,97
kernel_k9,10,inner_train,98
kernel_k9,10,inner_train,99
kernel_k9,10,inner_train,101
kernel_k9,10,inner_train,105
kernel_k9,10,inner_train,107
kernel_k9,10,inner_train,108
kernel_k9,10,inner_train,109
kernel_k9,10,inner_validation,4
kernel_k9,10,inner_validation,10
kernel_k9,10,inner_validation,22
kernel_k9,10,inner_validation,27
kernel_k9,10,inner_validation,31
kernel_k9,10,inner_validation,51
kernel_k9,10,inner_validation,56
kernel_k9,10,inner_validation,59
kernel_k9,10,inner_validation,63
kernel_k9,10,inner_validation,73
kernel_k9,10,inner_validation,75
kernel_k9,10,inner_validation,82
kernel_k9,10,inner_validation,83
kernel_k9,10,inner_validation,102
kernel_k9,10,outer_test,1
kernel_k9,10,outer_test,12
kernel_k9,10,outer_test,30
kernel_k9,10,outer_test,34
kernel_k9,10,outer_test,38
kernel_k9,10,outer_test,57
kernel_k9,10,outer_test,78
kernel_k9,10,outer_test,93
kernel_k9,10,outer_test,103
kernel_k9,10,outer_test,106
kernel_k9_11,1,inner_train,2
kernel_k9_11,1,inner_train,6
kernel_k9_11,1,inner_train,7
kernel_k9_11,1,inner_train,8
kernel_k9_11,1,inner_train,10
kernel_k9_11,1,inner_train,11
kernel_k9_11,1,inner_train,12
kernel_k9_11,1,inner_train,14
kernel_k9_11,1,inner_train,16
kernel_k9_11,1,inner_train,17
kernel_k9_11,1,inner_train,18
kernel_k9_11,1,inner_train,20
kernel_k9_11,1,inner_train,22
kernel_k9_11,1,inner_train,23
kernel_k9_11,1,inner_train,26
kernel_k9_11,1,inner_train,27
kernel_k9_11,1,inner_train,28
kernel_k9_11,1,inner_train,29
kernel_k9_11,1,inner_train,30
kernel_k9_11,1,inner_train,31
kernel_k9_11,1,inner_train,32
kernel_k9_11,1,inner_train,34
kernel_k9_11,1,inner_train,35
kernel_k9_11,1,inner_train,36
kernel_k9_11,1,inner_train,37
kernel_k9_11,1,inner_train,38
kernel_k9_11,1,inner_train,39
kernel_k9_11,1,inner_train,40
kernel_k9_11,1,inner_train,41
kernel_k9_11,1,inner_train,42
kernel_k9_11,1,inner_train,44
kernel_k9_11,1,inner_train,45
kernel_k9_11,1,inner_train,46
kernel_k9_11,1,inner_train,48
kernel_k9_11,1,inner_train,49
kernel_k9_11,1,inner_train,50
kernel_k9_11,1,inner_train,51
kernel_k9_11,1,inner_train,52
kernel_k9_11,1,inner_train,53
kernel_k9_11,1,inner_train,55
kernel_k9_11,1,inner_train,56
kernel_k9_11,1,inner_train,57
kernel_k9_11,1,inner_train,58
kernel_k9_11,1,inner_train,59
kernel_k9_11,1,inner_train,60
kernel_k9_11,1,inner_train,62
kernel_k9_11,1,inner_train,63
kernel_k9_11,1,inner_train,64
kernel_k9_11,1,inner_train,66
kernel_k9_11,1,inner_train,68
kernel_k9_11,1,inner_train,69
kernel_k9_11,1,inner_train,70
kernel_k9_11,1,inner_train,71
kernel_k9_11,1,inner_train,72
kernel_k9_11,1,inner_train,75
kernel_k9_11,1,inner_train,76
kernel_k9_11,1,inner_train,77
kernel_k9_11,1,inner_train,78
kernel_k9_11,1,inner_train,79
kernel_k9_11,1,inner_train,80
kernel_k9_11,1,inner_train,81
kernel_k9_11,1,inner_train,82
kernel_k9_11,1,inner_train,83
kernel_k9_11,1,inner_train,85
kernel_k9_11,1,inner_train,86
kernel_k9_11,1,inner_train,87
kernel_k9_11,1,inner_train,91
kernel_k9_11,1,inner_train,94
kernel_k9_11,1,inner_train,95
kernel_k9_11,1,inner_train,97
kernel_k9_11,1,inner_train,98
kernel_k9_11,1,inner_train,101
kernel_k9_11,1,inner_train,102
kernel_k9_11,1,inner_train,103
kernel_k9_11,1,inner_train,105
kernel_k9_11,1,inner_train,106
kernel_k9_11,1,inner_train,107
kernel_k9_11,1,inner_train,108
kernel_k9_11,1,inner_train,109
kernel_k9_11,1,inner_validation,1
kernel_k9_11,1,inner_validation,5
kernel_k9_11,1,inner_validation,13
kernel_k9_11,1,inner_validation,15
kernel_k9_11,1,inner_validation,19
kernel_k9_11,1,inner_validation,47
kernel_k9_11,1,inner_validation,54
kernel_k9_11,1,inner_validation,65
kernel_k9_11,1,inner_validation,73
kernel_k9_11,1,inner_validation,74
kernel_k9_11,1,inner_validation,84
kernel_k9_11,1,inner_validation,90
kernel_k9_11,1,inner_validation,93
kernel_k9_11,1,inner_validation,99
kernel_k9_11,1,outer_test,3
kernel_k9_11,1,outer_test,4
kernel_k9_11,1,outer_test,9
kernel_k9_11,1,outer_test,21
kernel_k9_11,1,outer_test,24
kernel_k9_11,1,outer_test,25
kernel_k9_11,1,outer_test,33
kernel_k9_11,1,outer_test,61
kernel_k9_11,1,outer_test,67
kernel_k9_11,1,outer_test,96
kernel_k9_11,2,inner_train,1
kernel_k9_11,2,inner_train,2
kernel_k9_11,2,inner_train,3
kernel_k9_11,2,inner_train,4
kernel_k9_11,2,inner_train,5
kernel_k9_11,2,inner_train,6
kernel_k9_11,2,inner_train,7
kernel_k9_11,2,inner_train,9
kernel_k9_11,2,inner_train,11
kernel_k9_11,2,inner_train,12
kernel_k9_11,2,inner_train,13
kernel_k9_11,2,inner_train,14
kernel_k9_11,2,inner_train,15
kernel_k9_11,2,inner_train,17
kernel_k9_11,2,inner_train,18
kernel_k9_11,2,inner_train,20
kernel_k9_11,2,inner_train,21
kernel_k9_11,2,inner_train,22
kernel_k9_11,2,inner_train,24
kernel_k9_11,2,inner_train,25
kernel_k9_11,2,inner_train,26
kernel_k9_11,2,inner_train,27
kernel_k9_11,2,inner_train,29
kernel_k9_11,2,inner_train,30
kernel_k9_11,2,inner_train,31
kernel_k9_11,2,inner_train,32
kernel_k9_11,2,inner_train,33
kernel_k9_11,2,inner_train,34
kernel_k9_11,2,inner_train,36
kernel_k9_11,2,inner_train,37
kernel_k9_11,2,inner_train,39
kernel_k9_11,2,inner_train,40
kernel_k9_11,2,inner_train,41
kernel_k9_11,2,inner_train,42
kernel_k9_11,2,inner_train,44
kernel_k9_11,2,inner_train,47
kernel_k9_11,2,inner_train,48
kernel_k9_11,2,inner_train,50
kernel_k9_11,2,inner_train,52
kernel_k9_11,2,inner_train,53
kernel_k9_11,2,inner_train,55
kernel_k9_11,2,inner_train,56
kernel_k9_11,2,inner_train,57
kernel_k9_11,2,inner_train,58
kernel_k9_11,2,inner_train,59
kernel_k9_11,2,inner_train,60
kernel_k9_11,2,inner_train,62
kernel_k9_11,2,inner_train,64
kernel_k9_11,2,inner_train,65
kernel_k9_11,2,inner_train,66
kernel_k9_11,2,inner_train,68
kernel_k9_11,2,inner_train,69
kernel_k9_11,2,inner_train,70
kernel_k9_11,2,inner_train,71
kernel_k9_11,2,inner_train,72
kernel_k9_11,2,inner_train,75
kernel_k9_11,2,inner_train,76
kernel_k9_11,2,inner_train,77
kernel_k9_11,2,inner_train,78
kernel_k9_11,2,inner_train,80
kernel_k9_11,2,inner_train,81
kernel_k9_11,2,inner_train,83
kernel_k9_11,2,inner_train,85
kernel_k9_11,2,inner_train,86
kernel_k9_11,2,inner_train,87
kernel_k9_11,2,inner_train,90
kernel_k9_11,2,inner_train,91
kernel_k9_11,2,inner_train,93
kernel_k9_11,2,inner_train,94
kernel_k9_11,2,inner_train,95
kernel_k9_11,2,inner_train,96
kernel_k9_11,2,inner_train,97
kernel_k9_11,2,inner_train,98
kernel_k9_11,2,inner_train,99
kernel_k9_11,2,inner_train,102
kernel_k9_11,2,inner_train,103
kernel_k9_11,2,inner_train,105
kernel_k9_11,2,inner_train,106
kernel_k9_11,2,inner_train,107
kernel_k9_11,2,inner_validation,8
kernel_k9_11,2,inner_validation,23
kernel_k9_11,2,inner_validation,28
kernel_k9_11,2,inner_validation,38
kernel_k9_11,2,inner_validation,45
kernel_k9_11,2,inner_validation,49
kernel_k9_11,2,inner_validation,61
kernel_k9_11,2,inner_validation,63
kernel_k9_11,2,inner_validation,67
kernel_k9_11,2,inner_validation,73
kernel_k9_11,2,inner_validation,74
kernel_k9_11,2,inner_validation,84
kernel_k9_11,2,inner_validation,101
kernel_k9_11,2,inner_validation,109
kernel_k9_11,2,outer_test,10
kernel_k9_11,2,outer_test,16
kernel_k9_11,2,outer_test,19
kernel_k9_11,2,outer_test,35
kernel_k9_11,2,outer_test,46
kernel_k9_11,2,outer_test,51
kernel_k9_11,2,outer_test,54
kernel_k9_11,2,outer_test,79
kernel_k9_11,2,outer_test,82
kernel_k9_11,2,outer_test,108
kernel_k9_11,3,inner_train,4
kernel_k9_11,3,inner_train,6
kernel_k9_11,3,inner_train,7
kernel_k9_11,3,inner_train,8
kernel_k9_11,3,inner_train,9
kernel_k9_11,3,inner_train,10
kernel_k9_11,3,inner_train,11
kernel_k9_11,3,inner_train,12
kernel_k9_11,3,inner_train,13
kernel_k9_11,3,inner_train,14
kernel_k9_11,3,inner_train,15
kernel_k9_11,3,inner_train,16
kernel_k9_11,3,inner_train,17
kernel_k9_11,3,inner_train,19
kernel_k9_11,3,inner_train,20
kernel_k9_11,3,inner_train,21
kernel_k9_11,3,inner_train,22
kernel_k9_11,3,inner_train,23
kernel_k9_11,3,inner_train,24
kernel_k9_11,3,inner_train,25
kernel_k9_11,3,inner_train,26
kernel_k9_11,3,inner_train,27
kernel_k9_11,3,inner_train,29
kernel_k9_11,3,inner_train,30
kernel_k9_11,3,inner_train,31
kernel_k9_11,3,inner_train,34
kernel_k9_11,3,inner_train,35
kernel_k9_11,3,inner_train,37
kernel_k9_11,3,inner_train,39
kernel_k9_11,3,inner_train,40
kernel_k9_11,3,inner_train,42
kernel_k9_11,3,inner_train,44
kernel_k9_11,3,inner_train,47
kernel_k9_11,3,inner_train,48
kernel_k9_11,3,inner_train,50
kernel_k9_11,3,inner_train,51
kernel_k9_11,3,inner_train,52
kernel_k9_11,3,inner_train,53
kernel_k9_11,3,inner_train,55
kernel_k9_11,3,inner_train,56
kernel_k9_11,3,inner_train,57
kernel_k9_11,3,inner_train,58
kernel_k9_11,3,inner_train,59
kernel_k9_11,3,inner_train,60
kernel_k9_11,3,inner_train,63
kernel_k9_11,3,inner_train,65
kernel_k9_11,3,inner_train,66
kernel_k9_11,3,inner_train,67
kernel_k9_11,3,inner_train,69
kernel_k9_11,3,inner_train,70
kernel_k9_11,3,inner_train,71
kernel_k9_11,3,inner_train,72
kernel_k9_11,3,inner_train,73
kernel_k9_11,3,inner_train,76
kernel_k9_11,3,inner_train,77
kernel_k9_11,3,inner_train,78
kernel_k9_11,3,inner_train,79
kernel_k9_11,3,inner_train,81
kernel_k9_11,3,inner_train,82
kernel_k9_11,3,inner_train,83
kernel_k9_11,3,inner_train,84
kernel_k9_11,3,inner_train,85
kernel_k9_11,3,inner_train,86
kernel_k9_11,3,inner_train,87
kernel_k9_11,3,inner_train,90
kernel_k9_11,3,inner_train,91
kernel_k9_11,3,inner_train,94
kernel_k9_11,3,inner_train,95
kernel_k9_11,3,inner_train,96
kernel_k9_11,3,inner_train,97
kernel_k9_11,3,inner_train,98
kernel_k9_11,3,inner_train,99
kernel_k9_11,3,inner_train,101
kernel_k9_11,3,inner_train,102
kernel_k9_11,3,inner_train,103
kernel_k9_11,3,inner_train,106
kernel_k9_11,3,inner_train,107
kernel_k9_11,3,inner_train,108
kernel_k9_11,3,inner_train,109
kernel_k9_11,3,inner_validation,1
kernel_k9_11,3,inner_validation,2
kernel_k9_11,3,inner_validation,3
kernel_k9_11,3,inner_validation,5
kernel_k9_11,3,inner_validation,33
kernel_k9_11,3,inner_validation,38
kernel_k9_11,3,inner_validation,46
kernel_k9_11,3,inner_validation,54
kernel_k9_11,3,inner_validation,61
kernel_k9_11,3,inner_validation,64
kernel_k9_11,3,inner_validation,68
kernel_k9_11,3,inner_validation,74
kernel_k9_11,3,inner_validation,80
kernel_k9_11,3,inner_validation,93
kernel_k9_11,3,outer_test,18
kernel_k9_11,3,outer_test,28
kernel_k9_11,3,outer_test,32
kernel_k9_11,3,outer_test,36
kernel_k9_11,3,outer_test,41
kernel_k9_11,3,outer_test,45
kernel_k9_11,3,outer_test,49
kernel_k9_11,3,outer_test,62
kernel_k9_11,3,outer_test,75
kernel_k9_11,3,outer_test,105
kernel_k9_11,4,inner_train,1
kernel_k9_11,4,inner_train,2
kernel_k9_11,4,inner_train,3
kernel_k9_11,4,inner_train,4
kernel_k9_11,4,inner_train,5
kernel_k9_11,4,inner_train,6
kernel_k9_11,4,inner_train,7
kernel_k9_11,4,inner_train,9
kernel_k9_11,4,inner_train,10
kernel_k9_11,4,inner_train,11
kernel_k9_11,4,inner_train,14
kernel_k9_11,4,inner_train,16
kernel_k9_11,4,inner_train,17
kernel_k9_11,4,inner_train,18
kernel_k9_11,4,inner_train,19
kernel_k9_11,4,inner_train,20
kernel_k9_11,4,inner_train,21
kernel_k9_11,4,inner_train,23
kernel_k9_11,4,inner_train,24
kernel_k9_11,4,inner_train,25
kernel_k9_11,4,inner_train,26
kernel_k9_11,4,inner_train,28
kernel_k9_11,4,inner_train,29
kernel_k9_11,4,inner_train,30
kernel_k9_11,4,inner_train,32
kernel_k9_11,4,inner_train,34
kernel_k9_11,4,inner_train,35
kernel_k9_11,4,inner_train,36
kernel_k9_11,4,inner_train,38
kernel_k9_11,4,inner_train,39
kernel_k9_11,4,inner_train,41
kernel_k9_11,4,inner_train,45
kernel_k9_11,4,inner_train,46
kernel_k9_11,4,inner_train,47
kernel_k9_11,4,inner_train,49
kernel_k9_11,4,inner_train,50
kernel_k9_11,4,inner_train,51
kernel_k9_11,4,inner_train,52
kernel_k9_11,4,inner_train,54
kernel_k9_11,4,inner_train,57
kernel_k9_11,4,inner_train,58
kernel_k9_11,4,inner_train,59
kernel_k9_11,4,inner_train,60
kernel_k9_11,4,inner_train,61
kernel_k9_11,4,inner_train,62
kernel_k9_11,4,inner_train,63
kernel_k9_11,4,inner_train,64
kernel_k9_11,4,inner_train,65
kernel_k9_11,4,inner_train,67
kernel_k9_11,4,inner_train,68
kernel_k9_11,4,inner_train,69
kernel_k9_11,4,inner_train,70
kernel_k9_11,4,inner_train,71
kernel_k9_11,4,inner_train,72
kernel_k9_11,4,inner_train,73
kernel_k9_11,4,inner_train,75
kernel_k9_11,4,inner_train,76
kernel_k9_11,4,inner_train,79
kernel_k9_11,4,inner_train,80
kernel_k9_11,4,inner_train,81
kernel_k9_11,4,inner_train,82
kernel_k9_11,4,inner_train,83
kernel_k9_11,4,inner_train,84
kernel_k9_11,4,inner_train,85
kernel_k9_11,4,inner_train,87
kernel_k9_11,4,inner_train,90
kernel_k9_11,4,inner_train,91
kernel_k9_11,4,inner_train,93
kernel_k9_11,4,inner_train,94
kernel_k9_11,4,inner_train,95
kernel_k9_11,4,inner_train,96
kernel_k9_11,4,inner_train,97
kernel_k9_11,4,inner_train,99
kernel_k9_11,4,inner_train,101
kernel_k9_11,4,inner_train,102
kernel_k9_11,4,inner_train,105
kernel_k9_11,4,inner_train,106
kernel_k9_11,4,inner_train,108
kernel_k9_11,4,inner_train,109
kernel_k9_11,4,inner_validation,12
kernel_k9_11,4,inner_validation,13
kernel_k9_11,4,inner_validation,15
kernel_k9_11,4,inner_validation,22
kernel_k9_11,4,inner_validation,33
kernel_k9_11,4,inner_validation,37
kernel_k9_11,4,inner_validation,44
kernel_k9_11,4,inner_validation,53
kernel_k9_11,4,inner_validation,56
kernel_k9_11,4,inner_validation,74
kernel_k9_11,4,inner_validation,77
kernel_k9_11,4,inner_validation,78
kernel_k9_11,4,inner_validation,98
kernel_k9_11,4,inner_validation,103
kernel_k9_11,4,outer_test,8
kernel_k9_11,4,outer_test,27
kernel_k9_11,4,outer_test,31
kernel_k9_11,4,outer_test,40
kernel_k9_11,4,outer_test,42
kernel_k9_11,4,outer_test,48
kernel_k9_11,4,outer_test,55
kernel_k9_11,4,outer_test,66
kernel_k9_11,4,outer_test,86
kernel_k9_11,4,outer_test,107
kernel_k9_11,5,inner_train,2
kernel_k9_11,5,inner_train,3
kernel_k9_11,5,inner_train,4
kernel_k9_11,5,inner_train,5
kernel_k9_11,5,inner_train,6
kernel_k9_11,5,inner_train,7
kernel_k9_11,5,inner_train,8
kernel_k9_11,5,inner_train,9
kernel_k9_11,5,inner_train,10
kernel_k9_11,5,inner_train,11
kernel_k9_11,5,inner_train,12
kernel_k9_11,5,inner_train,13
kernel_k9_11,5,inner_train,14
kernel_k9_11,5,inner_train,17
kernel_k9_11,5,inner_train,18
kernel_k9_11,5,inner_train,20
kernel_k9_11,5,inner_train,21
kernel_k9_11,5,inner_train,22
kernel_k9_11,5,inner_train,24
kernel_k9_11,5,inner_train,25
kernel_k9_11,5,inner_train,26
kernel_k9_11,5,inner_train,27
kernel_k9_11,5,inner_train,29
kernel_k9_11,5,inner_train,30
kernel_k9_11,5,inner_train,31
kernel_k9_11,5,inner_train,33
kernel_k9_11,5,inner_train,34
kernel_k9_11,5,inner_train,35
kernel_k9_11,5,inner_train,36
kernel_k9_11,5,inner_train,37
kernel_k9_11,5,inner_train,38
kernel_k9_11,5,inner_train,39
kernel_k9_11,5,inner_train,42
kernel_k9_11,5,inner_train,44
kernel_k9_11,5,inner_train,45
kernel_k9_11,5,inner_train,46
kernel_k9_11,5,inner_train,47
kernel_k9_11,5,inner_train,48
kernel_k9_11,5,inner_train,49
kernel_k9_11,5,inner_train,52
kernel_k9_11,5,inner_train,54
kernel_k9_11,5,inner_train,55
kernel_k9_11,5,inner_train,56
kernel_k9_11,5,inner_train,57
kernel_k9_11,5,inner_train,60
kernel_k9_11,5,inner_train,61
kernel_k9_11,5,inner_train,63
kernel_k9_11,5,inner_train,64
kernel_k9_11,5,inner_train,65
kernel_k9_11,5,inner_train,66
kernel_k9_11,5,inner_train,67
kernel_k9_11,5,inner_train,68
kernel_k9_11,5,inner_train,69
kernel_k9_11,5,inner_train,70
kernel_k9_11,5,inner_train,71
kernel_k9_11,5,inner_train,72
kernel_k9_11,5,inner_train,73
kernel_k9_11,5,inner_train,74
kernel_k9_11,5,inner_train,75
kernel_k9_11,5,inner_train,76
kernel_k9_11,5,inner_train,77
kernel_k9_11,5,inner_train,78
kernel_k9_11,5,inner_train,79
kernel_k9_11,5,inner_train,81
kernel_k9_11,5,inner_train,82
kernel_k9_11,5,inner_train,83
kernel_k9_11,5,inner_train,84
kernel_k9_11,5,inner_train,85
kernel_k9_11,5,inner_train,86
kernel_k9_11,5,inner_train,91
kernel_k9_11,5,inner_train,93
kernel_k9_11,5,inner_train,98
kernel_k9_11,5,inner_train,101
kernel_k9_11,5,inner_train,102
kernel_k9_11,5,inner_train,105
kernel_k9_11,5,inner_train,106
kernel_k9_11,5,inner_train,107
kernel_k9_11,5,inner_train,108
kernel_k9_11,5,inner_train,109
kernel_k9_11,5,inner_validation,1
kernel_k9_11,5,inner_validation,16
kernel_k9_11,5,inner_validation,19
kernel_k9_11,5,inner_validation,28
kernel_k9_11,5,inner_validation,32
kernel_k9_11,5,inner_validation,40
kernel_k9_11,5,inner_validation,41
kernel_k9_11,5,inner_validation,51
kernel_k9_11,5,inner_validation,62
kernel_k9_11,5,inner_validation,87
kernel_k9_11,5,inner_validation,95
kernel_k9_11,5,inner_validation,96
kernel_k9_11,5,inner_validation,97
kernel_k9_11,5,inner_validation,103
kernel_k9_11,5,outer_test,15
kernel_k9_11,5,outer_test,23
kernel_k9_11,5,outer_test,50
kernel_k9_11,5,outer_test,53
kernel_k9_11,5,outer_test,58
kernel_k9_11,5,outer_test,59
kernel_k9_11,5,outer_test,80
kernel_k9_11,5,outer_test,90
kernel_k9_11,5,outer_test,94
kernel_k9_11,5,outer_test,99
kernel_k9_11,6,inner_train,1
kernel_k9_11,6,inner_train,3
kernel_k9_11,6,inner_train,4
kernel_k9_11,6,inner_train,5
kernel_k9_11,6,inner_train,6
kernel_k9_11,6,inner_train,8
kernel_k9_11,6,inner_train,9
kernel_k9_11,6,inner_train,12
kernel_k9_11,6,inner_train,15
kernel_k9_11,6,inner_train,16
kernel_k9_11,6,inner_train,17
kernel_k9_11,6,inner_train,18
kernel_k9_11,6,inner_train,19
kernel_k9_11,6,inner_train,22
kernel_k9_11,6,inner_train,23
kernel_k9_11,6,inner_train,24
kernel_k9_11,6,inner_train,25
kernel_k9_11,6,inner_train,26
kernel_k9_11,6,inner_train,27
kernel_k9_11,6,inner_train,30
kernel_k9_11,6,inner_train,31
kernel_k9_11,6,inner_train,32
kernel_k9_11,6,inner_train,33
kernel_k9_11,6,inner_train,34
kernel_k9_11,6,inner_train,35
kernel_k9_11,6,inner_train,36
kernel_k9_11,6,inner_train,37
kernel_k9_11,6,inner_train,38
kernel_k9_11,6,inner_train,39
kernel_k9_11,6,inner_train,40
kernel_k9_11,6,inner_train,41
kernel_k9_11,6,inner_train,42
kernel_k9_11,6,inner_train,44
kernel_k9_11,6,inner_train,45
kernel_k9_11,6,inner_train,46
kernel_k9_11,6,inner_train,49
kernel_k9_11,6,inner_train,51
kernel_k9_11,6,inner_train,52
kernel_k9_11,6,inner_train,53
kernel_k9_11,6,inner_train,54
kernel_k9_11,6,inner_train,55
kernel_k9_11,6,inner_train,56
kernel_k9_11,6,inner_train,57
kernel_k9_11,6,inner_train,58
kernel_k9_11,6,inner_train,59
kernel_k9_11,6,inner_train,60
kernel_k9_11,6,inner_train,61
kernel_k9_11,6,inner_train,62
kernel_k9_11,6,inner_train,64
kernel_k9_11,6,inner_train,65
kernel_k9_11,6,inner_train,66
kernel_k9_11,6,inner_train,67
kernel_k9_11,6,inner_train,68
kernel_k9_11,6,inner_train,69
kernel_k9_11,6,inner_train,70
kernel_k9_11,6,inner_train,72
kernel_k9_11,6,inner_train,73
kernel_k9_11,6,inner_train,74
kernel_k9_11,6,inner_train,75
kernel_k9_11,6,inner_train,76
kernel_k9_11,6,inner_train,77
kernel_k9_11,6,inner_train,78
kernel_k9_11,6,inner_train,79
kernel_k9_11,6,inner_train,80
kernel_k9_11,6,inner_train,81
kernel_k9_11,6,inner_train,82
kernel_k9_11,6,inner_train,85
kernel_k9_11,6,inner_train,87
kernel_k9_11,6,inner_train,90
kernel_k9_11,6,inner_train,93
kernel_k9_11,6,inner_train,94
kernel_k9_11,6,inner_train,96
kernel_k9_11,6,inner_train,97
kernel_k9_11,6,inner_train,102
kernel_k9_11,6,inner_train,105
kernel_k9_11,6,inner_train,106
kernel_k9_11,6,inner_train,107
kernel_k9_11,6,inner_train,108
kernel_k9_11,6,inner_train,109
kernel_k9_11,6,inner_validation,7
kernel_k9_11,6,inner_validation,10
kernel_k9_11,6,inner_validation,11
kernel_k9_11,6,inner_validation,14
kernel_k9_11,6,inner_validation,21
kernel_k9_11,6,inner_validation,28
kernel_k9_11,6,inner_validation,48
kernel_k9_11,6,inner_validation,50
kernel_k9_11,6,inner_validation,63
kernel_k9_11,6,inner_validation,86
kernel_k9_11,6,inner_validation,91
kernel_k9_11,6,inner_validation,95
kernel_k9_11,6,inner_validation,99
kernel_k9_11,6,inner_validation,103
kernel_k9_11,6,outer_test,2
kernel_k9_11,6,outer_test,13
kernel_k9_11,6,outer_test,20
kernel_k9_11,6,outer_test,29
kernel_k9_11,6,outer_test,47
kernel_k9_11,6,outer_test,71
kernel_k9_11,6,outer_test,83
kernel_k9_11,6,outer_test,84
kernel_k9_11,6,outer_test,98
kernel_k9_11,6,outer_test,101
kernel_k9_11,7,inner_train,3
kernel_k9_11,7,inner_train,4
kernel_k9_11,7,inner_train,7
kernel_k9_11,7,inner_train,8
kernel_k9_11,7,inner_train,9
kernel_k9_11,7,inner_train,10
kernel_k9_11,7,inner_train,11
kernel_k9_11,7,inner_train,12
kernel_k9_11,7,inner_train,13
kernel_k9_11,7,inner_train,14
kernel_k9_11,7,inner_train,15
kernel_k9_11,7,inner_train,16
kernel_k9_11,7,inner_train,17
kernel_k9_11,7,inner_train,18
kernel_k9_11,7,inner_train,19
kernel_k9_11,7,inner_train,20
kernel_k9_11,7,inner_train,21
kernel_k9_11,7,inner_train,22
kernel_k9_11,7,inner_train,23
kernel_k9_11,7,inner_train,24
kernel_k9_11,7,inner_train,26
kernel_k9_11,7,inner_train,27
kernel_k9_11,7,inner_train,29
kernel_k9_11,7,inner_train,30
kernel_k9_11,7,inner_train,32
kernel_k9_11,7,inner_train,33
kernel_k9_11,7,inner_train,34
kernel_k9_11,7,inner_train,35
kernel_k9_11,7,inner_train,36
kernel_k9_11,7,inner_train,38
kernel_k9_11,7,inner_train,39
kernel_k9_11,7,inner_train,40
kernel_k9_11,7,inner_train,41
kernel_k9_11,7,inner_train,42
kernel_k9_11,7,inner_train,45
kernel_k9_11,7,inner_train,46
kernel_k9_11,7,inner_train,47
kernel_k9_11,7,inner_train,48
kernel_k9_11,7,inner_train,49
kernel_k9_11,7,inner_train,50
kernel_k9_11,7,inner_train,51
kernel_k9_11,7,inner_train,52
kernel_k9_11,7,inner_train,53
kernel_k9_11,7,inner_train,55
kernel_k9_11,7,inner_train,57
kernel_k9_11,7,inner_train,58
kernel_k9_11,7,inner_train,59
kernel_k9_11,7,inner_train,61
kernel_k9_11,7,inner_train,62
kernel_k9_11,7,inner_train,63
kernel_k9_11,7,inner_train,67
kernel_k9_11,7,inner_train,69
kernel_k9_11,7,inner_train,70
kernel_k9_11,7,inner_train,71
kernel_k9_11,7,inner_train,72
kernel_k9_11,7,inner_train,73
kernel_k9_11,7,inner_train,77
kernel_k9_11,7,inner_train,78
kernel_k9_11,7,inner_train,79
kernel_k9_11,7,inner_train,80
kernel_k9_11,7,inner_train,81
kernel_k9_11,7,inner_train,82
kernel_k9_11,7,inner_train,84
kernel_k9_11,7,inner_train,85
kernel_k9_11,7,inner_train,87
kernel_k9_11,7,inner_train,90
kernel_k9_11,7,inner_train,93
kernel_k9_11,7,inner_train,94
kernel_k9_11,7,inner_train,95
kernel_k9_11,7,inner_train,96
kernel_k9_11,7,inner_train,98
kernel_k9_11,7,inner_train,99
kernel_k9_11,7,inner_train,101
kernel_k9_11,7,inner_train,105
kernel_k9_11,7,inner_train,106
kernel_k9_11,7,inner_train,107
kernel_k9_11,7,inner_train,108
kernel_k9_11,7,inner_train,109
kernel_k9_11,7,inner_validation,1
kernel_k9_11,7,inner_validation,2
kernel_k9_11,7,inner_validation,25
kernel_k9_11,7,inner_validation,28
kernel_k9_11,7,inner_validation,31
kernel_k9_11,7,inner_validation,54
kernel_k9_11,7,inner_validation,56
kernel_k9_11,7,inner_validation,66
kernel_k9_11,7,inner_validation,74
kernel_k9_11,7,inner_validation,75
kernel_k9_11,7,inner_validation,76
kernel_k9_11,7,inner_validation,83
kernel_k9_11,7,inner_validation,86
kernel_k9_11,7,inner_validation,103
kernel_k9_11,7,outer_test,5
kernel_k9_11,7,outer_test,6
kernel_k9_11,7,outer_test,37
kernel_k9_11,7,outer_test,44
kernel_k9_11,7,outer_test,60
kernel_k9_11,7,outer_test,64
kernel_k9_11,7,outer_test,65
kernel_k9_11,7,outer_test,68
kernel_k9_11,7,outer_test,91
kernel_k9_11,7,outer_test,97
kernel_k9_11,7,outer_test,102
kernel_k9_11,8,inner_train,1
kernel_k9_11,8,inner_train,2
kernel_k9_11,8,inner_train,3
kernel_k9_11,8,inner_train,4
kernel_k9_11,8,inner_train,5
kernel_k9_11,8,inner_train,6
kernel_k9_11,8,inner_train,8
kernel_k9_11,8,inner_train,9
kernel_k9_11,8,inner_train,11
kernel_k9_11,8,inner_train,12
kernel_k9_11,8,inner_train,13
kernel_k9_11,8,inner_train,14
kernel_k9_11,8,inner_train,15
kernel_k9_11,8,inner_train,16
kernel_k9_11,8,inner_train,18
kernel_k9_11,8,inner_train,22
kernel_k9_11,8,inner_train,23
kernel_k9_11,8,inner_train,25
kernel_k9_11,8,inner_train,27
kernel_k9_11,8,inner_train,28
kernel_k9_11,8,inner_train,29
kernel_k9_11,8,inner_train,30
kernel_k9_11,8,inner_train,31
kernel_k9_11,8,inner_train,32
kernel_k9_11,8,inner_train,33
kernel_k9_11,8,inner_train,34
kernel_k9_11,8,inner_train,35
kernel_k9_11,8,inner_train,36
kernel_k9_11,8,inner_train,37
kernel_k9_11,8,inner_train,38
kernel_k9_11,8,inner_train,39
kernel_k9_11,8,inner_train,40
kernel_k9_11,8,inner_train,41
kernel_k9_11,8,inner_train,42
kernel_k9_11,8,inner_train,44
kernel_k9_11,8,inner_train,46
kernel_k9_11,8,inner_train,48
kernel_k9_11,8,inner_train,49
kernel_k9_11,8,inner_train,50
kernel_k9_11,8,inner_train,51
kernel_k9_11,8,inner_train,52
kernel_k9_11,8,inner_train,53
kernel_k9_11,8,inner_train,54
kernel_k9_11,8,inner_train,55
kernel_k9_11,8,inner_train,57
kernel_k9_11,8,inner_train,58
kernel_k9_11,8,inner_train,59
kernel_k9_11,8,inner_train,60
kernel_k9_11,8,inner_train,62
kernel_k9_11,8,inner_train,67
kernel_k9_11,8,inner_train,68
kernel_k9_11,8,inner_train,71
kernel_k9_11,8,inner_train,72
kernel_k9_11,8,inner_train,75
kernel_k9_11,8,inner_train,76
kernel_k9_11,8,inner_train,77
kernel_k9_11,8,inner_train,78
kernel_k9_11,8,inner_train,79
kernel_k9_11,8,inner_train,80
kernel_k9_11,8,inner_train,81
kernel_k9_11,8,inner_train,82
kernel_k9_11,8,inner_train,84
kernel_k9_11,8,inner_train,85
kernel_k9_11,8,inner_train,90
kernel_k9_11,8,inner_train,91
kernel_k9_11,8,inner_train,93
kernel_k9_11,8,inner_train,94
kernel_k9_11,8,inner_train,96
kernel_k9_11,8,inner_train,97
kernel_k9_11,8,inner_train,99
kernel_k9_11,8,inner_train,101
kernel_k9_11,8,inner_train,102
kernel_k9_11,8,inner_train,103
kernel_k9_11,8,inner_train,105
kernel_k9_11,8,inner_train,106
kernel_k9_11,8,inner_train,107
kernel_k9_11,8,inner_train,108
kernel_k9_11,8,inner_train,109
kernel_k9_11,8,inner_validation,10
kernel_k9_11,8,inner_validation,19
kernel_k9_11,8,inner_validation,20
kernel_k9_11,8,inner_validation,21
kernel_k9_11,8,inner_validation,24
kernel_k9_11,8,inner_validation,45
kernel_k9_11,8,inner_validation,47
kernel_k9_11,8,inner_validation,61
kernel_k9_11,8,inner_validation,64
kernel_k9_11,8,inner_validation,65
kernel_k9_11,8,inner_validation,66
kernel_k9_11,8,inner_validation,83
kernel_k9_11,8,inner_validation,86
kernel_k9_11,8,inner_validation,98
kernel_k9_11,8,outer_test,7
kernel_k9_11,8,outer_test,17
kernel_k9_11,8,outer_test,26
kernel_k9_11,8,outer_test,56
kernel_k9_11,8,outer_test,63
kernel_k9_11,8,outer_test,69
kernel_k9_11,8,outer_test,70
kernel_k9_11,8,outer_test,73
kernel_k9_11,8,outer_test,74
kernel_k9_11,8,outer_test,87
kernel_k9_11,8,outer_test,95
kernel_k9_11,9,inner_train,2
kernel_k9_11,9,inner_train,4
kernel_k9_11,9,inner_train,6
kernel_k9_11,9,inner_train,7
kernel_k9_11,9,inner_train,8
kernel_k9_11,9,inner_train,9
kernel_k9_11,9,inner_train,10
kernel_k9_11,9,inner_train,12
kernel_k9_11,9,inner_train,13
kernel_k9_11,9,inner_train,16
kernel_k9_11,9,inner_train,17
kernel_k9_11,9,inner_train,18
kernel_k9_11,9,inner_train,19
kernel_k9_11,9,inner_train,20
kernel_k9_11,9,inner_train,21
kernel_k9_11,9,inner_train,24
kernel_k9_11,9,inner_train,25
kernel_k9_11,9,inner_train,26
kernel_k9_11,9,inner_train,27
kernel_k9_11,9,inner_train,28
kernel_k9_11,9,inner_train,29
kernel_k9_11,9,inner_train,30
kernel_k9_11,9,inner_train,31
kernel_k9_11,9,inner_train,32
kernel_k9_11,9,inner_train,33
kernel_k9_11,9,inner_train,34
kernel_k9_11,9,inner_train,35
kernel_k9_11,9,inner_train,36
kernel_k9_11,9,inner_train,37
kernel_k9_11,9,inner_train,38
kernel_k9_11,9,inner_train,40
kernel_k9_11,9,inner_train,41
kernel_k9_11,9,inner_train,42
kernel_k9_11,9,inner_train,44
kernel_k9_11,9,inner_train,45
kernel_k9_11,9,inner_train,46
kernel_k9_11,9,inner_train,47
kernel_k9_11,9,inner_train,48
kernel_k9_11,9,inner_train,49
kernel_k9_11,9,inner_train,51
kernel_k9_11,9,inner_train,53
kernel_k9_11,9,inner_train,55
kernel_k9_11,9,inner_train,57
kernel_k9_11,9,inner_train,58
kernel_k9_11,9,inner_train,59
kernel_k9_11,9,inner_train,60
kernel_k9_11,9,inner_train,61
kernel_k9_11,9,inner_train,62
kernel_k9_11,9,inner_train,63
kernel_k9_11,9,inner_train,64
kernel_k9_11,9,inner_train,65
kernel_k9_11,9,inner_train,66
kernel_k9_11,9,inner_train,67
kernel_k9_11,9,inner_train,68
kernel_k9_11,9,inner_train,69
kernel_k9_11,9,inner_train,70
kernel_k9_11,9,inner_train,74
kernel_k9_11,9,inner_train,75
kernel_k9_11,9,inner_train,78
kernel_k9_11,9,inner_train,79
kernel_k9_11,9,inner_train,83
kernel_k9_11,9,inner_train,84
kernel_k9_11,9,inner_train,86
kernel_k9_11,9,inner_train,87
kernel_k9_11,9,inner_train,90
kernel_k9_11,9,inner_train,91
kernel_k9_11,9,inner_train,93
kernel_k9_11,9,inner_train,94
kernel_k9_11,9,inner_train,95
kernel_k9_11,9,inner_train,97
kernel_k9_11,9,inner_train,98
kernel_k9_11,9,inner_train,99
kernel_k9_11,9,inner_train,101
kernel_k9_11,9,inner_train,103
kernel_k9_11,9,inner_train,105
kernel_k9_11,9,inner_train,106
kernel_k9_11,9,inner_train,107
kernel_k9_11,9,inner_train,108
kernel_k9_11,9,inner_validation,1
kernel_k9_11,9,inner_validation,3
kernel_k9_11,9,inner_validation,5
kernel_k9_11,9,inner_validation,15
kernel_k9_11,9,inner_validation,23
kernel_k9_11,9,inner_validation,50
kernel_k9_11,9,inner_validation,54
kernel_k9_11,9,inner_validation,56
kernel_k9_11,9,inner_validation,71
kernel_k9_11,9,inner_validation,73
kernel_k9_11,9,inner_validation,80
kernel_k9_11,9,inner_validation,82
kernel_k9_11,9,inner_validation,96
kernel_k9_11,9,inner_validation,102
kernel_k9_11,9,outer_test,11
kernel_k9_11,9,outer_test,14
kernel_k9_11,9,outer_test,22
kernel_k9_11,9,outer_test,39
kernel_k9_11,9,outer_test,52
kernel_k9_11,9,outer_test,72
kernel_k9_11,9,outer_test,76
kernel_k9_11,9,outer_test,77
kernel_k9_11,9,outer_test,81
kernel_k9_11,9,outer_test,85
kernel_k9_11,9,outer_test,109
kernel_k9_11,10,inner_train,2
kernel_k9_11,10,inner_train,3
kernel_k9_11,10,inner_train,5
kernel_k9_11,10,inner_train,6
kernel_k9_11,10,inner_train,7
kernel_k9_11,10,inner_train,8
kernel_k9_11,10,inner_train,9
kernel_k9_11,10,inner_train,11
kernel_k9_11,10,inner_train,13
kernel_k9_11,10,inner_train,14
kernel_k9_11,10,inner_train,15
kernel_k9_11,10,inner_train,16
kernel_k9_11,10,inner_train,17
kernel_k9_11,10,inner_train,18
kernel_k9_11,10,inner_train,19
kernel_k9_11,10,inner_train,20
kernel_k9_11,10,inner_train,21
kernel_k9_11,10,inner_train,23
kernel_k9_11,10,inner_train,24
kernel_k9_11,10,inner_train,25
kernel_k9_11,10,inner_train,26
kernel_k9_11,10,inner_train,28
kernel_k9_11,10,inner_train,29
kernel_k9_11,10,inner_train,32
kernel_k9_11,10,inner_train,33
kernel_k9_11,10,inner_train,35
kernel_k9_11,10,inner_train,36
kernel_k9_11,10,inner_train,37
kernel_k9_11,10,inner_train,39
kernel_k9_11,10,inner_train,40
kernel_k9_11,10,inner_train,41
kernel_k9_11,10,inner_train,42
kernel_k9_11,10,inner_train,44
kernel_k9_11,10,inner_train,45
kernel_k9_11,10,inner_train,46
kernel_k9_11,10,inner_train,47
kernel_k9_11,10,inner_train,48
kernel_k9_11,10,inner_train,49
kernel_k9_11,10,inner_train,50
kernel_k9_11,10,inner_train,52
kernel_k9_11,10,inner_train,53
kernel_k9_11,10,inner_train,54
kernel_k9_11,10,inner_train,55
kernel_k9_11,10,inner_train,58
kernel_k9_11,10,inner_train,60
kernel_k9_11,10,inner_train,61
kernel_k9_11,10,inner_train,62
kernel_k9_11,10,inner_train,64
kernel_k9_11,10,inner_train,65
kernel_k9_11,10,inner_train,66
kernel_k9_11,10,inner_train,67
kernel_k9_11,10,inner_train,68
kernel_k9_11,10,inner_train,69
kernel_k9_11,10,inner_train,70
kernel_k9_11,10,inner_train,71
kernel_k9_11,10,inner_train,72
kernel_k9_11,10,inner_train,74
kernel_k9_11,10,inner_train,76
kernel_k9_11,10,inner_train,77
kernel_k9_11,10,inner_train,79
kernel_k9_11,10,inner_train,80
kernel_k9_11,10,inner_train,81
kernel_k9_11,10,inner_train,84
kernel_k9_11,10,inner_train,85
kernel_k9_11,10,inner_train,86
kernel_k9_11,10,inner_train,87
kernel_k9_11,10,inner_train,90
kernel_k9_11,10,inner_train,91
kernel_k9_11,10,inner_train,94
kernel_k9_11,10,inner_train,95
kernel_k9_11,10,inner_train,96
kernel_k9_11,10,inner_train,97
kernel_k9_11,10,inner_train,98
kernel_k9_11,10,inner_train,99
kernel_k9_11,10,inner_train,101
kernel_k9_11,10,inner_train,105
kernel_k9_11,10,inner_train,107
kernel_k9_11,10,inner_train,108
kernel_k9_11,10,inner_train,109
kernel_k9_11,10,inner_validation,4
kernel_k9_11,10,inner_validation,10
kernel_k9_11,10,inner_validation,22
kernel_k9_11,10,inner_validation,27
kernel_k9_11,10,inner_validation,31
kernel_k9_11,10,inner_validation,51
kernel_k9_11,10,inner_validation,56
kernel_k9_11,10,inner_validation,59
kernel_k9_11,10,inner_validation,63
kernel_k9_11,10,inner_validation,73
kernel_k9_11,10,inner_validation,75
kernel_k9_11,10,inner_validation,82
kernel_k9_11,10,inner_validation,83
kernel_k9_11,10,inner_validation,102
kernel_k9_11,10,outer_test,1
kernel_k9_11,10,outer_test,12
kernel_k9_11,10,outer_test,30
kernel_k9_11,10,outer_test,34
kernel_k9_11,10,outer_test,38
kernel_k9_11,10,outer_test,57
kernel_k9_11,10,outer_test,78
kernel_k9_11,10,outer_test,93
kernel_k9_11,10,outer_test,103
kernel_k9_11,10,outer_test,106
window_0_2,1,inner_train,2
window_0_2,1,inner_train,5
window_0_2,1,inner_train,6
window_0_2,1,inner_train,7
window_0_2,1,inner_train,8
window_0_2,1,inner_train,10
window_0_2,1,inner_train,11
window_0_2,1,inner_train,13
window_0_2,1,inner_train,15
window_0_2,1,inner_train,16
window_0_2,1,inner_train,17
window_0_2,1,inner_train,19
window_0_2,1,inner_train,20
window_0_2,1,inner_train,21
window_0_2,1,inner_train,22
window_0_2,1,inner_train,24
window_0_2,1,inner_train,25
window_0_2,1,inner_train,26
window_0_2,1,inner_train,27
window_0_2,1,inner_train,28
window_0_2,1,inner_train,29
window_0_2,1,inner_train,31
window_0_2,1,inner_train,32
window_0_2,1,inner_train,33
window_0_2,1,inner_train,34
window_0_2,1,inner_train,35
window_0_2,1,inner_train,37
window_0_2,1,inner_train,38
window_0_2,1,inner_train,39
window_0_2,1,inner_train,40
window_0_2,1,inner_train,41
window_0_2,1,inner_train,42
window_0_2,1,inner_train,44
window_0_2,1,inner_train,47
window_0_2,1,inner_train,48
window_0_2,1,inner_train,49
window_0_2,1,inner_train,50
window_0_2,1,inner_train,51
window_0_2,1,inner_train,52
window_0_2,1,inner_train,55
window_0_2,1,inner_train,56
window_0_2,1,inner_train,57
window_0_2,1,inner_train,58
window_0_2,1,inner_train,59
window_0_2,1,inner_train,60
window_0_2,1,inner_train,61
window_0_2,1,inner_train,62
window_0_2,1,inner_train,63
window_0_2,1,inner_train,65
window_0_2,1,inner_train,66
window_0_2,1,inner_train,67
window_0_2,1,inner_train,68
window_0_2,1,inner_train,69
window_0_2,1,inner_train,70
window_0_2,1,inner_train,73
window_0_2,1,inner_train,74
window_0_2,1,inner_train,75
window_0_2,1,inner_train,76
window_0_2,1,inner_train,77
window_0_2,1,inner_train,78
window_0_2,1,inner_train,79
window_0_2,1,inner_train,80
window_0_2,1,inner_train,81
window_0_2,1,inner_train,83
window_0_2,1,inner_train,84
window_0_2,1,inner_train,86
window_0_2,1,inner_train,90
window_0_2,1,inner_train,94
window_0_2,1,inner_train,95
window_0_2,1,inner_train,97
window_0_2,1,inner_train,98
window_0_2,1,inner_train,101
window_0_2,1,inner_train,102
window_0_2,1,inner_train,103
window_0_2,1,inner_train,105
window_0_2,1,inner_train,106
window_0_2,1,inner_train,107
window_0_2,1,inner_train,108
window_0_2,1,inner_train,109
window_0_2,1,inner_validation,1
window_0_2,1,inner_validation,4
window_0_2,1,inner_validation,12
window_0_2,1,inner_validation,14
window_0_2,1,inner_validation,18
window_0_2,1,inner_validation,45
window_0_2,1,inner_validation,54
window_0_2,1,inner_validation,64
window_0_2,1,inner_validation,71
window_0_2,1,inner_validation,72
window_0_2,1,inner_validation,82
window_0_2,1,inner_validation,87
window_0_2,1,inner_validation,93
window_0_2,1,inner_validation,99
window_0_2,1,outer_test,3
window_0_2,1,outer_test,9
window_0_2,1,outer_test,23
window_0_2,1,outer_test,30
window_0_2,1,outer_test,36
window_0_2,1,outer_test,46
window_0_2,1,outer_test,53
window_0_2,1,outer_test,85
window_0_2,1,outer_test,91
window_0_2,1,outer_test,96
window_0_2,2,inner_train,1
window_0_2,2,inner_train,2
window_0_2,2,inner_train,3
window_0_2,2,inner_train,4
window_0_2,2,inner_train,5
window_0_2,2,inner_train,6
window_0_2,2,inner_train,7
window_0_2,2,inner_train,9
window_0_2,2,inner_train,11
window_0_2,2,inner_train,12
window_0_2,2,inner_train,13
window_0_2,2,inner_train,14
window_0_2,2,inner_train,15
window_0_2,2,inner_train,16
window_0_2,2,inner_train,17
window_0_2,2,inner_train,18
window_0_2,2,inner_train,19
window_0_2,2,inner_train,20
window_0_2,2,inner_train,22
window_0_2,2,inner_train,23
window_0_2,2,inner_train,24
window_0_2,2,inner_train,26
window_0_2,2,inner_train,29
window_0_2,2,inner_train,30
window_0_2,2,inner_train,31
window_0_2,2,inner_train,32
window_0_2,2,inner_train,33
window_0_2,2,inner_train,35
window_0_2,2,inner_train,36
window_0_2,2,inner_train,37
window_0_2,2,inner_train,39
window_0_2,2,inner_train,40
window_0_2,2,inner_train,41
window_0_2,2,inner_train,42
window_0_2,2,inner_train,44
window_0_2,2,inner_train,46
window_0_2,2,inner_train,47
window_0_2,2,inner_train,49
window_0_2,2,inner_train,50
window_0_2,2,inner_train,52
window_0_2,2,inner_train,53
window_0_2,2,inner_train,54
window_0_2,2,inner_train,57
window_0_2,2,inner_train,58
window_0_2,2,inner_train,59
window_0_2,2,inner_train,60
window_0_2,2,inner_train,62
window_0_2,2,inner_train,64
window_0_2,2,inner_train,65
window_0_2,2,inner_train,66
window_0_2,2,inner_train,68
window_0_2,2,inner_train,69
window_0_2,2,inner_train,70
window_0_2,2,inner_train,71
window_0_2,2,inner_train,72
window_0_2,2,inner_train,75
window_0_2,2,inner_train,76
window_0_2,2,inner_train,77
window_0_2,2,inner_train,78
window_0_2,2,inner_train,80
window_0_2,2,inner_train,81
window_0_2,2,inner_train,82
window_0_2,2,inner_train,84
window_0_2,2,inner_train,85
window_0_2,2,inner_train,86
window_0_2,2,inner_train,90
window_0_2,2,inner_train,91
window_0_2,2,inner_train,93
window_0_2,2,inner_train,94
window_0_2,2,inner_train,95
window_0_2,2,inner_train,96
window_0_2,2,inner_train,97
window_0_2,2,inner_train,98
window_0_2,2,inner_train,99
window_0_2,2,inner_train,102
window_0_2,2,inner_train,103
window_0_2,2,inner_train,105
window_0_2,2,inner_train,106
window_0_2,2,inner_train,107
window_0_2,2,inner_validation,8
window_0_2,2,inner_validation,21
window_0_2,2,inner_validation,28
window_0_2,2,inner_validation,38
window_0_2,2,inner_validation,45
window_0_2,2,inner_validation,48
window_0_2,2,inner_validation,61
window_0_2,2,inner_validation,63
window_0_2,2,inner_validation,67
window_0_2,2,inner_validation,73
window_0_2,2,inner_validation,74
window_0_2,2,inner_validation,83
window_0_2,2,inner_validation,101
window_0_2,2,inner_validation,109
window_0_2,2,outer_test,10
window_0_2,2,outer_test,25
window_0_2,2,outer_test,27
window_0_2,2,outer_test,34
window_0_2,2,outer_test,51
window_0_2,2,outer_test,55
window_0_2,2,outer_test,56
window_0_2,2,outer_test,79
window_0_2,2,outer_test,87
window_0_2,2,outer_test,108
window_0_2,3,inner_train,4
window_0_2,3,inner_train,6
window_0_2,3,inner_train,7
window_0_2,3,inner_train,8
window_0_2,3,inner_train,9
window_0_2,3,inner_train,10
window_0_2,3,inner_train,11
window_0_2,3,inner_train,12
window_0_2,3,inner_train,13
window_0_2,3,inner_train,14
window_0_2,3,inner_train,15
window_0_2,3,inner_train,16
window_0_2,3,inner_train,19
window_0_2,3,inner_train,20
window_0_2,3,inner_train,21
window_0_2,3,inner_train,22
window_0_2,3,inner_train,23
window_0_2,3,inner_train,24
window_0_2,3,inner_train,25
window_0_2,3,inner_train,26
window_0_2,3,inner_train,27
window_0_2,3,inner_train,29
window_0_2,3,inner_train,30
window_0_2,3,inner_train,31
window_0_2,3,inner_train,33
window_0_2,3,inner_train,35
window_0_2,3,inner_train,36
window_0_2,3,inner_train,37
window_0_2,3,inner_train,41
window_0_2,3,inner_train,42
window_0_2,3,inner_train,44
window_0_2,3,inner_train,45
window_0_2,3,inner_train,47
window_0_2,3,inner_train,48
window_0_2,3,inner_train,50
window_0_2,3,inner_train,51
window_0_2,3,inner_train,52
window_0_2,3,inner_train,53
window_0_2,3,inner_train,55
window_0_2,3,inner_train,56
window_0_2,3,inner_train,57
window_0_2,3,inner_train,58
window_0_2,3,inner_train,59
window_0_2,3,inner_train,60
window_0_2,3,inner_train,62
window_0_2,3,inner_train,64
window_0_2,3,inner_train,65
window_0_2,3,inner_train,66
window_0_2,3,inner_train,68
window_0_2,3,inner_train,69
window_0_2,3,inner_train,70
window_0_2,3,inner_train,71
window_0_2,3,inner_train,72
window_0_2,3,inner_train,76
window_0_2,3,inner_train,77
window_0_2,3,inner_train,78
window_0_2,3,inner_train,79
window_0_2,3,inner_train,81
window_0_2,3,inner_train,82
window_0_2,3,inner_train,83
window_0_2,3,inner_train,84
window_0_2,3,inner_train,85
window_0_2,3,inner_train,86
window_0_2,3,inner_train,87
window_0_2,3,inner_train,90
window_0_2,3,inner_train,91
window_0_2,3,inner_train,94
window_0_2,3,inner_train,95
window_0_2,3,inner_train,96
window_0_2,3,inner_train,98
window_0_2,3,inner_train,99
window_0_2,3,inner_train,101
window_0_2,3,inner_train,102
window_0_2,3,inner_train,103
window_0_2,3,inner_train,105
window_0_2,3,inner_train,106
window_0_2,3,inner_train,107
window_0_2,3,inner_train,108
window_0_2,3,inner_train,109
window_0_2,3,inner_validation,1
window_0_2,3,inner_validation,2
window_0_2,3,inner_validation,3
window_0_2,3,inner_validation,5
window_0_2,3,inner_validation,34
window_0_2,3,inner_validation,38
window_0_2,3,inner_validation,46
window_0_2,3,inner_validation,54
window_0_2,3,inner_validation,61
window_0_2,3,inner_validation,63
window_0_2,3,inner_validation,67
window_0_2,3,inner_validation,73
window_0_2,3,inner_validation,80
window_0_2,3,inner_validation,93
window_0_2,3,outer_test,17
window_0_2,3,outer_test,18
window_0_2,3,outer_test,28
window_0_2,3,outer_test,32
window_0_2,3,outer_test,39
window_0_2,3,outer_test,40
window_0_2,3,outer_test,49
window_0_2,3,outer_test,74
window_0_2,3,outer_test,75
window_0_2,3,outer_test,97
window_0_2,4,inner_train,1
window_0_2,4,inner_train,2
window_0_2,4,inner_train,3
window_0_2,4,inner_train,4
window_0_2,4,inner_train,5
window_0_2,4,inner_train,6
window_0_2,4,inner_train,7
window_0_2,4,inner_train,8
window_0_2,4,inner_train,9
window_0_2,4,inner_train,10
window_0_2,4,inner_train,13
window_0_2,4,inner_train,16
window_0_2,4,inner_train,17
window_0_2,4,inner_train,18
window_0_2,4,inner_train,20
window_0_2,4,inner_train,21
window_0_2,4,inner_train,22
window_0_2,4,inner_train,25
window_0_2,4,inner_train,26
window_0_2,4,inner_train,27
window_0_2,4,inner_train,28
window_0_2,4,inner_train,29
window_0_2,4,inner_train,30
window_0_2,4,inner_train,32
window_0_2,4,inner_train,34
window_0_2,4,inner_train,36
window_0_2,4,inner_train,37
window_0_2,4,inner_train,38
window_0_2,4,inner_train,40
window_0_2,4,inner_train,41
window_0_2,4,inner_train,42
window_0_2,4,inner_train,45
window_0_2,4,inner_train,46
window_0_2,4,inner_train,47
window_0_2,4,inner_train,49
window_0_2,4,inner_train,50
window_0_2,4,inner_train,51
window_0_2,4,inner_train,52
window_0_2,4,inner_train,54
window_0_2,4,inner_train,56
window_0_2,4,inner_train,57
window_0_2,4,inner_train,58
window_0_2,4,inner_train,59
window_0_2,4,inner_train,60
window_0_2,4,inner_train,61
window_0_2,4,inner_train,62
window_0_2,4,inner_train,63
window_0_2,4,inner_train,64
window_0_2,4,inner_train,65
window_0_2,4,inner_train,66
window_0_2,4,inner_train,67
window_0_2,4,inner_train,68
window_0_2,4,inner_train,70
window_0_2,4,inner_train,71
window_0_2,4,inner_train,72
window_0_2,4,inner_train,74
window_0_2,4,inner_train,75
window_0_2,4,inner_train,78
window_0_2,4,inner_train,79
window_0_2,4,inner_train,80
window_0_2,4,inner_train,81
window_0_2,4,inner_train,82
window_0_2,4,inner_train,83
window_0_2,4,inner_train,84
window_0_2,4,inner_train,85
window_0_2,4,inner_train,87
window_0_2,4,inner_train,90
window_0_2,4,inner_train,91
window_0_2,4,inner_train,94
window_0_2,4,inner_train,95
window_0_2,4,inner_train,96
window_0_2,4,inner_train,98
window_0_2,4,inner_train,99
window_0_2,4,inner_train,101
window_0_2,4,inner_train,103
window_0_2,4,inner_train,106
window_0_2,4,inner_train,108
window_0_2,4,inner_train,109
window_0_2,4,inner_validation,11
window_0_2,4,inner_validation,12
window_0_2,4,inner_validation,15
window_0_2,4,inner_validation,23
window_0_2,4,inner_validation,35
window_0_2,4,inner_validation,39
window_0_2,4,inner_validation,44
window_0_2,4,inner_validation,53
window_0_2,4,inner_validation,55
window_0_2,4,inner_validation,73
window_0_2,4,inner_validation,76
window_0_2,4,inner_validation,77
window_0_2,4,inner_validation,97
window_0_2,4,inner_validation,102
window_0_2,4,outer_test,14
window_0_2,4,outer_test,19
window_0_2,4,outer_test,24
window_0_2,4,outer_test,31
window_0_2,4,outer_test,33
window_0_2,4,outer_test,48
window_0_2,4,outer_test,69
window_0_2,4,outer_test,86
window_0_2,4,outer_test,93
window_0_2,4,outer_test,105
window_0_2,4,outer_test,107
window_0_2,5,inner_train,2
window_0_2,5,inner_train,3
window_0_2,5,inner_train,4
window_0_2,5,inner_train,5
window_0_2,5,inner_train,6
window_0_2,5,inner_train,7
window_0_2,5,inner_train,8
window_0_2,5,inner_train,9
window_0_2,5,inner_train,10
window_0_2,5,inner_train,11
window_0_2,5,inner_train,12
window_0_2,5,inner_train,13
window_0_2,5,inner_train,14
window_0_2,5,inner_train,18
window_0_2,5,inner_train,19
window_0_2,5,inner_train,21
window_0_2,5,inner_train,22
window_0_2,5,inner_train,23
window_0_2,5,inner_train,24
window_0_2,5,inner_train,25
window_0_2,5,inner_train,26
window_0_2,5,inner_train,27
window_0_2,5,inner_train,28
window_0_2,5,inner_train,29
window_0_2,5,inner_train,30
window_0_2,5,inner_train,31
window_0_2,5,inner_train,32
window_0_2,5,inner_train,34
window_0_2,5,inner_train,36
window_0_2,5,inner_train,37
window_0_2,5,inner_train,38
window_0_2,5,inner_train,39
window_0_2,5,inner_train,40
window_0_2,5,inner_train,44
window_0_2,5,inner_train,46
window_0_2,5,inner_train,47
window_0_2,5,inner_train,48
window_0_2,5,inner_train,50
window_0_2,5,inner_train,52
window_0_2,5,inner_train,53
window_0_2,5,inner_train,54
window_0_2,5,inner_train,55
window_0_2,5,inner_train,56
window_0_2,5,inner_train,57
window_0_2,5,inner_train,58
window_0_2,5,inner_train,59
window_0_2,5,inner_train,60
window_0_2,5,inner_train,62
window_0_2,5,inner_train,65
window_0_2,5,inner_train,66
window_0_2,5,inner_train,67
window_0_2,5,inner_train,68
window_0_2,5,inner_train,69
window_0_2,5,inner_train,71
window_0_2,5,inner_train,73
window_0_2,5,inner_train,74
window_0_2,5,inner_train,75
window_0_2,5,inner_train,76
window_0_2,5,inner_train,78
window_0_2,5,inner_train,81
window_0_2,5,inner_train,82
window_0_2,5,inner_train,83
window_0_2,5,inner_train,84
window_0_2,5,inner_train,85
window_0_2,5,inner_train,86
window_0_2,5,inner_train,91
window_0_2,5,inner_train,93
window_0_2,5,inner_train,95
window_0_2,5,inner_train,97
window_0_2,5,inner_train,98
window_0_2,5,inner_train,101
window_0_2,5,inner_train,102
window_0_2,5,inner_train,103
window_0_2,5,inner_train,105
window_0_2,5,inner_train,106
window_0_2,5,inner_train,107
window_0_2,5,inner_train,108
window_0_2,5,inner_train,109
window_0_2,5,inner_validation,1
window_0_2,5,inner_validation,17
window_0_2,5,inner_validation,20
window_0_2,5,inner_validation,33
window_0_2,5,inner_validation,35
window_0_2,5,inner_validation,42
window_0_2,5,inner_validation,45
window_0_2,5,inner_validation,49
window_0_2,5,inner_validation,51
window_0_2,5,inner_validation,72
window_0_2,5,inner_validation,77
window_0_2,5,inner_validation,79
window_0_2,5,inner_validation,87
window_0_2,5,inner_validation,96
window_0_2,5,outer_test,15
window_0_2,5,outer_test,16
window_0_2,5,outer_test,41
window_0_2,5,outer_test,61
window_0_2,5,outer_test,63
window_0_2,5,outer_test,64
window_0_2,5,outer_test,70
window_0_2,5,outer_test,80
window_0_2,5,outer_test,90
window_0_2,5,outer_test,94
window_0_2,5,outer_test,99
window_0_2,6,inner_train,1
window_0_2,6,inner_train,3
window_0_2,6,inner_train,4
window_0_2,6,inner_train,5
window_0_2,6,inner_train,6
window_0_2,6,inner_train,8
window_0_2,6,inner_train,9
window_0_2,6,inner_train,12
window_0_2,6,inner_train,15
window_0_2,6,inner_train,16
window_0_2,6,inner_train,17
window_0_2,6,inner_train,18
window_0_2,6,inner_train,19
window_0_2,6,inner_train,21
window_0_2,6,inner_train,22
window_0_2,6,inner_train,23
window_0_2,6,inner_train,24
window_0_2,6,inner_train,25
window_0_2,6,inner_train,26
window_0_2,6,inner_train,28
window_0_2,6,inner_train,30
window_0_2,6,inner_train,31
window_0_2,6,inner_train,32
window_0_2,6,inner_train,33
window_0_2,6,inner_train,34
window_0_2,6,inner_train,35
window_0_2,6,inner_train,36
window_0_2,6,inner_train,39
window_0_2,6,inner_train,40
window_0_2,6,inner_train,41
window_0_2,6,inner_train,42
window_0_2,6,inner_train,44
window_0_2,6,inner_train,45
window_0_2,6,inner_train,46
window_0_2,6,inner_train,47
window_0_2,6,inner_train,49
window_0_2,6,inner_train,52
window_0_2,6,inner_train,53
window_0_2,6,inner_train,54
window_0_2,6,inner_train,55
window_0_2,6,inner_train,56
window_0_2,6,inner_train,57
window_0_2,6,inner_train,58
window_0_2,6,inner_train,59
window_0_2,6,inner_train,60
window_0_2,6,inner_train,61
window_0_2,6,inner_train,62
window_0_2,6,inner_train,64
window_0_2,6,inner_train,66
window_0_2,6,inner_train,67
window_0_2,6,inner_train,68
window_0_2,6,inner_train,69
window_0_2,6,inner_train,72
window_0_2,6,inner_train,73
window_0_2,6,inner_train,74
window_0_2,6,inner_train,75
window_0_2,6,inner_train,76
window_0_2,6,inner_train,78
window_0_2,6,inner_train,79
window_0_2,6,inner_train,80
window_0_2,6,inner_train,81
window_0_2,6,inner_train,85
window_0_2,6,inner_train,86
window_0_2,6,inner_train,87
window_0_2,6,inner_train,90
window_0_2,6,inner_train,91
window_0_2,6,inner_train,93
window_0_2,6,inner_train,94
window_0_2,6,inner_train,95
window_0_2,6,inner_train,96
window_0_2,6,inner_train,97
window_0_2,6,inner_train,99
window_0_2,6,inner_train,101
window_0_2,6,inner_train,102
window_0_2,6,inner_train,103
window_0_2,6,inner_train,105
window_0_2,6,inner_train,108
window_0_2,6,inner_train,109
window_0_2,6,inner_validation,7
window_0_2,6,inner_validation,10
window_0_2,6,inner_validation,11
window_0_2,6,inner_validation,14
window_0_2,6,inner_validation,20
window_0_2,6,inner_validation,27
window_0_2,6,inner_validation,48
window_0_2,6,inner_validation,51
window_0_2,6,inner_validation,63
window_0_2,6,inner_validation,65
window_0_2,6,inner_validation,70
window_0_2,6,inner_validation,71
window_0_2,6,inner_validation,77
window_0_2,6,inner_validation,107
window_0_2,6,outer_test,2
window_0_2,6,outer_test,13
window_0_2,6,outer_test,29
window_0_2,6,outer_test,37
window_0_2,6,outer_test,38
window_0_2,6,outer_test,50
window_0_2,6,outer_test,82
window_0_2,6,outer_test,83
window_0_2,6,outer_test,84
window_0_2,6,outer_test,98
window_0_2,6,outer_test,106
window_0_2,7,inner_train,3
window_0_2,7,inner_train,5
window_0_2,7,inner_train,7
window_0_2,7,inner_train,8
window_0_2,7,inner_train,9
window_0_2,7,inner_train,10
window_0_2,7,inner_train,11
window_0_2,7,inner_train,12
window_0_2,7,inner_train,13
window_0_2,7,inner_train,14
window_0_2,7,inner_train,15
window_0_2,7,inner_train,16
window_0_2,7,inner_train,17
window_0_2,7,inner_train,18
window_0_2,7,inner_train,19
window_0_2,7,inner_train,20
window_0_2,7,inner_train,21
window_0_2,7,inner_train,22
window_0_2,7,inner_train,23
window_0_2,7,inner_train,24
window_0_2,7,inner_train,26
window_0_2,7,inner_train,27
window_0_2,7,inner_train,28
window_0_2,7,inner_train,29
window_0_2,7,inner_train,30
window_0_2,7,inner_train,31
window_0_2,7,inner_train,33
window_0_2,7,inner_train,34
window_0_2,7,inner_train,35
window_0_2,7,inner_train,36
window_0_2,7,inner_train,37
window_0_2,7,inner_train,38
window_0_2,7,inner_train,39
window_0_2,7,inner_train,40
window_0_2,7,inner_train,41
window_0_2,7,inner_train,42
window_0_2,7,inner_train,44
window_0_2,7,inner_train,46
window_0_2,7,inner_train,48
window_0_2,7,inner_train,49
window_0_2,7,inner_train,50
window_0_2,7,inner_train,51
window_0_2,7,inner_train,53
window_0_2,7,inner_train,55
window_0_2,7,inner_train,56
window_0_2,7,inner_train,58
window_0_2,7,inner_train,59
window_0_2,7,inner_train,61
window_0_2,7,inner_train,62
window_0_2,7,inner_train,63
window_0_2,7,inner_train,64
window_0_2,7,inner_train,66
window_0_2,7,inner_train,67
window_0_2,7,inner_train,69
window_0_2,7,inner_train,70
window_0_2,7,inner_train,71
window_0_2,7,inner_train,73
window_0_2,7,inner_train,74
window_0_2,7,inner_train,75
window_0_2,7,inner_train,77
window_0_2,7,inner_train,78
window_0_2,7,inner_train,79
window_0_2,7,inner_train,80
window_0_2,7,inner_train,81
window_0_2,7,inner_train,82
window_0_2,7,inner_train,84
window_0_2,7,inner_train,86
window_0_2,7,inner_train,90
window_0_2,7,inner_train,91
window_0_2,7,inner_train,93
window_0_2,7,inner_train,94
window_0_2,7,inner_train,95
window_0_2,7,inner_train,96
window_0_2,7,inner_train,97
window_0_2,7,inner_train,99
window_0_2,7,inner_train,105
window_0_2,7,inner_train,106
window_0_2,7,inner_train,107
window_0_2,7,inner_train,108
window_0_2,7,inner_validation,1
window_0_2,7,inner_validation,2
window_0_2,7,inner_validation,25
window_0_2,7,inner_validation,32
window_0_2,7,inner_validation,52
window_0_2,7,inner_validation,54
window_0_2,7,inner_validation,57
window_0_2,7,inner_validation,76
window_0_2,7,inner_validation,83
window_0_2,7,inner_validation,85
window_0_2,7,inner_validation,87
window_0_2,7,inner_validation,98
window_0_2,7,inner_validation,103
window_0_2,7,inner_validation,109
window_0_2,7,outer_test,4
window_0_2,7,outer_test,6
window_0_2,7,outer_test,45
window_0_2,7,outer_test,47
window_0_2,7,outer_test,60
window_0_2,7,outer_test,65
window_0_2,7,outer_test,68
window_0_2,7,outer_test,72
window_0_2,7,outer_test,101
window_0_2,7,outer_test,102
window_0_2,8,inner_train,1
window_0_2,8,inner_train,2
window_0_2,8,inner_train,3
window_0_2,8,inner_train,4
window_0_2,8,inner_train,5
window_0_2,8,inner_train,6
window_0_2,8,inner_train,8
window_0_2,8,inner_train,9
window_0_2,8,inner_train,10
window_0_2,8,inner_train,11
window_0_2,8,inner_train,12
window_0_2,8,inner_train,13
window_0_2,8,inner_train,14
window_0_2,8,inner_train,15
window_0_2,8,inner_train,16
window_0_2,8,inner_train,21
window_0_2,8,inner_train,22
window_0_2,8,inner_train,23
window_0_2,8,inner_train,24
window_0_2,8,inner_train,25
window_0_2,8,inner_train,27
window_0_2,8,inner_train,28
window_0_2,8,inner_train,29
window_0_2,8,inner_train,30
window_0_2,8,inner_train,31
window_0_2,8,inner_train,32
window_0_2,8,inner_train,33
window_0_2,8,inner_train,34
window_0_2,8,inner_train,35
window_0_2,8,inner_train,36
window_0_2,8,inner_train,37
window_0_2,8,inner_train,38
window_0_2,8,inner_train,39
window_0_2,8,inner_train,41
window_0_2,8,inner_train,44
window_0_2,8,inner_train,45
window_0_2,8,inner_train,46
window_0_2,8,inner_train,47
window_0_2,8,inner_train,48
window_0_2,8,inner_train,49
window_0_2,8,inner_train,51
window_0_2,8,inner_train,53
window_0_2,8,inner_train,55
window_0_2,8,inner_train,56
window_0_2,8,inner_train,59
window_0_2,8,inner_train,60
window_0_2,8,inner_train,62
window_0_2,8,inner_train,63
window_0_2,8,inner_train,64
window_0_2,8,inner_train,65
window_0_2,8,inner_train,67
window_0_2,8,inner_train,68
window_0_2,8,inner_train,69
window_0_2,8,inner_train,70
window_0_2,8,inner_train,74
window_0_2,8,inner_train,75
window_0_2,8,inner_train,77
window_0_2,8,inner_train,79
window_0_2,8,inner_train,80
window_0_2,8,inner_train,81
window_0_2,8,inner_train,82
window_0_2,8,inner_train,84
window_0_2,8,inner_train,85
window_0_2,8,inner_train,86
window_0_2,8,inner_train,90
window_0_2,8,inner_train,91
window_0_2,8,inner_train,93
window_0_2,8,inner_train,94
window_0_2,8,inner_train,96
window_0_2,8,inner_train,97
window_0_2,8,inner_train,98
window_0_2,8,inner_train,99
window_0_2,8,inner_train,101
window_0_2,8,inner_train,103
window_0_2,8,inner_train,105
window_0_2,8,inner_train,106
window_0_2,8,inner_train,107
window_0_2,8,inner_train,108
window_0_2,8,inner_train,109
window_0_2,8,inner_validation,17
window_0_2,8,inner_validation,18
window_0_2,8,inner_validation,19
window_0_2,8,inner_validation,20
window_0_2,8,inner_validation,40
window_0_2,8,inner_validation,50
window_0_2,8,inner_validation,52
window_0_2,8,inner_validation,61
window_0_2,8,inner_validation,71
window_0_2,8,inner_validation,72
window_0_2,8,inner_validation,78
window_0_2,8,inner_validation,83
window_0_2,8,inner_validation,87
window_0_2,8,inner_validation,102
window_0_2,8,outer_test,7
window_0_2,8,outer_test,26
window_0_2,8,outer_test,42
window_0_2,8,outer_test,54
window_0_2,8,outer_test,57
window_0_2,8,outer_test,58
window_0_2,8,outer_test,66
window_0_2,8,outer_test,73
window_0_2,8,outer_test,76
window_0_2,8,outer_test,95
window_0_2,9,inner_train,2
window_0_2,9,inner_train,4
window_0_2,9,inner_train,7
window_0_2,9,inner_train,8
window_0_2,9,inner_train,9
window_0_2,9,inner_train,10
window_0_2,9,inner_train,12
window_0_2,9,inner_train,13
window_0_2,9,inner_train,15
window_0_2,9,inner_train,16
window_0_2,9,inner_train,17
window_0_2,9,inner_train,18
window_0_2,9,inner_train,19
window_0_2,9,inner_train,20
window_0_2,9,inner_train,21
window_0_2,9,inner_train,24
window_0_2,9,inner_train,25
window_0_2,9,inner_train,26
window_0_2,9,inner_train,27
window_0_2,9,inner_train,28
window_0_2,9,inner_train,29
window_0_2,9,inner_train,30
window_0_2,9,inner_train,31
window_0_2,9,inner_train,32
window_0_2,9,inner_train,33
window_0_2,9,inner_train,34
window_0_2,9,inner_train,36
window_0_2,9,inner_train,37
window_0_2,9,inner_train,38
window_0_2,9,inner_train,39
window_0_2,9,inner_train,40
window_0_2,9,inner_train,41
window_0_2,9,inner_train,42
window_0_2,9,inner_train,44
window_0_2,9,inner_train,45
window_0_2,9,inner_train,46
window_0_2,9,inner_train,47
window_0_2,9,inner_train,48
window_0_2,9,inner_train,50
window_0_2,9,inner_train,51
window_0_2,9,inner_train,54
window_0_2,9,inner_train,55
window_0_2,9,inner_train,59
window_0_2,9,inner_train,60
window_0_2,9,inner_train,61
window_0_2,9,inner_train,63
window_0_2,9,inner_train,64
window_0_2,9,inner_train,65
window_0_2,9,inner_train,66
window_0_2,9,inner_train,67
window_0_2,9,inner_train,68
window_0_2,9,inner_train,69
window_0_2,9,inner_train,70
window_0_2,9,inner_train,72
window_0_2,9,inner_train,73
window_0_2,9,inner_train,74
window_0_2,9,inner_train,78
window_0_2,9,inner_train,79
window_0_2,9,inner_train,80
window_0_2,9,inner_train,82
window_0_2,9,inner_train,83
window_0_2,9,inner_train,84
window_0_2,9,inner_train,85
window_0_2,9,inner_train,87
window_0_2,9,inner_train,90
window_0_2,9,inner_train,91
window_0_2,9,inner_train,93
window_0_2,9,inner_train,94
window_0_2,9,inner_train,95
window_0_2,9,inner_train,96
window_0_2,9,inner_train,97
window_0_2,9,inner_train,99
window_0_2,9,inner_train,101
window_0_2,9,inner_train,102
window_0_2,9,inner_train,103
window_0_2,9,inner_train,105
window_0_2,9,inner_train,106
window_0_2,9,inner_train,107
window_0_2,9,inner_train,108
window_0_2,9,inner_validation,1
window_0_2,9,inner_validation,3
window_0_2,9,inner_validation,6
window_0_2,9,inner_validation,14
window_0_2,9,inner_validation,23
window_0_2,9,inner_validation,49
window_0_2,9,inner_validation,53
window_0_2,9,inner_validation,56
window_0_2,9,inner_validation,57
window_0_2,9,inner_validation,58
window_0_2,9,inner_validation,75
window_0_2,9,inner_validation,76
window_0_2,9,inner_validation,86
window_0_2,9,inner_validation,98
window_0_2,9,outer_test,5
window_0_2,9,outer_test,11
window_0_2,9,outer_test,22
window_0_2,9,outer_test,35
window_0_2,9,outer_test,52
window_0_2,9,outer_test,62
window_0_2,9,outer_test,71
window_0_2,9,outer_test,77
window_0_2,9,outer_test,81
window_0_2,9,outer_test,109
window_0_2,10,inner_train,2
window_0_2,10,inner_train,3
window_0_2,10,inner_train,5
window_0_2,10,inner_train,6
window_0_2,10,inner_train,7
window_0_2,10,inner_train,9
window_0_2,10,inner_train,10
window_0_2,10,inner_train,13
window_0_2,10,inner_train,14
window_0_2,10,inner_train,15
window_0_2,10,inner_train,16
window_0_2,10,inner_train,17
window_0_2,10,inner_train,18
window_0_2,10,inner_train,19
window_0_2,10,inner_train,22
window_0_2,10,inner_train,23
window_0_2,10,inner_train,24
window_0_2,10,inner_train,26
window_0_2,10,inner_train,27
window_0_2,10,inner_train,28
window_0_2,10,inner_train,29
window_0_2,10,inner_train,31
window_0_2,10,inner_train,32
window_0_2,10,inner_train,34
window_0_2,10,inner_train,35
window_0_2,10,inner_train,36
window_0_2,10,inner_train,37
window_0_2,10,inner_train,38
window_0_2,10,inner_train,39
window_0_2,10,inner_train,40
window_0_2,10,inner_train,41
window_0_2,10,inner_train,42
window_0_2,10,inner_train,45
window_0_2,10,inner_train,46
window_0_2,10,inner_train,47
window_0_2,10,inner_train,48
window_0_2,10,inner_train,49
window_0_2,10,inner_train,50
window_0_2,10,inner_train,51
window_0_2,10,inner_train,53
window_0_2,10,inner_train,54
window_0_2,10,inner_train,55
window_0_2,10,inner_train,56
window_0_2,10,inner_train,58
window_0_2,10,inner_train,61
window_0_2,10,inner_train,62
window_0_2,10,inner_train,63
window_0_2,10,inner_train,65
window_0_2,10,inner_train,66
window_0_2,10,inner_train,68
window_0_2,10,inner_train,69
window_0_2,10,inner_train,70
window_0_2,10,inner_train,71
window_0_2,10,inner_train,72
window_0_2,10,inner_train,73
window_0_2,10,inner_train,74
window_0_2,10,inner_train,76
window_0_2,10,inner_train,79
window_0_2,10,inner_train,80
window_0_2,10,inner_train,81
window_0_2,10,inner_train,82
window_0_2,10,inner_train,83
window_0_2,10,inner_train,86
window_0_2,10,inner_train,87
window_0_2,10,inner_train,90
window_0_2,10,inner_train,91
window_0_2,10,inner_train,93
window_0_2,10,inner_train,94
window_0_2,10,inner_train,95
window_0_2,10,inner_train,96
window_0_2,10,inner_train,97
window_0_2,10,inner_train,98
window_0_2,10,inner_train,99
window_0_2,10,inner_train,101
window_0_2,10,inner_train,102
window_0_2,10,inner_train,106
window_0_2,10,inner_train,107
window_0_2,10,inner_train,108
window_0_2,10,inner_train,109
window_0_2,10,inner_validation,4
window_0_2,10,inner_validation,11
window_0_2,10,inner_validation,25
window_0_2,10,inner_validation,30
window_0_2,10,inner_validation,33
window_0_2,10,inner_validation,52
window_0_2,10,inner_validation,57
window_0_2,10,inner_validation,60
window_0_2,10,inner_validation,64
window_0_2,10,inner_validation,75
window_0_2,10,inner_validation,77
window_0_2,10,inner_validation,84
window_0_2,10,inner_validation,85
window_0_2,10,inner_validation,105
window_0_2,10,outer_test,1
window_0_2,10,outer_test,8
window_0_2,10,outer_test,12
window_0_2,10,outer_test,20
window_0_2,10,outer_test,21
window_0_2,10,outer_test,44
window_0_2,10,outer_test,59
window_0_2,10,outer_test,67
window_0_2,10,outer_test,78
window_0_2,10,outer_test,103
window_0_3,1,inner_train,2
window_0_3,1,inner_train,5
window_0_3,1,inner_train,6
window_0_3,1,inner_train,7
window_0_3,1,inner_train,8
window_0_3,1,inner_train,10
window_0_3,1,inner_train,11
window_0_3,1,inner_train,13
window_0_3,1,inner_train,15
window_0_3,1,inner_train,16
window_0_3,1,inner_train,17
window_0_3,1,inner_train,19
window_0_3,1,inner_train,20
window_0_3,1,inner_train,21
window_0_3,1,inner_train,22
window_0_3,1,inner_train,24
window_0_3,1,inner_train,25
window_0_3,1,inner_train,26
window_0_3,1,inner_train,27
window_0_3,1,inner_train,28
window_0_3,1,inner_train,29
window_0_3,1,inner_train,31
window_0_3,1,inner_train,32
window_0_3,1,inner_train,33
window_0_3,1,inner_train,34
window_0_3,1,inner_train,35
window_0_3,1,inner_train,37
window_0_3,1,inner_train,38
window_0_3,1,inner_train,39
window_0_3,1,inner_train,40
window_0_3,1,inner_train,41
window_0_3,1,inner_train,42
window_0_3,1,inner_train,44
window_0_3,1,inner_train,47
window_0_3,1,inner_train,48
window_0_3,1,inner_train,49
window_0_3,1,inner_train,50
window_0_3,1,inner_train,51
window_0_3,1,inner_train,52
window_0_3,1,inner_train,55
window_0_3,1,inner_train,56
window_0_3,1,inner_train,57
window_0_3,1,inner_train,58
window_0_3,1,inner_train,59
window_0_3,1,inner_train,60
window_0_3,1,inner_train,61
window_0_3,1,inner_train,62
window_0_3,1,inner_train,63
window_0_3,1,inner_train,65
window_0_3,1,inner_train,66
window_0_3,1,inner_train,67
window_0_3,1,inner_train,68
window_0_3,1,inner_train,69
window_0_3,1,inner_train,70
window_0_3,1,inner_train,73
window_0_3,1,inner_train,74
window_0_3,1,inner_train,75
window_0_3,1,inner_train,76
window_0_3,1,inner_train,77
window_0_3,1,inner_train,78
window_0_3,1,inner_train,79
window_0_3,1,inner_train,80
window_0_3,1,inner_train,81
window_0_3,1,inner_train,83
window_0_3,1,inner_train,84
window_0_3,1,inner_train,86
window_0_3,1,inner_train,90
window_0_3,1,inner_train,94
window_0_3,1,inner_train,95
window_0_3,1,inner_train,97
window_0_3,1,inner_train,98
window_0_3,1,inner_train,101
window_0_3,1,inner_train,102
window_0_3,1,inner_train,103
window_0_3,1,inner_train,105
window_0_3,1,inner_train,106
window_0_3,1,inner_train,107
window_0_3,1,inner_train,108
window_0_3,1,inner_train,109
window_0_3,1,inner_validation,1
window_0_3,1,inner_validation,4
window_0_3,1,inner_validation,12
window_0_3,1,inner_validation,14
window_0_3,1,inner_validation,18
window_0_3,1,inner_validation,45
window_0_3,1,inner_validation,54
window_0_3,1,inner_validation,64
window_0_3,1,inner_validation,71
window_0_3,1,inner_validation,72
window_0_3,1,inner_validation,82
window_0_3,1,inner_validation,87
window_0_3,1,inner_validation,93
window_0_3,1,inner_validation,99
window_0_3,1,outer_test,3
window_0_3,1,outer_test,9
window_0_3,1,outer_test,23
window_0_3,1,outer_test,30
window_0_3,1,outer_test,36
window_0_3,1,outer_test,46
window_0_3,1,outer_test,53
window_0_3,1,outer_test,85
window_0_3,1,outer_test,91
window_0_3,1,outer_test,96
window_0_3,2,inner_train,1
window_0_3,2,inner_train,2
window_0_3,2,inner_train,3
window_0_3,2,inner_train,4
window_0_3,2,inner_train,5
window_0_3,2,inner_train,6
window_0_3,2,inner_train,7
window_0_3,2,inner_train,9
window_0_3,2,inner_train,11
window_0_3,2,inner_train,12
window_0_3,2,inner_train,13
window_0_3,2,inner_train,14
window_0_3,2,inner_train,15
window_0_3,2,inner_train,16
window_0_3,2,inner_train,17
window_0_3,2,inner_train,18
window_0_3,2,inner_train,19
window_0_3,2,inner_train,20
window_0_3,2,inner_train,22
window_0_3,2,inner_train,23
window_0_3,2,inner_train,24
window_0_3,2,inner_train,26
window_0_3,2,inner_train,29
window_0_3,2,inner_train,30
window_0_3,2,inner_train,31
window_0_3,2,inner_train,32
window_0_3,2,inner_train,33
window_0_3,2,inner_train,35
window_0_3,2,inner_train,36
window_0_3,2,inner_train,37
window_0_3,2,inner_train,39
window_0_3,2,inner_train,40
window_0_3,2,inner_train,41
window_0_3,2,inner_train,42
window_0_3,2,inner_train,44
window_0_3,2,inner_train,46
window_0_3,2,inner_train,47
window_0_3,2,inner_train,49
window_0_3,2,inner_train,50
window_0_3,2,inner_train,52
window_0_3,2,inner_train,53
window_0_3,2,inner_train,54
window_0_3,2,inner_train,57
window_0_3,2,inner_train,58
window_0_3,2,inner_train,59
window_0_3,2,inner_train,60
window_0_3,2,inner_train,62
window_0_3,2,inner_train,64
window_0_3,2,inner_train,65
window_0_3,2,inner_train,66
window_0_3,2,inner_train,68
window_0_3,2,inner_train,69
window_0_3,2,inner_train,70
window_0_3,2,inner_train,71
window_0_3,2,inner_train,72
window_0_3,2,inner_train,75
window_0_3,2,inner_train,76
window_0_3,2,inner_train,77
window_0_3,2,inner_train,78
window_0_3,2,inner_train,80
window_0_3,2,inner_train,81
window_0_3,2,inner_train,82
window_0_3,2,inner_train,84
window_0_3,2,inner_train,85
window_0_3,2,inner_train,86
window_0_3,2,inner_train,90
window_0_3,2,inner_train,91
window_0_3,2,inner_train,93
window_0_3,2,inner_train,94
window_0_3,2,inner_train,95
window_0_3,2,inner_train,96
window_0_3,2,inner_train,97
window_0_3,2,inner_train,98
window_0_3,2,inner_train,99
window_0_3,2,inner_train,102
window_0_3,2,inner_train,103
window_0_3,2,inner_train,105
window_0_3,2,inner_train,106
window_0_3,2,inner_train,107
window_0_3,2,inner_validation,8
window_0_3,2,inner_validation,21
window_0_3,2,inner_validation,28
window_0_3,2,inner_validation,38
window_0_3,2,inner_validation,45
window_0_3,2,inner_validation,48
window_0_3,2,inner_validation,61
window_0_3,2,inner_validation,63
window_0_3,2,inner_validation,67
window_0_3,2,inner_validation,73
window_0_3,2,inner_validation,74
window_0_3,2,inner_validation,83
window_0_3,2,inner_validation,101
window_0_3,2,inner_validation,109
window_0_3,2,outer_test,10
window_0_3,2,outer_test,25
window_0_3,2,outer_test,27
window_0_3,2,outer_test,34
window_0_3,2,outer_test,51
window_0_3,2,outer_test,55
window_0_3,2,outer_test,56
window_0_3,2,outer_test,79
window_0_3,2,outer_test,87
window_0_3,2,outer_test,108
window_0_3,3,inner_train,4
window_0_3,3,inner_train,6
window_0_3,3,inner_train,7
window_0_3,3,inner_train,8
window_0_3,3,inner_train,9
window_0_3,3,inner_train,10
window_0_3,3,inner_train,11
window_0_3,3,inner_train,12
window_0_3,3,inner_train,13
window_0_3,3,inner_train,14
window_0_3,3,inner_train,15
window_0_3,3,inner_train,16
window_0_3,3,inner_train,19
window_0_3,3,inner_train,20
window_0_3,3,inner_train,21
window_0_3,3,inner_train,22
window_0_3,3,inner_train,23
window_0_3,3,inner_train,24
window_0_3,3,inner_train,25
window_0_3,3,inner_train,26
window_0_3,3,inner_train,27
window_0_3,3,inner_train,29
window_0_3,3,inner_train,30
window_0_3,3,inner_train,31
window_0_3,3,inner_train,33
window_0_3,3,inner_train,35
window_0_3,3,inner_train,36
window_0_3,3,inner_train,37
window_0_3,3,inner_train,41
window_0_3,3,inner_train,42
window_0_3,3,inner_train,44
window_0_3,3,inner_train,45
window_0_3,3,inner_train,47
window_0_3,3,inner_train,48
window_0_3,3,inner_train,50
window_0_3,3,inner_train,51
window_0_3,3,inner_train,52
window_0_3,3,inner_train,53
window_0_3,3,inner_train,55
window_0_3,3,inner_train,56
window_0_3,3,inner_train,57
window_0_3,3,inner_train,58
window_0_3,3,inner_train,59
window_0_3,3,inner_train,60
window_0_3,3,inner_train,62
window_0_3,3,inner_train,64
window_0_3,3,inner_train,65
window_0_3,3,inner_train,66
window_0_3,3,inner_train,68
window_0_3,3,inner_train,69
window_0_3,3,inner_train,70
window_0_3,3,inner_train,71
window_0_3,3,inner_train,72
window_0_3,3,inner_train,76
window_0_3,3,inner_train,77
window_0_3,3,inner_train,78
window_0_3,3,inner_train,79
window_0_3,3,inner_train,81
window_0_3,3,inner_train,82
window_0_3,3,inner_train,83
window_0_3,3,inner_train,84
window_0_3,3,inner_train,85
window_0_3,3,inner_train,86
window_0_3,3,inner_train,87
window_0_3,3,inner_train,90
window_0_3,3,inner_train,91
window_0_3,3,inner_train,94
window_0_3,3,inner_train,95
window_0_3,3,inner_train,96
window_0_3,3,inner_train,98
window_0_3,3,inner_train,99
window_0_3,3,inner_train,101
window_0_3,3,inner_train,102
window_0_3,3,inner_train,103
window_0_3,3,inner_train,105
window_0_3,3,inner_train,106
window_0_3,3,inner_train,107
window_0_3,3,inner_train,108
window_0_3,3,inner_train,109
window_0_3,3,inner_validation,1
window_0_3,3,inner_validation,2
window_0_3,3,inner_validation,3
window_0_3,3,inner_validation,5
window_0_3,3,inner_validation,34
window_0_3,3,inner_validation,38
window_0_3,3,inner_validation,46
window_0_3,3,inner_validation,54
window_0_3,3,inner_validation,61
window_0_3,3,inner_validation,63
window_0_3,3,inner_validation,67
window_0_3,3,inner_validation,73
window_0_3,3,inner_validation,80
window_0_3,3,inner_validation,93
window_0_3,3,outer_test,17
window_0_3,3,outer_test,18
window_0_3,3,outer_test,28
window_0_3,3,outer_test,32
window_0_3,3,outer_test,39
window_0_3,3,outer_test,40
window_0_3,3,outer_test,49
window_0_3,3,outer_test,74
window_0_3,3,outer_test,75
window_0_3,3,outer_test,97
window_0_3,4,inner_train,1
window_0_3,4,inner_train,2
window_0_3,4,inner_train,3
window_0_3,4,inner_train,4
window_0_3,4,inner_train,5
window_0_3,4,inner_train,6
window_0_3,4,inner_train,7
window_0_3,4,inner_train,8
window_0_3,4,inner_train,9
window_0_3,4,inner_train,10
window_0_3,4,inner_train,13
window_0_3,4,inner_train,16
window_0_3,4,inner_train,17
window_0_3,4,inner_train,18
window_0_3,4,inner_train,20
window_0_3,4,inner_train,21
window_0_3,4,inner_train,22
window_0_3,4,inner_train,25
window_0_3,4,inner_train,26
window_0_3,4,inner_train,27
window_0_3,4,inner_train,28
window_0_3,4,inner_train,29
window_0_3,4,inner_train,30
window_0_3,4,inner_train,32
window_0_3,4,inner_train,34
window_0_3,4,inner_train,36
window_0_3,4,inner_train,37
window_0_3,4,inner_train,38
window_0_3,4,inner_train,40
window_0_3,4,inner_train,41
window_0_3,4,inner_train,42
window_0_3,4,inner_train,45
window_0_3,4,inner_train,46
window_0_3,4,inner_train,47
window_0_3,4,inner_train,49
window_0_3,4,inner_train,50
window_0_3,4,inner_train,51
window_0_3,4,inner_train,52
window_0_3,4,inner_train,54
window_0_3,4,inner_train,56
window_0_3,4,inner_train,57
window_0_3,4,inner_train,58
window_0_3,4,inner_train,59
window_0_3,4,inner_train,60
window_0_3,4,inner_train,61
window_0_3,4,inner_train,62
window_0_3,4,inner_train,63
window_0_3,4,inner_train,64
window_0_3,4,inner_train,65
window_0_3,4,inner_train,66
window_0_3,4,inner_train,67
window_0_3,4,inner_train,68
window_0_3,4,inner_train,70
window_0_3,4,inner_train,71
window_0_3,4,inner_train,72
window_0_3,4,inner_train,74
window_0_3,4,inner_train,75
window_0_3,4,inner_train,78
window_0_3,4,inner_train,79
window_0_3,4,inner_train,80
window_0_3,4,inner_train,81
window_0_3,4,inner_train,82
window_0_3,4,inner_train,83
window_0_3,4,inner_train,84
window_0_3,4,inner_train,85
window_0_3,4,inner_train,87
window_0_3,4,inner_train,90
window_0_3,4,inner_train,91
window_0_3,4,inner_train,94
window_0_3,4,inner_train,95
window_0_3,4,inner_train,96
window_0_3,4,inner_train,98
window_0_3,4,inner_train,99
window_0_3,4,inner_train,101
window_0_3,4,inner_train,103
window_0_3,4,inner_train,106
window_0_3,4,inner_train,108
window_0_3,4,inner_train,109
window_0_3,4,inner_validation,11
window_0_3,4,inner_validation,12
window_0_3,4,inner_validation,15
window_0_3,4,inner_validation,23
window_0_3,4,inner_validation,35
window_0_3,4,inner_validation,39
window_0_3,4,inner_validation,44
window_0_3,4,inner_validation,53
window_0_3,4,inner_validation,55
window_0_3,4,inner_validation,73
window_0_3,4,inner_validation,76
window_0_3,4,inner_validation,77
window_0_3,4,inner_validation,97
window_0_3,4,inner_validation,102
window_0_3,4,outer_test,14
window_0_3,4,outer_test,19
window_0_3,4,outer_test,24
window_0_3,4,outer_test,31
window_0_3,4,outer_test,33
window_0_3,4,outer_test,48
window_0_3,4,outer_test,69
window_0_3,4,outer_test,86
window_0_3,4,outer_test,93
window_0_3,4,outer_test,105
window_0_3,4,outer_test,107
window_0_3,5,inner_train,2
window_0_3,5,inner_train,3
window_0_3,5,inner_train,4
window_0_3,5,inner_train,5
window_0_3,5,inner_train,6
window_0_3,5,inner_train,7
window_0_3,5,inner_train,8
window_0_3,5,inner_train,9
window_0_3,5,inner_train,10
window_0_3,5,inner_train,11
window_0_3,5,inner_train,12
window_0_3,5,inner_train,13
window_0_3,5,inner_train,14
window_0_3,5,inner_train,18
window_0_3,5,inner_train,19
window_0_3,5,inner_train,21
window_0_3,5,inner_train,22
window_0_3,5,inner_train,23
window_0_3,5,inner_train,24
window_0_3,5,inner_train,25
window_0_3,5,inner_train,26
window_0_3,5,inner_train,27
window_0_3,5,inner_train,28
window_0_3,5,inner_train,29
window_0_3,5,inner_train,30
window_0_3,5,inner_train,31
window_0_3,5,inner_train,32
window_0_3,5,inner_train,34
window_0_3,5,inner_train,36
window_0_3,5,inner_train,37
window_0_3,5,inner_train,38
window_0_3,5,inner_train,39
window_0_3,5,inner_train,40
window_0_3,5,inner_train,44
window_0_3,5,inner_train,46
window_0_3,5,inner_train,47
window_0_3,5,inner_train,48
window_0_3,5,inner_train,50
window_0_3,5,inner_train,52
window_0_3,5,inner_train,53
window_0_3,5,inner_train,54
window_0_3,5,inner_train,55
window_0_3,5,inner_train,56
window_0_3,5,inner_train,57
window_0_3,5,inner_train,58
window_0_3,5,inner_train,59
window_0_3,5,inner_train,60
window_0_3,5,inner_train,62
window_0_3,5,inner_train,65
window_0_3,5,inner_train,66
window_0_3,5,inner_train,67
window_0_3,5,inner_train,68
window_0_3,5,inner_train,69
window_0_3,5,inner_train,71
window_0_3,5,inner_train,73
window_0_3,5,inner_train,74
window_0_3,5,inner_train,75
window_0_3,5,inner_train,76
window_0_3,5,inner_train,78
window_0_3,5,inner_train,81
window_0_3,5,inner_train,82
window_0_3,5,inner_train,83
window_0_3,5,inner_train,84
window_0_3,5,inner_train,85
window_0_3,5,inner_train,86
window_0_3,5,inner_train,91
window_0_3,5,inner_train,93
window_0_3,5,inner_train,95
window_0_3,5,inner_train,97
window_0_3,5,inner_train,98
window_0_3,5,inner_train,101
window_0_3,5,inner_train,102
window_0_3,5,inner_train,103
window_0_3,5,inner_train,105
window_0_3,5,inner_train,106
window_0_3,5,inner_train,107
window_0_3,5,inner_train,108
window_0_3,5,inner_train,109
window_0_3,5,inner_validation,1
window_0_3,5,inner_validation,17
window_0_3,5,inner_validation,20
window_0_3,5,inner_validation,33
window_0_3,5,inner_validation,35
window_0_3,5,inner_validation,42
window_0_3,5,inner_validation,45
window_0_3,5,inner_validation,49
window_0_3,5,inner_validation,51
window_0_3,5,inner_validation,72
window_0_3,5,inner_validation,77
window_0_3,5,inner_validation,79
window_0_3,5,inner_validation,87
window_0_3,5,inner_validation,96
window_0_3,5,outer_test,15
window_0_3,5,outer_test,16
window_0_3,5,outer_test,41
window_0_3,5,outer_test,61
window_0_3,5,outer_test,63
window_0_3,5,outer_test,64
window_0_3,5,outer_test,70
window_0_3,5,outer_test,80
window_0_3,5,outer_test,90
window_0_3,5,outer_test,94
window_0_3,5,outer_test,99
window_0_3,6,inner_train,1
window_0_3,6,inner_train,3
window_0_3,6,inner_train,4
window_0_3,6,inner_train,5
window_0_3,6,inner_train,6
window_0_3,6,inner_train,8
window_0_3,6,inner_train,9
window_0_3,6,inner_train,12
window_0_3,6,inner_train,15
window_0_3,6,inner_train,16
window_0_3,6,inner_train,17
window_0_3,6,inner_train,18
window_0_3,6,inner_train,19
window_0_3,6,inner_train,21
window_0_3,6,inner_train,22
window_0_3,6,inner_train,23
window_0_3,6,inner_train,24
window_0_3,6,inner_train,25
window_0_3,6,inner_train,26
window_0_3,6,inner_train,28
window_0_3,6,inner_train,30
window_0_3,6,inner_train,31
window_0_3,6,inner_train,32
window_0_3,6,inner_train,33
window_0_3,6,inner_train,34
window_0_3,6,inner_train,35
window_0_3,6,inner_train,36
window_0_3,6,inner_train,39
window_0_3,6,inner_train,40
window_0_3,6,inner_train,41
window_0_3,6,inner_train,42
window_0_3,6,inner_train,44
window_0_3,6,inner_train,45
window_0_3,6,inner_train,46
window_0_3,6,inner_train,47
window_0_3,6,inner_train,49
window_0_3,6,inner_train,52
window_0_3,6,inner_train,53
window_0_3,6,inner_train,54
window_0_3,6,inner_train,55
window_0_3,6,inner_train,56
window_0_3,6,inner_train,57
window_0_3,6,inner_train,58
window_0_3,6,inner_train,59
window_0_3,6,inner_train,60
window_0_3,6,inner_train,61
window_0_3,6,inner_train,62
window_0_3,6,inner_train,64
window_0_3,6,inner_train,66
window_0_3,6,inner_train,67
window_0_3,6,inner_train,68
window_0_3,6,inner_train,69
window_0_3,6,inner_train,72
window_0_3,6,inner_train,73
window_0_3,6,inner_train,74
window_0_3,6,inner_train,75
window_0_3,6,inner_train,76
window_0_3,6,inner_train,78
window_0_3,6,inner_train,79
window_0_3,6,inner_train,80
window_0_3,6,inner_train,81
window_0_3,6,inner_train,85
window_0_3,6,inner_train,86
window_0_3,6,inner_train,87
window_0_3,6,inner_train,90
window_0_3,6,inner_train,91
window_0_3,6,inner_train,93
window_0_3,6,inner_train,94
window_0_3,6,inner_train,95
window_0_3,6,inner_train,96
window_0_3,6,inner_train,97
window_0_3,6,inner_train,99
window_0_3,6,inner_train,101
window_0_3,6,inner_train,102
window_0_3,6,inner_train,103
window_0_3,6,inner_train,105
window_0_3,6,inner_train,108
window_0_3,6,inner_train,109
window_0_3,6,inner_validation,7
window_0_3,6,inner_validation,10
window_0_3,6,inner_validation,11
window_0_3,6,inner_validation,14
window_0_3,6,inner_validation,20
window_0_3,6,inner_validation,27
window_0_3,6,inner_validation,48
window_0_3,6,inner_validation,51
window_0_3,6,inner_validation,63
window_0_3,6,inner_validation,65
window_0_3,6,inner_validation,70
window_0_3,6,inner_validation,71
window_0_3,6,inner_validation,77
window_0_3,6,inner_validation,107
window_0_3,6,outer_test,2
window_0_3,6,outer_test,13
window_0_3,6,outer_test,29
window_0_3,6,outer_test,37
window_0_3,6,outer_test,38
window_0_3,6,outer_test,50
window_0_3,6,outer_test,82
window_0_3,6,outer_test,83
window_0_3,6,outer_test,84
window_0_3,6,outer_test,98
window_0_3,6,outer_test,106
window_0_3,7,inner_train,3
window_0_3,7,inner_train,5
window_0_3,7,inner_train,7
window_0_3,7,inner_train,8
window_0_3,7,inner_train,9
window_0_3,7,inner_train,10
window_0_3,7,inner_train,11
window_0_3,7,inner_train,12
window_0_3,7,inner_train,13
window_0_3,7,inner_train,14
window_0_3,7,inner_train,15
window_0_3,7,inner_train,16
window_0_3,7,inner_train,17
window_0_3,7,inner_train,18
window_0_3,7,inner_train,19
window_0_3,7,inner_train,20
window_0_3,7,inner_train,21
window_0_3,7,inner_train,22
window_0_3,7,inner_train,23
window_0_3,7,inner_train,24
window_0_3,7,inner_train,26
window_0_3,7,inner_train,27
window_0_3,7,inner_train,28
window_0_3,7,inner_train,29
window_0_3,7,inner_train,30
window_0_3,7,inner_train,31
window_0_3,7,inner_train,33
window_0_3,7,inner_train,34
window_0_3,7,inner_train,35
window_0_3,7,inner_train,36
window_0_3,7,inner_train,37
window_0_3,7,inner_train,38
window_0_3,7,inner_train,39
window_0_3,7,inner_train,40
window_0_3,7,inner_train,41
window_0_3,7,inner_train,42
window_0_3,7,inner_train,44
window_0_3,7,inner_train,46
window_0_3,7,inner_train,48
window_0_3,7,inner_train,49
window_0_3,7,inner_train,50
window_0_3,7,inner_train,51
window_0_3,7,inner_train,53
window_0_3,7,inner_train,55
window_0_3,7,inner_train,56
window_0_3,7,inner_train,58
window_0_3,7,inner_train,59
window_0_3,7,inner_train,61
window_0_3,7,inner_train,62
window_0_3,7,inner_train,63
window_0_3,7,inner_train,64
window_0_3,7,inner_train,66
window_0_3,7,inner_train,67
window_0_3,7,inner_train,69
window_0_3,7,inner_train,70
window_0_3,7,inner_train,71
window_0_3,7,inner_train,73
window_0_3,7,inner_train,74
window_0_3,7,inner_train,75
window_0_3,7,inner_train,77
window_0_3,7,inner_train,78
window_0_3,7,inner_train,79
window_0_3,7,inner_train,80
window_0_3,7,inner_train,81
window_0_3,7,inner_train,82
window_0_3,7,inner_train,84
window_0_3,7,inner_train,86
window_0_3,7,inner_train,90
window_0_3,7,inner_train,91
window_0_3,7,inner_train,93
window_0_3,7,inner_train,94
window_0_3,7,inner_train,95
window_0_3,7,inner_train,96
window_0_3,7,inner_train,97
window_0_3,7,inner_train,99
window_0_3,7,inner_train,105
window_0_3,7,inner_train,106
window_0_3,7,inner_train,107
window_0_3,7,inner_train,108
window_0_3,7,inner_validation,1
window_0_3,7,inner_validation,2
window_0_3,7,inner_validation,25
window_0_3,7,inner_validation,32
window_0_3,7,inner_validation,52
window_0_3,7,inner_validation,54
window_0_3,7,inner_validation,57
window_0_3,7,inner_validation,76
window_0_3,7,inner_validation,83
window_0_3,7,inner_validation,85
window_0_3,7,inner_validation,87
window_0_3,7,inner_validation,98
window_0_3,7,inner_validation,103
window_0_3,7,inner_validation,109
window_0_3,7,outer_test,4
window_0_3,7,outer_test,6
window_0_3,7,outer_test,45
window_0_3,7,outer_test,47
window_0_3,7,outer_test,60
window_0_3,7,outer_test,65
window_0_3,7,outer_test,68
window_0_3,7,outer_test,72
window_0_3,7,outer_test,101
window_0_3,7,outer_test,102
window_0_3,8,inner_train,1
window_0_3,8,inner_train,2
window_0_3,8,inner_train,3
window_0_3,8,inner_train,4
window_0_3,8,inner_train,5
window_0_3,8,inner_train,6
window_0_3,8,inner_train,8
window_0_3,8,inner_train,9
window_0_3,8,inner_train,10
window_0_3,8,inner_train,11
window_0_3,8,inner_train,12
window_0_3,8,inner_train,13
window_0_3,8,inner_train,14
window_0_3,8,inner_train,15
window_0_3,8,inner_train,16
window_0_3,8,inner_train,21
window_0_3,8,inner_train,22
window_0_3,8,inner_train,23
window_0_3,8,inner_train,24
window_0_3,8,inner_train,25
window_0_3,8,inner_train,27
window_0_3,8,inner_train,28
window_0_3,8,inner_train,29
window_0_3,8,inner_train,30
window_0_3,8,inner_train,31
window_0_3,8,inner_train,32
window_0_3,8,inner_train,33
window_0_3,8,inner_train,34
window_0_3,8,inner_train,35
window_0_3,8,inner_train,36
window_0_3,8,inner_train,37
window_0_3,8,inner_train,38
window_0_3,8,inner_train,39
window_0_3,8,inner_train,41
window_0_3,8,inner_train,44
window_0_3,8,inner_train,45
window_0_3,8,inner_train,46
window_0_3,8,inner_train,47
window_0_3,8,inner_train,48
window_0_3,8,inner_train,49
window_0_3,8,inner_train,51
window_0_3,8,inner_train,53
window_0_3,8,inner_train,55
window_0_3,8,inner_train,56
window_0_3,8,inner_train,59
window_0_3,8,inner_train,60
window_0_3,8,inner_train,62
window_0_3,8,inner_train,63
window_0_3,8,inner_train,64
window_0_3,8,inner_train,65
window_0_3,8,inner_train,67
window_0_3,8,inner_train,68
window_0_3,8,inner_train,69
window_0_3,8,inner_train,70
window_0_3,8,inner_train,74
window_0_3,8,inner_train,75
window_0_3,8,inner_train,77
window_0_3,8,inner_train,79
window_0_3,8,inner_train,80
window_0_3,8,inner_train,81
window_0_3,8,inner_train,82
window_0_3,8,inner_train,84
window_0_3,8,inner_train,85
window_0_3,8,inner_train,86
window_0_3,8,inner_train,90
window_0_3,8,inner_train,91
window_0_3,8,inner_train,93
window_0_3,8,inner_train,94
window_0_3,8,inner_train,96
window_0_3,8,inner_train,97
window_0_3,8,inner_train,98
window_0_3,8,inner_train,99
window_0_3,8,inner_train,101
window_0_3,8,inner_train,103
window_0_3,8,inner_train,105
window_0_3,8,inner_train,106
window_0_3,8,inner_train,107
window_0_3,8,inner_train,108
window_0_3,8,inner_train,109
window_0_3,8,inner_validation,17
window_0_3,8,inner_validation,18
window_0_3,8,inner_validation,19
window_0_3,8,inner_validation,20
window_0_3,8,inner_validation,40
window_0_3,8,inner_validation,50
window_0_3,8,inner_validation,52
window_0_3,8,inner_validation,61
window_0_3,8,inner_validation,71
window_0_3,8,inner_validation,72
window_0_3,8,inner_validation,78
window_0_3,8,inner_validation,83
window_0_3,8,inner_validation,87
window_0_3,8,inner_validation,102
window_0_3,8,outer_test,7
window_0_3,8,outer_test,26
window_0_3,8,outer_test,42
window_0_3,8,outer_test,54
window_0_3,8,outer_test,57
window_0_3,8,outer_test,58
window_0_3,8,outer_test,66
window_0_3,8,outer_test,73
window_0_3,8,outer_test,76
window_0_3,8,outer_test,95
window_0_3,9,inner_train,2
window_0_3,9,inner_train,4
window_0_3,9,inner_train,7
window_0_3,9,inner_train,8
window_0_3,9,inner_train,9
window_0_3,9,inner_train,10
window_0_3,9,inner_train,12
window_0_3,9,inner_train,13
window_0_3,9,inner_train,15
window_0_3,9,inner_train,16
window_0_3,9,inner_train,17
window_0_3,9,inner_train,18
window_0_3,9,inner_train,19
window_0_3,9,inner_train,20
window_0_3,9,inner_train,21
window_0_3,9,inner_train,24
window_0_3,9,inner_train,25
window_0_3,9,inner_train,26
window_0_3,9,inner_train,27
window_0_3,9,inner_train,28
window_0_3,9,inner_train,29
window_0_3,9,inner_train,30
window_0_3,9,inner_train,31
window_0_3,9,inner_train,32
window_0_3,9,inner_train,33
window_0_3,9,inner_train,34
window_0_3,9,inner_train,36
window_0_3,9,inner_train,37
window_0_3,9,inner_train,38
window_0_3,9,inner_train,39
window_0_3,9,inner_train,40
window_0_3,9,inner_train,41
window_0_3,9,inner_train,42
window_0_3,9,inner_train,44
window_0_3,9,inner_train,45
window_0_3,9,inner_train,46
window_0_3,9,inner_train,47
window_0_3,9,inner_train,48
window_0_3,9,inner_train,50
window_0_3,9,inner_train,51
window_0_3,9,inner_train,54
window_0_3,9,inner_train,55
window_0_3,9,inner_train,59
window_0_3,9,inner_train,60
window_0_3,9,inner_train,61
window_0_3,9,inner_train,63
window_0_3,9,inner_train,64
window_0_3,9,inner_train,65
window_0_3,9,inner_train,66
window_0_3,9,inner_train,67
window_0_3,9,inner_train,68
window_0_3,9,inner_train,69
window_0_3,9,inner_train,70
window_0_3,9,inner_train,72
window_0_3,9,inner_train,73
window_0_3,9,inner_train,74
window_0_3,9,inner_train,78
window_0_3,9,inner_train,79
window_0_3,9,inner_train,80
window_0_3,9,inner_train,82
window_0_3,9,inner_train,83
window_0_3,9,inner_train,84
window_0_3,9,inner_train,85
window_0_3,9,inner_train,87
window_0_3,9,inner_train,90
window_0_3,9,inner_train,91
window_0_3,9,inner_train,93
window_0_3,9,inner_train,94
window_0_3,9,inner_train,95
window_0_3,9,inner_train,96
window_0_3,9,inner_train,97
window_0_3,9,inner_train,99
window_0_3,9,inner_train,101
window_0_3,9,inner_train,102
window_0_3,9,inner_train,103
window_0_3,9,inner_train,105
window_0_3,9,inner_train,106
window_0_3,9,inner_train,107
window_0_3,9,inner_train,108
window_0_3,9,inner_validation,1
window_0_3,9,inner_validation,3
window_0_3,9,inner_validation,6
window_0_3,9,inner_validation,14
window_0_3,9,inner_validation,23
window_0_3,9,inner_validation,49
window_0_3,9,inner_validation,53
window_0_3,9,inner_validation,56
window_0_3,9,inner_validation,57
window_0_3,9,inner_validation,58
window_0_3,9,inner_validation,75
window_0_3,9,inner_validation,76
window_0_3,9,inner_validation,86
window_0_3,9,inner_validation,98
window_0_3,9,outer_test,5
window_0_3,9,outer_test,11
window_0_3,9,outer_test,22
window_0_3,9,outer_test,35
window_0_3,9,outer_test,52
window_0_3,9,outer_test,62
window_0_3,9,outer_test,71
window_0_3,9,outer_test,77
window_0_3,9,outer_test,81
window_0_3,9,outer_test,109
window_0_3,10,inner_train,2
window_0_3,10,inner_train,3
window_0_3,10,inner_train,5
window_0_3,10,inner_train,6
window_0_3,10,inner_train,7
window_0_3,10,inner_train,9
window_0_3,10,inner_train,10
window_0_3,10,inner_train,13
window_0_3,10,inner_train,14
window_0_3,10,inner_train,15
window_0_3,10,inner_train,16
window_0_3,10,inner_train,17
window_0_3,10,inner_train,18
window_0_3,10,inner_train,19
window_0_3,10,inner_train,22
window_0_3,10,inner_train,23
window_0_3,10,inner_train,24
window_0_3,10,inner_train,26
window_0_3,10,inner_train,27
window_0_3,10,inner_train,28
window_0_3,10,inner_train,29
window_0_3,10,inner_train,31
window_0_3,10,inner_train,32
window_0_3,10,inner_train,34
window_0_3,10,inner_train,35
window_0_3,10,inner_train,36
window_0_3,10,inner_train,37
window_0_3,10,inner_train,38
window_0_3,10,inner_train,39
window_0_3,10,inner_train,40
window_0_3,10,inner_train,41
window_0_3,10,inner_train,42
window_0_3,10,inner_train,45
window_0_3,10,inner_train,46
window_0_3,10,inner_train,47
window_0_3,10,inner_train,48
window_0_3,10,inner_train,49
window_0_3,10,inner_train,50
window_0_3,10,inner_train,51
window_0_3,10,inner_train,53
window_0_3,10,inner_train,54
window_0_3,10,inner_train,55
window_0_3,10,inner_train,56
window_0_3,10,inner_train,58
window_0_3,10,inner_train,61
window_0_3,10,inner_train,62
window_0_3,10,inner_train,63
window_0_3,10,inner_train,65
window_0_3,10,inner_train,66
window_0_3,10,inner_train,68
window_0_3,10,inner_train,69
window_0_3,10,inner_train,70
window_0_3,10,inner_train,71
window_0_3,10,inner_train,72
window_0_3,10,inner_train,73
window_0_3,10,inner_train,74
window_0_3,10,inner_train,76
window_0_3,10,inner_train,79
window_0_3,10,inner_train,80
window_0_3,10,inner_train,81
window_0_3,10,inner_train,82
window_0_3,10,inner_train,83
window_0_3,10,inner_train,86
window_0_3,10,inner_train,87
window_0_3,10,inner_train,90
window_0_3,10,inner_train,91
window_0_3,10,inner_train,93
window_0_3,10,inner_train,94
window_0_3,10,inner_train,95
window_0_3,10,inner_train,96
window_0_3,10,inner_train,97
window_0_3,10,inner_train,98
window_0_3,10,inner_train,99
window_0_3,10,inner_train,101
window_0_3,10,inner_train,102
window_0_3,10,inner_train,106
window_0_3,10,inner_train,107
window_0_3,10,inner_train,108
window_0_3,10,inner_train,109
window_0_3,10,inner_validation,4
window_0_3,10,inner_validation,11
window_0_3,10,inner_validation,25
window_0_3,10,inner_validation,30
window_0_3,10,inner_validation,33
window_0_3,10,inner_validation,52
window_0_3,10,inner_validation,57
window_0_3,10,inner_validation,60
window_0_3,10,inner_validation,64
window_0_3,10,inner_validation,75
window_0_3,10,inner_validation,77
window_0_3,10,inner_validation,84
window_0_3,10,inner_validation,85
window_0_3,10,inner_validation,105
window_0_3,10,outer_test,1
window_0_3,10,outer_test,8
window_0_3,10,outer_test,12
window_0_3,10,outer_test,20
window_0_3,10,outer_test,21
window_0_3,10,outer_test,44
window_0_3,10,outer_test,59
window_0_3,10,outer_test,67
window_0_3,10,outer_test,78
window_0_3,10,outer_test,103
window_1_4,1,inner_train,2
window_1_4,1,inner_train,6
window_1_4,1,inner_train,7
window_1_4,1,inner_train,8
window_1_4,1,inner_train,10
window_1_4,1,inner_train,11
window_1_4,1,inner_train,12
window_1_4,1,inner_train,14
window_1_4,1,inner_train,16
window_1_4,1,inner_train,17
window_1_4,1,inner_train,18
window_1_4,1,inner_train,20
window_1_4,1,inner_train,22
window_1_4,1,inner_train,23
window_1_4,1,inner_train,26
window_1_4,1,inner_train,27
window_1_4,1,inner_train,28
window_1_4,1,inner_train,29
window_1_4,1,inner_train,30
window_1_4,1,inner_train,31
window_1_4,1,inner_train,32
window_1_4,1,inner_train,34
window_1_4,1,inner_train,35
window_1_4,1,inner_train,36
window_1_4,1,inner_train,37
window_1_4,1,inner_train,38
window_1_4,1,inner_train,39
window_1_4,1,inner_train,40
window_1_4,1,inner_train,41
window_1_4,1,inner_train,42
window_1_4,1,inner_train,44
window_1_4,1,inner_train,45
window_1_4,1,inner_train,46
window_1_4,1,inner_train,48
window_1_4,1,inner_train,49
window_1_4,1,inner_train,50
window_1_4,1,inner_train,51
window_1_4,1,inner_train,52
window_1_4,1,inner_train,53
window_1_4,1,inner_train,55
window_1_4,1,inner_train,56
window_1_4,1,inner_train,57
window_1_4,1,inner_train,58
window_1_4,1,inner_train,59
window_1_4,1,inner_train,60
window_1_4,1,inner_train,62
window_1_4,1,inner_train,63
window_1_4,1,inner_train,64
window_1_4,1,inner_train,66
window_1_4,1,inner_train,68
window_1_4,1,inner_train,69
window_1_4,1,inner_train,70
window_1_4,1,inner_train,71
window_1_4,1,inner_train,72
window_1_4,1,inner_train,75
window_1_4,1,inner_train,76
window_1_4,1,inner_train,77
window_1_4,1,inner_train,78
window_1_4,1,inner_train,79
window_1_4,1,inner_train,80
window_1_4,1,inner_train,81
window_1_4,1,inner_train,82
window_1_4,1,inner_train,83
window_1_4,1,inner_train,85
window_1_4,1,inner_train,86
window_1_4,1,inner_train,87
window_1_4,1,inner_train,91
window_1_4,1,inner_train,94
window_1_4,1,inner_train,95
window_1_4,1,inner_train,97
window_1_4,1,inner_train,98
window_1_4,1,inner_train,101
window_1_4,1,inner_train,102
window_1_4,1,inner_train,103
window_1_4,1,inner_train,105
window_1_4,1,inner_train,106
window_1_4,1,inner_train,107
window_1_4,1,inner_train,108
window_1_4,1,inner_train,109
window_1_4,1,inner_validation,1
window_1_4,1,inner_validation,5
window_1_4,1,inner_validation,13
window_1_4,1,inner_validation,15
window_1_4,1,inner_validation,19
window_1_4,1,inner_validation,47
window_1_4,1,inner_validation,54
window_1_4,1,inner_validation,65
window_1_4,1,inner_validation,73
window_1_4,1,inner_validation,74
window_1_4,1,inner_validation,84
window_1_4,1,inner_validation,90
window_1_4,1,inner_validation,93
window_1_4,1,inner_validation,99
window_1_4,1,outer_test,3
window_1_4,1,outer_test,4
window_1_4,1,outer_test,9
window_1_4,1,outer_test,21
window_1_4,1,outer_test,24
window_1_4,1,outer_test,25
window_1_4,1,outer_test,33
window_1_4,1,outer_test,61
window_1_4,1,outer_test,67
window_1_4,1,outer_test,96
window_1_4,2,inner_train,1
window_1_4,2,inner_train,2
window_1_4,2,inner_train,3
window_1_4,2,inner_train,4
window_1_4,2,inner_train,5
window_1_4,2,inner_train,6
window_1_4,2,inner_train,7
window_1_4,2,inner_train,9
window_1_4,2,inner_train,11
window_1_4,2,inner_train,12
window_1_4,2,inner_train,13
window_1_4,2,inner_train,14
window_1_4,2,inner_train,15
window_1_4,2,inner_train,17
window_1_4,2,inner_train,18
window_1_4,2,inner_train,20
window_1_4,2,inner_train,21
window_1_4,2,inner_train,22
window_1_4,2,inner_train,24
window_1_4,2,inner_train,25
window_1_4,2,inner_train,26
window_1_4,2,inner_train,27
window_1_4,2,inner_train,29
window_1_4,2,inner_train,30
window_1_4,2,inner_train,31
window_1_4,2,inner_train,32
window_1_4,2,inner_train,33
window_1_4,2,inner_train,34
window_1_4,2,inner_train,36
window_1_4,2,inner_train,37
window_1_4,2,inner_train,39
window_1_4,2,inner_train,40
window_1_4,2,inner_train,41
window_1_4,2,inner_train,42
window_1_4,2,inner_train,44
window_1_4,2,inner_train,47
window_1_4,2,inner_train,48
window_1_4,2,inner_train,50
window_1_4,2,inner_train,52
window_1_4,2,inner_train,53
window_1_4,2,inner_train,55
window_1_4,2,inner_train,56
window_1_4,2,inner_train,57
window_1_4,2,inner_train,58
window_1_4,2,inner_train,59
window_1_4,2,inner_train,60
window_1_4,2,inner_train,62
window_1_4,2,inner_train,64
window_1_4,2,inner_train,65
window_1_4,2,inner_train,66
window_1_4,2,inner_train,68
window_1_4,2,inner_train,69
window_1_4,2,inner_train,70
window_1_4,2,inner_train,71
window_1_4,2,inner_train,72
window_1_4,2,inner_train,75
window_1_4,2,inner_train,76
window_1_4,2,inner_train,77
window_1_4,2,inner_train,78
window_1_4,2,inner_train,80
window_1_4,2,inner_train,81
window_1_4,2,inner_train,83
window_1_4,2,inner_train,85
window_1_4,2,inner_train,86
window_1_4,2,inner_train,87
window_1_4,2,inner_train,90
window_1_4,2,inner_train,91
window_1_4,2,inner_train,93
window_1_4,2,inner_train,94
window_1_4,2,inner_train,95
window_1_4,2,inner_train,96
window_1_4,2,inner_train,97
window_1_4,2,inner_train,98
window_1_4,2,inner_train,99
window_1_4,2,inner_train,102
window_1_4,2,inner_train,103
window_1_4,2,inner_train,105
window_1_4,2,inner_train,106
window_1_4,2,inner_train,107
window_1_4,2,inner_validation,8
window_1_4,2,inner_validation,23
window_1_4,2,inner_validation,28
window_1_4,2,inner_validation,38
window_1_4,2,inner_validation,45
window_1_4,2,inner_validation,49
window_1_4,2,inner_validation,61
window_1_4,2,inner_validation,63
window_1_4,2,inner_validation,67
window_1_4,2,inner_validation,73
window_1_4,2,inner_validation,74
window_1_4,2,inner_validation,84
window_1_4,2,inner_validation,101
window_1_4,2,inner_validation,109
window_1_4,2,outer_test,10
window_1_4,2,outer_test,16
window_1_4,2,outer_test,19
window_1_4,2,outer_test,35
window_1_4,2,outer_test,46
window_1_4,2,outer_test,51
window_1_4,2,outer_test,54
window_1_4,2,outer_test,79
window_1_4,2,outer_test,82
window_1_4,2,outer_test,108
window_1_4,3,inner_train,4
window_1_4,3,inner_train,6
window_1_4,3,inner_train,7
window_1_4,3,inner_train,8
window_1_4,3,inner_train,9
window_1_4,3,inner_train,10
window_1_4,3,inner_train,11
window_1_4,3,inner_train,12
window_1_4,3,inner_train,13
window_1_4,3,inner_train,14
window_1_4,3,inner_train,15
window_1_4,3,inner_train,16
window_1_4,3,inner_train,17
window_1_4,3,inner_train,19
window_1_4,3,inner_train,20
window_1_4,3,inner_train,21
window_1_4,3,inner_train,22
window_1_4,3,inner_train,23
window_1_4,3,inner_train,24
window_1_4,3,inner_train,25
window_1_4,3,inner_train,26
window_1_4,3,inner_train,27
window_1_4,3,inner_train,29
window_1_4,3,inner_train,30
window_1_4,3,inner_train,31
window_1_4,3,inner_train,34
window_1_4,3,inner_train,35
window_1_4,3,inner_train,37
window_1_4,3,inner_train,39
window_1_4,3,inner_train,40
window_1_4,3,inner_train,42
window_1_4,3,inner_train,44
window_1_4,3,inner_train,47
window_1_4,3,inner_train,48
window_1_4,3,inner_train,50
window_1_4,3,inner_train,51
window_1_4,3,inner_train,52
window_1_4,3,inner_train,53
window_1_4,3,inner_train,55
window_1_4,3,inner_train,56
window_1_4,3,inner_train,57
window_1_4,3,inner_train,58
window_1_4,3,inner_train,59
window_1_4,3,inner_train,60
window_1_4,3,inner_train,63
window_1_4,3,inner_train,65
window_1_4,3,inner_train,66
window_1_4,3,inner_train,67
window_1_4,3,inner_train,69
window_1_4,3,inner_train,70
window_1_4,3,inner_train,71
window_1_4,3,inner_train,72
window_1_4,3,inner_train,73
window_1_4,3,inner_train,76
window_1_4,3,inner_train,77
window_1_4,3,inner_train,78
window_1_4,3,inner_train,79
window_1_4,3,inner_train,81
window_1_4,3,inner_train,82
window_1_4,3,inner_train,83
window_1_4,3,inner_train,84
window_1_4,3,inner_train,85
window_1_4,3,inner_train,86
window_1_4,3,inner_train,87
window_1_4,3,inner_train,90
window_1_4,3,inner_train,91
window_1_4,3,inner_train,94
window_1_4,3,inner_train,95
window_1_4,3,inner_train,96
window_1_4,3,inner_train,97
window_1_4,3,inner_train,98
window_1_4,3,inner_train,99
window_1_4,3,inner_train,101
window_1_4,3,inner_train,102
window_1_4,3,inner_train,103
window_1_4,3,inner_train,106
window_1_4,3,inner_train,107
window_1_4,3,inner_train,108
window_1_4,3,inner_train,109
window_1_4,3,inner_validation,1
window_1_4,3,inner_validation,2
window_1_4,3,inner_validation,3
window_1_4,3,inner_validation,5
window_1_4,3,inner_validation,33
window_1_4,3,inner_validation,38
window_1_4,3,inner_validation,46
window_1_4,3,inner_validation,54
window_1_4,3,inner_validation,61
window_1_4,3,inner_validation,64
window_1_4,3,inner_validation,68
window_1_4,3,inner_validation,74
window_1_4,3,inner_validation,80
window_1_4,3,inner_validation,93
window_1_4,3,outer_test,18
window_1_4,3,outer_test,28
window_1_4,3,outer_test,32
window_1_4,3,outer_test,36
window_1_4,3,outer_test,41
window_1_4,3,outer_test,45
window_1_4,3,outer_test,49
window_1_4,3,outer_test,62
window_1_4,3,outer_test,75
window_1_4,3,outer_test,105
window_1_4,4,inner_train,1
window_1_4,4,inner_train,2
window_1_4,4,inner_train,3
window_1_4,4,inner_train,4
window_1_4,4,inner_train,5
window_1_4,4,inner_train,6
window_1_4,4,inner_train,7
window_1_4,4,inner_train,9
window_1_4,4,inner_train,10
window_1_4,4,inner_train,11
window_1_4,4,inner_train,14
window_1_4,4,inner_train,16
window_1_4,4,inner_train,17
window_1_4,4,inner_train,18
window_1_4,4,inner_train,19
window_1_4,4,inner_train,20
window_1_4,4,inner_train,21
window_1_4,4,inner_train,23
window_1_4,4,inner_train,24
window_1_4,4,inner_train,25
window_1_4,4,inner_train,26
window_1_4,4,inner_train,28
window_1_4,4,inner_train,29
window_1_4,4,inner_train,30
window_1_4,4,inner_train,32
window_1_4,4,inner_train,34
window_1_4,4,inner_train,35
window_1_4,4,inner_train,36
window_1_4,4,inner_train,38
window_1_4,4,inner_train,39
window_1_4,4,inner_train,41
window_1_4,4,inner_train,45
window_1_4,4,inner_train,46
window_1_4,4,inner_train,47
window_1_4,4,inner_train,49
window_1_4,4,inner_train,50
window_1_4,4,inner_train,51
window_1_4,4,inner_train,52
window_1_4,4,inner_train,54
window_1_4,4,inner_train,57
window_1_4,4,inner_train,58
window_1_4,4,inner_train,59
window_1_4,4,inner_train,60
window_1_4,4,inner_train,61
window_1_4,4,inner_train,62
window_1_4,4,inner_train,63
window_1_4,4,inner_train,64
window_1_4,4,inner_train,65
window_1_4,4,inner_train,67
window_1_4,4,inner_train,68
window_1_4,4,inner_train,69
window_1_4,4,inner_train,70
window_1_4,4,inner_train,71
window_1_4,4,inner_train,72
window_1_4,4,inner_train,73
window_1_4,4,inner_train,75
window_1_4,4,inner_train,76
window_1_4,4,inner_train,79
window_1_4,4,inner_train,80
window_1_4,4,inner_train,81
window_1_4,4,inner_train,82
window_1_4,4,inner_train,83
window_1_4,4,inner_train,84
window_1_4,4,inner_train,85
window_1_4,4,inner_train,87
window_1_4,4,inner_train,90
window_1_4,4,inner_train,91
window_1_4,4,inner_train,93
window_1_4,4,inner_train,94
window_1_4,4,inner_train,95
window_1_4,4,inner_train,96
window_1_4,4,inner_train,97
window_1_4,4,inner_train,99
window_1_4,4,inner_train,101
window_1_4,4,inner_train,102
window_1_4,4,inner_train,105
window_1_4,4,inner_train,106
window_1_4,4,inner_train,108
window_1_4,4,inner_train,109
window_1_4,4,inner_validation,12
window_1_4,4,inner_validation,13
window_1_4,4,inner_validation,15
window_1_4,4,inner_validation,22
window_1_4,4,inner_validation,33
window_1_4,4,inner_validation,37
window_1_4,4,inner_validation,44
window_1_4,4,inner_validation,53
window_1_4,4,inner_validation,56
window_1_4,4,inner_validation,74
window_1_4,4,inner_validation,77
window_1_4,4,inner_validation,78
window_1_4,4,inner_validation,98
window_1_4,4,inner_validation,103
window_1_4,4,outer_test,8
window_1_4,4,outer_test,27
window_1_4,4,outer_test,31
window_1_4,4,outer_test,40
window_1_4,4,outer_test,42
window_1_4,4,outer_test,48
window_1_4,4,outer_test,55
window_1_4,4,outer_test,66
window_1_4,4,outer_test,86
window_1_4,4,outer_test,107
window_1_4,5,inner_train,2
window_1_4,5,inner_train,3
window_1_4,5,inner_train,4
window_1_4,5,inner_train,5
window_1_4,5,inner_train,6
window_1_4,5,inner_train,7
window_1_4,5,inner_train,8
window_1_4,5,inner_train,9
window_1_4,5,inner_train,10
window_1_4,5,inner_train,11
window_1_4,5,inner_train,12
window_1_4,5,inner_train,13
window_1_4,5,inner_train,14
window_1_4,5,inner_train,17
window_1_4,5,inner_train,18
window_1_4,5,inner_train,20
window_1_4,5,inner_train,21
window_1_4,5,inner_train,22
window_1_4,5,inner_train,24
window_1_4,5,inner_train,25
window_1_4,5,inner_train,26
window_1_4,5,inner_train,27
window_1_4,5,inner_train,29
window_1_4,5,inner_train,30
window_1_4,5,inner_train,31
window_1_4,5,inner_train,33
window_1_4,5,inner_train,34
window_1_4,5,inner_train,35
window_1_4,5,inner_train,36
window_1_4,5,inner_train,37
window_1_4,5,inner_train,38
window_1_4,5,inner_train,39
window_1_4,5,inner_train,42
window_1_4,5,inner_train,44
window_1_4,5,inner_train,45
window_1_4,5,inner_train,46
window_1_4,5,inner_train,47
window_1_4,5,inner_train,48
window_1_4,5,inner_train,49
window_1_4,5,inner_train,52
window_1_4,5,inner_train,54
window_1_4,5,inner_train,55
window_1_4,5,inner_train,56
window_1_4,5,inner_train,57
window_1_4,5,inner_train,60
window_1_4,5,inner_train,61
window_1_4,5,inner_train,63
window_1_4,5,inner_train,64
window_1_4,5,inner_train,65
window_1_4,5,inner_train,66
window_1_4,5,inner_train,67
window_1_4,5,inner_train,68
window_1_4,5,inner_train,69
window_1_4,5,inner_train,70
window_1_4,5,inner_train,71
window_1_4,5,inner_train,72
window_1_4,5,inner_train,73
window_1_4,5,inner_train,74
window_1_4,5,inner_train,75
window_1_4,5,inner_train,76
window_1_4,5,inner_train,77
window_1_4,5,inner_train,78
window_1_4,5,inner_train,79
window_1_4,5,inner_train,81
window_1_4,5,inner_train,82
window_1_4,5,inner_train,83
window_1_4,5,inner_train,84
window_1_4,5,inner_train,85
window_1_4,5,inner_train,86
window_1_4,5,inner_train,91
window_1_4,5,inner_train,93
window_1_4,5,inner_train,98
window_1_4,5,inner_train,101
window_1_4,5,inner_train,102
window_1_4,5,inner_train,105
window_1_4,5,inner_train,106
window_1_4,5,inner_train,107
window_1_4,5,inner_train,108
window_1_4,5,inner_train,109
window_1_4,5,inner_validation,1
window_1_4,5,inner_validation,16
window_1_4,5,inner_validation,19
window_1_4,5,inner_validation,28
window_1_4,5,inner_validation,32
window_1_4,5,inner_validation,40
window_1_4,5,inner_validation,41
window_1_4,5,inner_validation,51
window_1_4,5,inner_validation,62
window_1_4,5,inner_validation,87
window_1_4,5,inner_validation,95
window_1_4,5,inner_validation,96
window_1_4,5,inner_validation,97
window_1_4,5,inner_validation,103
window_1_4,5,outer_test,15
window_1_4,5,outer_test,23
window_1_4,5,outer_test,50
window_1_4,5,outer_test,53
window_1_4,5,outer_test,58
window_1_4,5,outer_test,59
window_1_4,5,outer_test,80
window_1_4,5,outer_test,90
window_1_4,5,outer_test,94
window_1_4,5,outer_test,99
window_1_4,6,inner_train,1
window_1_4,6,inner_train,3
window_1_4,6,inner_train,4
window_1_4,6,inner_train,5
window_1_4,6,inner_train,6
window_1_4,6,inner_train,8
window_1_4,6,inner_train,9
window_1_4,6,inner_train,12
window_1_4,6,inner_train,15
window_1_4,6,inner_train,16
window_1_4,6,inner_train,17
window_1_4,6,inner_train,18
window_1_4,6,inner_train,19
window_1_4,6,inner_train,22
window_1_4,6,inner_train,23
window_1_4,6,inner_train,24
window_1_4,6,inner_train,25
window_1_4,6,inner_train,26
window_1_4,6,inner_train,27
window_1_4,6,inner_train,30
window_1_4,6,inner_train,31
window_1_4,6,inner_train,32
window_1_4,6,inner_train,33
window_1_4,6,inner_train,34
window_1_4,6,inner_train,35
window_1_4,6,inner_train,36
window_1_4,6,inner_train,37
window_1_4,6,inner_train,38
window_1_4,6,inner_train,39
window_1_4,6,inner_train,40
window_1_4,6,inner_train,41
window_1_4,6,inner_train,42
window_1_4,6,inner_train,44
window_1_4,6,inner_train,45
window_1_4,6,inner_train,46
window_1_4,6,inner_train,49
window_1_4,6,inner_train,51
window_1_4,6,inner_train,52
window_1_4,6,inner_train,53
window_1_4,6,inner_train,54
window_1_4,6,inner_train,55
window_1_4,6,inner_train,56
window_1_4,6,inner_train,57
window_1_4,6,inner_train,58
window_1_4,6,inner_train,59
window_1_4,6,inner_train,60
window_1_4,6,inner_train,61
window_1_4,6,inner_train,62
window_1_4,6,inner_train,64
window_1_4,6,inner_train,65
window_1_4,6,inner_train,66
window_1_4,6,inner_train,67
window_1_4,6,inner_train,68
window_1_4,6,inner_train,69
window_1_4,6,inner_train,70
window_1_4,6,inner_train,72
window_1_4,6,inner_train,73
window_1_4,6,inner_train,74
window_1_4,6,inner_train,75
window_1_4,6,inner_train,76
window_1_4,6,inner_train,77
window_1_4,6,inner_train,78
window_1_4,6,inner_train,79
window_1_4,6,inner_train,80
window_1_4,6,inner_train,81
window_1_4,6,inner_train,82
window_1_4,6,inner_train,85
window_1_4,6,inner_train,87
window_1_4,6,inner_train,90
window_1_4,6,inner_train,93
window_1_4,6,inner_train,94
window_1_4,6,inner_train,96
window_1_4,6,inner_train,97
window_1_4,6,inner_train,102
window_1_4,6,inner_train,105
window_1_4,6,inner_train,106
window_1_4,6,inner_train,107
window_1_4,6,inner_train,108
window_1_4,6,inner_train,109
window_1_4,6,inner_validation,7
window_1_4,6,inner_validation,10
window_1_4,6,inner_validation,11
window_1_4,6,inner_validation,14
window_1_4,6,inner_validation,21
window_1_4,6,inner_validation,28
window_1_4,6,inner_validation,48
window_1_4,6,inner_validation,50
window_1_4,6,inner_validation,63
window_1_4,6,inner_validation,86
window_1_4,6,inner_validation,91
window_1_4,6,inner_validation,95
window_1_4,6,inner_validation,99
window_1_4,6,inner_validation,103
window_1_4,6,outer_test,2
window_1_4,6,outer_test,13
window_1_4,6,outer_test,20
window_1_4,6,outer_test,29
window_1_4,6,outer_test,47
window_1_4,6,outer_test,71
window_1_4,6,outer_test,83
window_1_4,6,outer_test,84
window_1_4,6,outer_test,98
window_1_4,6,outer_test,101
window_1_4,7,inner_train,3
window_1_4,7,inner_train,4
window_1_4,7,inner_train,7
window_1_4,7,inner_train,8
window_1_4,7,inner_train,9
window_1_4,7,inner_train,10
window_1_4,7,inner_train,11
window_1_4,7,inner_train,12
window_1_4,7,inner_train,13
window_1_4,7,inner_train,14
window_1_4,7,inner_train,15
window_1_4,7,inner_train,16
window_1_4,7,inner_train,17
window_1_4,7,inner_train,18
window_1_4,7,inner_train,19
window_1_4,7,inner_train,20
window_1_4,7,inner_train,21
window_1_4,7,inner_train,22
window_1_4,7,inner_train,23
window_1_4,7,inner_train,24
window_1_4,7,inner_train,26
window_1_4,7,inner_train,27
window_1_4,7,inner_train,29
window_1_4,7,inner_train,30
window_1_4,7,inner_train,32
window_1_4,7,inner_train,33
window_1_4,7,inner_train,34
window_1_4,7,inner_train,35
window_1_4,7,inner_train,36
window_1_4,7,inner_train,38
window_1_4,7,inner_train,39
window_1_4,7,inner_train,40
window_1_4,7,inner_train,41
window_1_4,7,inner_train,42
window_1_4,7,inner_train,45
window_1_4,7,inner_train,46
window_1_4,7,inner_train,47
window_1_4,7,inner_train,48
window_1_4,7,inner_train,49
window_1_4,7,inner_train,50
window_1_4,7,inner_train,51
window_1_4,7,inner_train,52
window_1_4,7,inner_train,53
window_1_4,7,inner_train,55
window_1_4,7,inner_train,57
window_1_4,7,inner_train,58
window_1_4,7,inner_train,59
window_1_4,7,inner_train,61
window_1_4,7,inner_train,62
window_1_4,7,inner_train,63
window_1_4,7,inner_train,67
window_1_4,7,inner_train,69
window_1_4,7,inner_train,70
window_1_4,7,inner_train,71
window_1_4,7,inner_train,72
window_1_4,7,inner_train,73
window_1_4,7,inner_train,77
window_1_4,7,inner_train,78
window_1_4,7,inner_train,79
window_1_4,7,inner_train,80
window_1_4,7,inner_train,81
window_1_4,7,inner_train,82
window_1_4,7,inner_train,84
window_1_4,7,inner_train,85
window_1_4,7,inner_train,87
window_1_4,7,inner_train,90
window_1_4,7,inner_train,93
window_1_4,7,inner_train,94
window_1_4,7,inner_train,95
window_1_4,7,inner_train,96
window_1_4,7,inner_train,98
window_1_4,7,inner_train,99
window_1_4,7,inner_train,101
window_1_4,7,inner_train,105
window_1_4,7,inner_train,106
window_1_4,7,inner_train,107
window_1_4,7,inner_train,108
window_1_4,7,inner_train,109
window_1_4,7,inner_validation,1
window_1_4,7,inner_validation,2
window_1_4,7,inner_validation,25
window_1_4,7,inner_validation,28
window_1_4,7,inner_validation,31
window_1_4,7,inner_validation,54
window_1_4,7,inner_validation,56
window_1_4,7,inner_validation,66
window_1_4,7,inner_validation,74
window_1_4,7,inner_validation,75
window_1_4,7,inner_validation,76
window_1_4,7,inner_validation,83
window_1_4,7,inner_validation,86
window_1_4,7,inner_validation,103
window_1_4,7,outer_test,5
window_1_4,7,outer_test,6
window_1_4,7,outer_test,37
window_1_4,7,outer_test,44
window_1_4,7,outer_test,60
window_1_4,7,outer_test,64
window_1_4,7,outer_test,65
window_1_4,7,outer_test,68
window_1_4,7,outer_test,91
window_1_4,7,outer_test,97
window_1_4,7,outer_test,102
window_1_4,8,inner_train,1
window_1_4,8,inner_train,2
window_1_4,8,inner_train,3
window_1_4,8,inner_train,4
window_1_4,8,inner_train,5
window_1_4,8,inner_train,6
window_1_4,8,inner_train,8
window_1_4,8,inner_train,9
window_1_4,8,inner_train,11
window_1_4,8,inner_train,12
window_1_4,8,inner_train,13
window_1_4,8,inner_train,14
window_1_4,8,inner_train,15
window_1_4,8,inner_train,16
window_1_4,8,inner_train,18
window_1_4,8,inner_train,22
window_1_4,8,inner_train,23
window_1_4,8,inner_train,25
window_1_4,8,inner_train,27
window_1_4,8,inner_train,28
window_1_4,8,inner_train,29
window_1_4,8,inner_train,30
window_1_4,8,inner_train,31
window_1_4,8,inner_train,32
window_1_4,8,inner_train,33
window_1_4,8,inner_train,34
window_1_4,8,inner_train,35
window_1_4,8,inner_train,36
window_1_4,8,inner_train,37
window_1_4,8,inner_train,38
window_1_4,8,inner_train,39
window_1_4,8,inner_train,40
window_1_4,8,inner_train,41
window_1_4,8,inner_train,42
window_1_4,8,inner_train,44
window_1_4,8,inner_train,46
window_1_4,8,inner_train,48
window_1_4,8,inner_train,49
window_1_4,8,inner_train,50
window_1_4,8,inner_train,51
window_1_4,8,inner_train,52
window_1_4,8,inner_train,53
window_1_4,8,inner_train,54
window_1_4,8,inner_train,55
window_1_4,8,inner_train,57
window_1_4,8,inner_train,58
window_1_4,8,inner_train,59
window_1_4,8,inner_train,60
window_1_4,8,inner_train,62
window_1_4,8,inner_train,67
window_1_4,8,inner_train,68
window_1_4,8,inner_train,71
window_1_4,8,inner_train,72
window_1_4,8,inner_train,75
window_1_4,8,inner_train,76
window_1_4,8,inner_train,77
window_1_4,8,inner_train,78
window_1_4,8,inner_train,79
window_1_4,8,inner_train,80
window_1_4,8,inner_train,81
window_1_4,8,inner_train,82
window_1_4,8,inner_train,84
window_1_4,8,inner_train,85
window_1_4,8,inner_train,90
window_1_4,8,inner_train,91
window_1_4,8,inner_train,93
window_1_4,8,inner_train,94
window_1_4,8,inner_train,96
window_1_4,8,inner_train,97
window_1_4,8,inner_train,99
window_1_4,8,inner_train,101
window_1_4,8,inner_train,102
window_1_4,8,inner_train,103
window_1_4,8,inner_train,105
window_1_4,8,inner_train,106
window_1_4,8,inner_train,107
window_1_4,8,inner_train,108
window_1_4,8,inner_train,109
window_1_4,8,inner_validation,10
window_1_4,8,inner_validation,19
window_1_4,8,inner_validation,20
window_1_4,8,inner_validation,21
window_1_4,8,inner_validation,24
window_1_4,8,inner_validation,45
window_1_4,8,inner_validation,47
window_1_4,8,inner_validation,61
window_1_4,8,inner_validation,64
window_1_4,8,inner_validation,65
window_1_4,8,inner_validation,66
window_1_4,8,inner_validation,83
window_1_4,8,inner_validation,86
window_1_4,8,inner_validation,98
window_1_4,8,outer_test,7
window_1_4,8,outer_test,17
window_1_4,8,outer_test,26
window_1_4,8,outer_test,56
window_1_4,8,outer_test,63
window_1_4,8,outer_test,69
window_1_4,8,outer_test,70
window_1_4,8,outer_test,73
window_1_4,8,outer_test,74
window_1_4,8,outer_test,87
window_1_4,8,outer_test,95
window_1_4,9,inner_train,2
window_1_4,9,inner_train,4
window_1_4,9,inner_train,6
window_1_4,9,inner_train,7
window_1_4,9,inner_train,8
window_1_4,9,inner_train,9
window_1_4,9,inner_train,10
window_1_4,9,inner_train,12
window_1_4,9,inner_train,13
window_1_4,9,inner_train,16
window_1_4,9,inner_train,17
window_1_4,9,inner_train,18
window_1_4,9,inner_train,19
window_1_4,9,inner_train,20
window_1_4,9,inner_train,21
window_1_4,9,inner_train,24
window_1_4,9,inner_train,25
window_1_4,9,inner_train,26
window_1_4,9,inner_train,27
window_1_4,9,inner_train,28
window_1_4,9,inner_train,29
window_1_4,9,inner_train,30
window_1_4,9,inner_train,31
window_1_4,9,inner_train,32
window_1_4,9,inner_train,33
window_1_4,9,inner_train,34
window_1_4,9,inner_train,35
window_1_4,9,inner_train,36
window_1_4,9,inner_train,37
window_1_4,9,inner_train,38
window_1_4,9,inner_train,40
window_1_4,9,inner_train,41
window_1_4,9,inner_train,42
window_1_4,9,inner_train,44
window_1_4,9,inner_train,45
window_1_4,9,inner_train,46
window_1_4,9,inner_train,47
window_1_4,9,inner_train,48
window_1_4,9,inner_train,49
window_1_4,9,inner_train,51
window_1_4,9,inner_train,53
window_1_4,9,inner_train,55
window_1_4,9,inner_train,57
window_1_4,9,inner_train,58
window_1_4,9,inner_train,59
window_1_4,9,inner_train,60
window_1_4,9,inner_train,61
window_1_4,9,inner_train,62
window_1_4,9,inner_train,63
window_1_4,9,inner_train,64
window_1_4,9,inner_train,65
window_1_4,9,inner_train,66
window_1_4,9,inner_train,67
window_1_4,9,inner_train,68
window_1_4,9,inner_train,69
window_1_4,9,inner_train,70
window_1_4,9,inner_train,74
window_1_4,9,inner_train,75
window_1_4,9,inner_train,78
window_1_4,9,inner_train,79
window_1_4,9,inner_train,83
window_1_4,9,inner_train,84
window_1_4,9,inner_train,86
window_1_4,9,inner_train,87
window_1_4,9,inner_train,90
window_1_4,9,inner_train,91
window_1_4,9,inner_train,93
window_1_4,9,inner_train,94
window_1_4,9,inner_train,95
window_1_4,9,inner_train,97
window_1_4,9,inner_train,98
window_1_4,9,inner_train,99
window_1_4,9,inner_train,101
window_1_4,9,inner_train,103
window_1_4,9,inner_train,105
window_1_4,9,inner_train,106
window_1_4,9,inner_train,107
window_1_4,9,inner_train,108
window_1_4,9,inner_validation,1
window_1_4,9,inner_validation,3
window_1_4,9,inner_validation,5
window_1_4,9,inner_validation,15
window_1_4,9,inner_validation,23
window_1_4,9,inner_validation,50
window_1_4,9,inner_validation,54
window_1_4,9,inner_validation,56
window_1_4,9,inner_validation,71
window_1_4,9,inner_validation,73
window_1_4,9,inner_validation,80
window_1_4,9,inner_validation,82
window_1_4,9,inner_validation,96
window_1_4,9,inner_validation,102
window_1_4,9,outer_test,11
window_1_4,9,outer_test,14
window_1_4,9,outer_test,22
window_1_4,9,outer_test,39
window_1_4,9,outer_test,52
window_1_4,9,outer_test,72
window_1_4,9,outer_test,76
window_1_4,9,outer_test,77
window_1_4,9,outer_test,81
window_1_4,9,outer_test,85
window_1_4,9,outer_test,109
window_1_4,10,inner_train,2
window_1_4,10,inner_train,3
window_1_4,10,inner_train,5
window_1_4,10,inner_train,6
window_1_4,10,inner_train,7
window_1_4,10,inner_train,8
window_1_4,10,inner_train,9
window_1_4,10,inner_train,11
window_1_4,10,inner_train,13
window_1_4,10,inner_train,14
window_1_4,10,inner_train,15
window_1_4,10,inner_train,16
window_1_4,10,inner_train,17
window_1_4,10,inner_train,18
window_1_4,10,inner_train,19
window_1_4,10,inner_train,20
window_1_4,10,inner_train,21
window_1_4,10,inner_train,23
window_1_4,10,inner_train,24
window_1_4,10,inner_train,25
window_1_4,10,inner_train,26
window_1_4,10,inner_train,28
window_1_4,10,inner_train,29
window_1_4,10,inner_train,32
window_1_4,10,inner_train,33
window_1_4,10,inner_train,35
window_1_4,10,inner_train,36
window_1_4,10,inner_train,37
window_1_4,10,inner_train,39
window_1_4,10,inner_train,40
window_1_4,10,inner_train,41
window_1_4,10,inner_train,42
window_1_4,10,inner_train,44
window_1_4,10,inner_train,45
window_1_4,10,inner_train,46
window_1_4,10,inner_train,47
window_1_4,10,inner_train,48
window_1_4,10,inner_train,49
window_1_4,10,inner_train,50
window_1_4,10,inner_train,52
window_1_4,10,inner_train,53
window_1_4,10,inner_train,54
window_1_4,10,inner_train,55
window_1_4,10,inner_train,58
window_1_4,10,inner_train,60
window_1_4,10,inner_train,61
window_1_4,10,inner_train,62
window_1_4,10,inner_train,64
window_1_4,10,inner_train,65
window_1_4,10,inner_train,66
window_1_4,10,inner_train,67
window_1_4,10,inner_train,68
window_1_4,10,inner_train,69
window_1_4,10,inner_train,70
window_1_4,10,inner_train,71
window_1_4,10,inner_train,72
window_1_4,10,inner_train,74
window_1_4,10,inner_train,76
window_1_4,10,inner_train,77
window_1_4,10,inner_train,79
window_1_4,10,inner_train,80
window_1_4,10,inner_train,81
window_1_4,10,inner_train,84
window_1_4,10,inner_train,85
window_1_4,10,inner_train,86
window_1_4,10,inner_train,87
window_1_4,10,inner_train,90
window_1_4,10,inner_train,91
window_1_4,10,inner_train,94
window_1_4,10,inner_train,95
window_1_4,10,inner_train,96
window_1_4,10,inner_train,97
window_1_4,10,inner_train,98
window_1_4,10,inner_train,99
window_1_4,10,inner_train,101
window_1_4,10,inner_train,105
window_1_4,10,inner_train,107
window_1_4,10,inner_train,108
window_1_4,10,inner_train,109
window_1_4,10,inner_validation,4
window_1_4,10,inner_validation,10
window_1_4,10,inner_validation,22
window_1_4,10,inner_validation,27
window_1_4,10,inner_validation,31
window_1_4,10,inner_validation,51
window_1_4,10,inner_validation,56
window_1_4,10,inner_validation,59
window_1_4,10,inner_validation,63
window_1_4,10,inner_validation,73
window_1_4,10,inner_validation,75
window_1_4,10,inner_validation,82
window_1_4,10,inner_validation,83
window_1_4,10,inner_validation,102
window_1_4,10,outer_test,1
window_1_4,10,outer_test,12
window_1_4,10,outer_test,30
window_1_4,10,outer_test,34
window_1_4,10,outer_test,38
window_1_4,10,outer_test,57
window_1_4,10,outer_test,78
window_1_4,10,outer_test,93
window_1_4,10,outer_test,103
window_1_4,10,outer_test,106
